timestamp,pod,container,memory_bytes,phase
2026-08-05T17:27:21Z,compare-am-gp-n3-4-16-i-adv-mysql-0,mysql,13354459136,idle
2026-08-05T17:27:21Z,compare-am-gp-n3-4-16-i-adv-mysql-0,mysqld-exporter,16228352,idle
2026-08-05T17:27:21Z,compare-am-gp-n3-4-16-i-adv-mysql-0,slow-log-tailer,1986560,idle
2026-08-05T17:27:21Z,compare-am-gp-n3-4-16-i-adv-mysql-0,do-agent,-1,idle
2026-08-05T17:27:21Z,compare-am-gp-n3-4-16-i-adv-mysql-0,xtrabackup,19746816,idle
2026-08-05T17:27:21Z,compare-am-gp-n3-4-16-i-adv-mysql-1,mysql,13163978752,idle
2026-08-05T17:27:21Z,compare-am-gp-n3-4-16-i-adv-mysql-1,mysqld-exporter,15745024,idle
2026-08-05T17:27:21Z,compare-am-gp-n3-4-16-i-adv-mysql-1,slow-log-tailer,6516736,idle
2026-08-05T17:27:21Z,compare-am-gp-n3-4-16-i-adv-mysql-1,do-agent,-1,idle
2026-08-05T17:27:21Z,compare-am-gp-n3-4-16-i-adv-mysql-1,xtrabackup,24907776,idle
2026-08-05T17:27:21Z,compare-am-gp-n3-4-16-i-adv-mysql-2,mysql,13474455552,idle
2026-08-05T17:27:21Z,compare-am-gp-n3-4-16-i-adv-mysql-2,mysqld-exporter,15028224,idle
2026-08-05T17:27:21Z,compare-am-gp-n3-4-16-i-adv-mysql-2,slow-log-tailer,2310144,idle
2026-08-05T17:27:21Z,compare-am-gp-n3-4-16-i-adv-mysql-2,do-agent,-1,idle
2026-08-05T17:27:21Z,compare-am-gp-n3-4-16-i-adv-mysql-2,xtrabackup,24489984,idle
2026-08-05T17:27:53Z,compare-am-gp-n3-4-16-i-adv-mysql-0,mysql,13338488832,baseline
2026-08-05T17:27:53Z,compare-am-gp-n3-4-16-i-adv-mysql-0,mysqld-exporter,16179200,baseline
2026-08-05T17:27:53Z,compare-am-gp-n3-4-16-i-adv-mysql-0,slow-log-tailer,2093056,baseline
2026-08-05T17:27:53Z,compare-am-gp-n3-4-16-i-adv-mysql-0,do-agent,-1,baseline
2026-08-05T17:27:53Z,compare-am-gp-n3-4-16-i-adv-mysql-0,xtrabackup,19632128,baseline
2026-08-05T17:27:53Z,compare-am-gp-n3-4-16-i-adv-mysql-1,mysql,13164040192,baseline
2026-08-05T17:27:53Z,compare-am-gp-n3-4-16-i-adv-mysql-1,mysqld-exporter,15740928,baseline
2026-08-05T17:27:53Z,compare-am-gp-n3-4-16-i-adv-mysql-1,slow-log-tailer,6504448,baseline
2026-08-05T17:27:53Z,compare-am-gp-n3-4-16-i-adv-mysql-1,do-agent,-1,baseline
2026-08-05T17:27:53Z,compare-am-gp-n3-4-16-i-adv-mysql-1,xtrabackup,25124864,baseline
2026-08-05T17:27:53Z,compare-am-gp-n3-4-16-i-adv-mysql-2,mysql,13469351936,baseline
2026-08-05T17:27:53Z,compare-am-gp-n3-4-16-i-adv-mysql-2,mysqld-exporter,14962688,baseline
2026-08-05T17:27:53Z,compare-am-gp-n3-4-16-i-adv-mysql-2,slow-log-tailer,2265088,baseline
2026-08-05T17:27:53Z,compare-am-gp-n3-4-16-i-adv-mysql-2,do-agent,-1,baseline
2026-08-05T17:27:53Z,compare-am-gp-n3-4-16-i-adv-mysql-2,xtrabackup,24477696,baseline
2026-08-05T17:28:26Z,compare-am-gp-n3-4-16-i-adv-mysql-0,mysql,13338247168,baseline
2026-08-05T17:28:26Z,compare-am-gp-n3-4-16-i-adv-mysql-0,mysqld-exporter,16252928,baseline
2026-08-05T17:28:26Z,compare-am-gp-n3-4-16-i-adv-mysql-0,slow-log-tailer,2060288,baseline
2026-08-05T17:28:26Z,compare-am-gp-n3-4-16-i-adv-mysql-0,do-agent,-1,baseline
2026-08-05T17:28:26Z,compare-am-gp-n3-4-16-i-adv-mysql-0,xtrabackup,19689472,baseline
2026-08-05T17:28:26Z,compare-am-gp-n3-4-16-i-adv-mysql-1,mysql,13123915776,baseline
2026-08-05T17:28:26Z,compare-am-gp-n3-4-16-i-adv-mysql-1,mysqld-exporter,15712256,baseline
2026-08-05T17:28:26Z,compare-am-gp-n3-4-16-i-adv-mysql-1,slow-log-tailer,6938624,baseline
2026-08-05T17:28:26Z,compare-am-gp-n3-4-16-i-adv-mysql-1,do-agent,-1,baseline
2026-08-05T17:28:26Z,compare-am-gp-n3-4-16-i-adv-mysql-1,xtrabackup,25108480,baseline
2026-08-05T17:28:26Z,compare-am-gp-n3-4-16-i-adv-mysql-2,mysql,13459173376,baseline
2026-08-05T17:28:26Z,compare-am-gp-n3-4-16-i-adv-mysql-2,mysqld-exporter,14909440,baseline
2026-08-05T17:28:26Z,compare-am-gp-n3-4-16-i-adv-mysql-2,slow-log-tailer,1912832,baseline
2026-08-05T17:28:26Z,compare-am-gp-n3-4-16-i-adv-mysql-2,do-agent,-1,baseline
2026-08-05T17:28:26Z,compare-am-gp-n3-4-16-i-adv-mysql-2,xtrabackup,24477696,baseline
2026-08-05T17:28:59Z,compare-am-gp-n3-4-16-i-adv-mysql-0,mysql,13338304512,baseline
2026-08-05T17:28:59Z,compare-am-gp-n3-4-16-i-adv-mysql-0,mysqld-exporter,16175104,baseline
2026-08-05T17:28:59Z,compare-am-gp-n3-4-16-i-adv-mysql-0,slow-log-tailer,2048000,baseline
2026-08-05T17:28:59Z,compare-am-gp-n3-4-16-i-adv-mysql-0,do-agent,-1,baseline
2026-08-05T17:28:59Z,compare-am-gp-n3-4-16-i-adv-mysql-0,xtrabackup,19812352,baseline
2026-08-05T17:28:59Z,compare-am-gp-n3-4-16-i-adv-mysql-1,mysql,13123940352,baseline
2026-08-05T17:28:59Z,compare-am-gp-n3-4-16-i-adv-mysql-1,mysqld-exporter,15724544,baseline
2026-08-05T17:28:59Z,compare-am-gp-n3-4-16-i-adv-mysql-1,slow-log-tailer,6582272,baseline
2026-08-05T17:28:59Z,compare-am-gp-n3-4-16-i-adv-mysql-1,do-agent,-1,baseline
2026-08-05T17:28:59Z,compare-am-gp-n3-4-16-i-adv-mysql-1,xtrabackup,25071616,baseline
2026-08-05T17:28:59Z,compare-am-gp-n3-4-16-i-adv-mysql-2,mysql,13459132416,baseline
2026-08-05T17:28:59Z,compare-am-gp-n3-4-16-i-adv-mysql-2,mysqld-exporter,15282176,baseline
2026-08-05T17:28:59Z,compare-am-gp-n3-4-16-i-adv-mysql-2,slow-log-tailer,1843200,baseline
2026-08-05T17:28:59Z,compare-am-gp-n3-4-16-i-adv-mysql-2,do-agent,-1,baseline
2026-08-05T17:28:59Z,compare-am-gp-n3-4-16-i-adv-mysql-2,xtrabackup,24559616,baseline
2026-08-05T17:29:32Z,compare-am-gp-n3-4-16-i-adv-mysql-0,mysql,13344034816,baseline
2026-08-05T17:29:32Z,compare-am-gp-n3-4-16-i-adv-mysql-0,mysqld-exporter,16400384,baseline
2026-08-05T17:29:32Z,compare-am-gp-n3-4-16-i-adv-mysql-0,slow-log-tailer,1875968,baseline
2026-08-05T17:29:32Z,compare-am-gp-n3-4-16-i-adv-mysql-0,do-agent,-1,baseline
2026-08-05T17:29:32Z,compare-am-gp-n3-4-16-i-adv-mysql-0,xtrabackup,19832832,baseline
2026-08-05T17:29:32Z,compare-am-gp-n3-4-16-i-adv-mysql-1,mysql,13120716800,baseline
2026-08-05T17:29:32Z,compare-am-gp-n3-4-16-i-adv-mysql-1,mysqld-exporter,15720448,baseline
2026-08-05T17:29:32Z,compare-am-gp-n3-4-16-i-adv-mysql-1,slow-log-tailer,6713344,baseline
2026-08-05T17:29:32Z,compare-am-gp-n3-4-16-i-adv-mysql-1,do-agent,-1,baseline
2026-08-05T17:29:32Z,compare-am-gp-n3-4-16-i-adv-mysql-1,xtrabackup,25059328,baseline
2026-08-05T17:29:32Z,compare-am-gp-n3-4-16-i-adv-mysql-2,mysql,13458595840,baseline
2026-08-05T17:29:32Z,compare-am-gp-n3-4-16-i-adv-mysql-2,mysqld-exporter,15036416,baseline
2026-08-05T17:29:32Z,compare-am-gp-n3-4-16-i-adv-mysql-2,slow-log-tailer,2048000,baseline
2026-08-05T17:29:32Z,compare-am-gp-n3-4-16-i-adv-mysql-2,do-agent,-1,baseline
2026-08-05T17:29:32Z,compare-am-gp-n3-4-16-i-adv-mysql-2,xtrabackup,24449024,baseline
2026-08-05T17:30:05Z,compare-am-gp-n3-4-16-i-adv-mysql-0,mysql,13345427456,baseline
2026-08-05T17:30:05Z,compare-am-gp-n3-4-16-i-adv-mysql-0,mysqld-exporter,16207872,baseline
2026-08-05T17:30:05Z,compare-am-gp-n3-4-16-i-adv-mysql-0,slow-log-tailer,2158592,baseline
2026-08-05T17:30:05Z,compare-am-gp-n3-4-16-i-adv-mysql-0,do-agent,-1,baseline
2026-08-05T17:30:05Z,compare-am-gp-n3-4-16-i-adv-mysql-0,xtrabackup,19914752,baseline
2026-08-05T17:30:05Z,compare-am-gp-n3-4-16-i-adv-mysql-1,mysql,13118480384,baseline
2026-08-05T17:30:05Z,compare-am-gp-n3-4-16-i-adv-mysql-1,mysqld-exporter,15568896,baseline
2026-08-05T17:30:05Z,compare-am-gp-n3-4-16-i-adv-mysql-1,slow-log-tailer,6660096,baseline
2026-08-05T17:30:05Z,compare-am-gp-n3-4-16-i-adv-mysql-1,do-agent,-1,baseline
2026-08-05T17:30:05Z,compare-am-gp-n3-4-16-i-adv-mysql-1,xtrabackup,24907776,baseline
2026-08-05T17:30:05Z,compare-am-gp-n3-4-16-i-adv-mysql-2,mysql,13458604032,baseline
2026-08-05T17:30:05Z,compare-am-gp-n3-4-16-i-adv-mysql-2,mysqld-exporter,14901248,baseline
2026-08-05T17:30:05Z,compare-am-gp-n3-4-16-i-adv-mysql-2,slow-log-tailer,2109440,baseline
2026-08-05T17:30:05Z,compare-am-gp-n3-4-16-i-adv-mysql-2,do-agent,-1,baseline
2026-08-05T17:30:05Z,compare-am-gp-n3-4-16-i-adv-mysql-2,xtrabackup,24424448,baseline
2026-08-05T17:30:38Z,compare-am-gp-n3-4-16-i-adv-mysql-0,mysql,13343969280,baseline
2026-08-05T17:30:38Z,compare-am-gp-n3-4-16-i-adv-mysql-0,mysqld-exporter,16220160,baseline
2026-08-05T17:30:38Z,compare-am-gp-n3-4-16-i-adv-mysql-0,slow-log-tailer,2023424,baseline
2026-08-05T17:30:38Z,compare-am-gp-n3-4-16-i-adv-mysql-0,do-agent,-1,baseline
2026-08-05T17:30:38Z,compare-am-gp-n3-4-16-i-adv-mysql-0,xtrabackup,19886080,baseline
2026-08-05T17:30:38Z,compare-am-gp-n3-4-16-i-adv-mysql-1,mysql,13112020992,baseline
2026-08-05T17:30:38Z,compare-am-gp-n3-4-16-i-adv-mysql-1,mysqld-exporter,15446016,baseline
2026-08-05T17:30:38Z,compare-am-gp-n3-4-16-i-adv-mysql-1,slow-log-tailer,6541312,baseline
2026-08-05T17:30:38Z,compare-am-gp-n3-4-16-i-adv-mysql-1,do-agent,-1,baseline
2026-08-05T17:30:38Z,compare-am-gp-n3-4-16-i-adv-mysql-1,xtrabackup,24977408,baseline
2026-08-05T17:30:38Z,compare-am-gp-n3-4-16-i-adv-mysql-2,mysql,13458055168,baseline
2026-08-05T17:30:38Z,compare-am-gp-n3-4-16-i-adv-mysql-2,mysqld-exporter,14897152,baseline
2026-08-05T17:30:38Z,compare-am-gp-n3-4-16-i-adv-mysql-2,slow-log-tailer,2015232,baseline
2026-08-05T17:30:38Z,compare-am-gp-n3-4-16-i-adv-mysql-2,do-agent,-1,baseline
2026-08-05T17:30:38Z,compare-am-gp-n3-4-16-i-adv-mysql-2,xtrabackup,24453120,baseline
2026-08-05T17:31:11Z,compare-am-gp-n3-4-16-i-adv-mysql-0,mysql,13343891456,baseline
2026-08-05T17:31:11Z,compare-am-gp-n3-4-16-i-adv-mysql-0,mysqld-exporter,15998976,baseline
2026-08-05T17:31:11Z,compare-am-gp-n3-4-16-i-adv-mysql-0,slow-log-tailer,1855488,baseline
2026-08-05T17:31:11Z,compare-am-gp-n3-4-16-i-adv-mysql-0,do-agent,-1,baseline
2026-08-05T17:31:11Z,compare-am-gp-n3-4-16-i-adv-mysql-0,xtrabackup,19718144,baseline
2026-08-05T17:31:11Z,compare-am-gp-n3-4-16-i-adv-mysql-1,mysql,13110452224,baseline
2026-08-05T17:31:11Z,compare-am-gp-n3-4-16-i-adv-mysql-1,mysqld-exporter,16273408,baseline
2026-08-05T17:31:11Z,compare-am-gp-n3-4-16-i-adv-mysql-1,slow-log-tailer,7110656,baseline
2026-08-05T17:31:11Z,compare-am-gp-n3-4-16-i-adv-mysql-1,do-agent,-1,baseline
2026-08-05T17:31:11Z,compare-am-gp-n3-4-16-i-adv-mysql-1,xtrabackup,25120768,baseline
2026-08-05T17:31:11Z,compare-am-gp-n3-4-16-i-adv-mysql-2,mysql,13459345408,baseline
2026-08-05T17:31:11Z,compare-am-gp-n3-4-16-i-adv-mysql-2,mysqld-exporter,16203776,baseline
2026-08-05T17:31:11Z,compare-am-gp-n3-4-16-i-adv-mysql-2,slow-log-tailer,1970176,baseline
2026-08-05T17:31:11Z,compare-am-gp-n3-4-16-i-adv-mysql-2,do-agent,-1,baseline
2026-08-05T17:31:11Z,compare-am-gp-n3-4-16-i-adv-mysql-2,xtrabackup,24559616,baseline
2026-08-05T17:31:44Z,compare-am-gp-n3-4-16-i-adv-mysql-0,mysql,13355917312,baseline
2026-08-05T17:31:44Z,compare-am-gp-n3-4-16-i-adv-mysql-0,mysqld-exporter,15609856,baseline
2026-08-05T17:31:44Z,compare-am-gp-n3-4-16-i-adv-mysql-0,slow-log-tailer,2146304,baseline
2026-08-05T17:31:44Z,compare-am-gp-n3-4-16-i-adv-mysql-0,do-agent,-1,baseline
2026-08-05T17:31:44Z,compare-am-gp-n3-4-16-i-adv-mysql-0,xtrabackup,19812352,baseline
2026-08-05T17:31:44Z,compare-am-gp-n3-4-16-i-adv-mysql-1,mysql,13110386688,baseline
2026-08-05T17:31:44Z,compare-am-gp-n3-4-16-i-adv-mysql-1,mysqld-exporter,15929344,baseline
2026-08-05T17:31:44Z,compare-am-gp-n3-4-16-i-adv-mysql-1,slow-log-tailer,6529024,baseline
2026-08-05T17:31:44Z,compare-am-gp-n3-4-16-i-adv-mysql-1,do-agent,-1,baseline
2026-08-05T17:31:44Z,compare-am-gp-n3-4-16-i-adv-mysql-1,xtrabackup,25055232,baseline
2026-08-05T17:31:44Z,compare-am-gp-n3-4-16-i-adv-mysql-2,mysql,13440081920,baseline
2026-08-05T17:31:44Z,compare-am-gp-n3-4-16-i-adv-mysql-2,mysqld-exporter,15220736,baseline
2026-08-05T17:31:44Z,compare-am-gp-n3-4-16-i-adv-mysql-2,slow-log-tailer,1863680,baseline
2026-08-05T17:31:44Z,compare-am-gp-n3-4-16-i-adv-mysql-2,do-agent,-1,baseline
2026-08-05T17:31:44Z,compare-am-gp-n3-4-16-i-adv-mysql-2,xtrabackup,24588288,baseline
2026-08-05T17:32:17Z,compare-am-gp-n3-4-16-i-adv-mysql-0,mysql,13355528192,baseline
2026-08-05T17:32:17Z,compare-am-gp-n3-4-16-i-adv-mysql-0,mysqld-exporter,15699968,baseline
2026-08-05T17:32:17Z,compare-am-gp-n3-4-16-i-adv-mysql-0,slow-log-tailer,2068480,baseline
2026-08-05T17:32:17Z,compare-am-gp-n3-4-16-i-adv-mysql-0,do-agent,-1,baseline
2026-08-05T17:32:17Z,compare-am-gp-n3-4-16-i-adv-mysql-0,xtrabackup,19779584,baseline
2026-08-05T17:32:17Z,compare-am-gp-n3-4-16-i-adv-mysql-1,mysql,13110276096,baseline
2026-08-05T17:32:17Z,compare-am-gp-n3-4-16-i-adv-mysql-1,mysqld-exporter,15794176,baseline
2026-08-05T17:32:17Z,compare-am-gp-n3-4-16-i-adv-mysql-1,slow-log-tailer,6717440,baseline
2026-08-05T17:32:17Z,compare-am-gp-n3-4-16-i-adv-mysql-1,do-agent,-1,baseline
2026-08-05T17:32:17Z,compare-am-gp-n3-4-16-i-adv-mysql-1,xtrabackup,25116672,baseline
2026-08-05T17:32:17Z,compare-am-gp-n3-4-16-i-adv-mysql-2,mysql,13436710912,baseline
2026-08-05T17:32:17Z,compare-am-gp-n3-4-16-i-adv-mysql-2,mysqld-exporter,15216640,baseline
2026-08-05T17:32:17Z,compare-am-gp-n3-4-16-i-adv-mysql-2,slow-log-tailer,1974272,baseline
2026-08-05T17:32:17Z,compare-am-gp-n3-4-16-i-adv-mysql-2,do-agent,-1,baseline
2026-08-05T17:32:17Z,compare-am-gp-n3-4-16-i-adv-mysql-2,xtrabackup,24449024,baseline
2026-08-05T17:32:49Z,compare-am-gp-n3-4-16-i-adv-mysql-0,mysql,13360689152,load_50tps
2026-08-05T17:32:49Z,compare-am-gp-n3-4-16-i-adv-mysql-0,mysqld-exporter,16273408,load_50tps
2026-08-05T17:32:49Z,compare-am-gp-n3-4-16-i-adv-mysql-0,slow-log-tailer,1982464,load_50tps
2026-08-05T17:32:49Z,compare-am-gp-n3-4-16-i-adv-mysql-0,do-agent,-1,load_50tps
2026-08-05T17:32:49Z,compare-am-gp-n3-4-16-i-adv-mysql-0,xtrabackup,19705856,load_50tps
2026-08-05T17:32:49Z,compare-am-gp-n3-4-16-i-adv-mysql-1,mysql,13147422720,load_50tps
2026-08-05T17:32:49Z,compare-am-gp-n3-4-16-i-adv-mysql-1,mysqld-exporter,15806464,load_50tps
2026-08-05T17:32:49Z,compare-am-gp-n3-4-16-i-adv-mysql-1,slow-log-tailer,6512640,load_50tps
2026-08-05T17:32:49Z,compare-am-gp-n3-4-16-i-adv-mysql-1,do-agent,-1,load_50tps
2026-08-05T17:32:49Z,compare-am-gp-n3-4-16-i-adv-mysql-1,xtrabackup,25194496,load_50tps
2026-08-05T17:32:49Z,compare-am-gp-n3-4-16-i-adv-mysql-2,mysql,13474734080,load_50tps
2026-08-05T17:32:49Z,compare-am-gp-n3-4-16-i-adv-mysql-2,mysqld-exporter,15265792,load_50tps
2026-08-05T17:32:49Z,compare-am-gp-n3-4-16-i-adv-mysql-2,slow-log-tailer,1970176,load_50tps
2026-08-05T17:32:49Z,compare-am-gp-n3-4-16-i-adv-mysql-2,do-agent,-1,load_50tps
2026-08-05T17:32:49Z,compare-am-gp-n3-4-16-i-adv-mysql-2,xtrabackup,24481792,load_50tps
2026-08-05T17:33:22Z,compare-am-gp-n3-4-16-i-adv-mysql-0,mysql,13380124672,load_50tps
2026-08-05T17:33:22Z,compare-am-gp-n3-4-16-i-adv-mysql-0,mysqld-exporter,16048128,load_50tps
2026-08-05T17:33:22Z,compare-am-gp-n3-4-16-i-adv-mysql-0,slow-log-tailer,2048000,load_50tps
2026-08-05T17:33:22Z,compare-am-gp-n3-4-16-i-adv-mysql-0,do-agent,-1,load_50tps
2026-08-05T17:33:22Z,compare-am-gp-n3-4-16-i-adv-mysql-0,xtrabackup,19947520,load_50tps
2026-08-05T17:33:22Z,compare-am-gp-n3-4-16-i-adv-mysql-1,mysql,13146808320,load_50tps
2026-08-05T17:33:22Z,compare-am-gp-n3-4-16-i-adv-mysql-1,mysqld-exporter,15527936,load_50tps
2026-08-05T17:33:22Z,compare-am-gp-n3-4-16-i-adv-mysql-1,slow-log-tailer,6782976,load_50tps
2026-08-05T17:33:22Z,compare-am-gp-n3-4-16-i-adv-mysql-1,do-agent,-1,load_50tps
2026-08-05T17:33:22Z,compare-am-gp-n3-4-16-i-adv-mysql-1,xtrabackup,25047040,load_50tps
2026-08-05T17:33:22Z,compare-am-gp-n3-4-16-i-adv-mysql-2,mysql,13474381824,load_50tps
2026-08-05T17:33:22Z,compare-am-gp-n3-4-16-i-adv-mysql-2,mysqld-exporter,15388672,load_50tps
2026-08-05T17:33:22Z,compare-am-gp-n3-4-16-i-adv-mysql-2,slow-log-tailer,1933312,load_50tps
2026-08-05T17:33:22Z,compare-am-gp-n3-4-16-i-adv-mysql-2,do-agent,-1,load_50tps
2026-08-05T17:33:22Z,compare-am-gp-n3-4-16-i-adv-mysql-2,xtrabackup,24436736,load_50tps
2026-08-05T17:33:55Z,compare-am-gp-n3-4-16-i-adv-mysql-0,mysql,13353390080,load_50tps
2026-08-05T17:33:55Z,compare-am-gp-n3-4-16-i-adv-mysql-0,mysqld-exporter,16027648,load_50tps
2026-08-05T17:33:55Z,compare-am-gp-n3-4-16-i-adv-mysql-0,slow-log-tailer,1892352,load_50tps
2026-08-05T17:33:55Z,compare-am-gp-n3-4-16-i-adv-mysql-0,do-agent,-1,load_50tps
2026-08-05T17:33:55Z,compare-am-gp-n3-4-16-i-adv-mysql-0,xtrabackup,19800064,load_50tps
2026-08-05T17:33:55Z,compare-am-gp-n3-4-16-i-adv-mysql-1,mysql,13107834880,load_50tps
2026-08-05T17:33:55Z,compare-am-gp-n3-4-16-i-adv-mysql-1,mysqld-exporter,15691776,load_50tps
2026-08-05T17:33:55Z,compare-am-gp-n3-4-16-i-adv-mysql-1,slow-log-tailer,6557696,load_50tps
2026-08-05T17:33:55Z,compare-am-gp-n3-4-16-i-adv-mysql-1,do-agent,-1,load_50tps
2026-08-05T17:33:55Z,compare-am-gp-n3-4-16-i-adv-mysql-1,xtrabackup,24887296,load_50tps
2026-08-05T17:33:55Z,compare-am-gp-n3-4-16-i-adv-mysql-2,mysql,13455986688,load_50tps
2026-08-05T17:33:55Z,compare-am-gp-n3-4-16-i-adv-mysql-2,mysqld-exporter,15257600,load_50tps
2026-08-05T17:33:55Z,compare-am-gp-n3-4-16-i-adv-mysql-2,slow-log-tailer,1859584,load_50tps
2026-08-05T17:33:55Z,compare-am-gp-n3-4-16-i-adv-mysql-2,do-agent,-1,load_50tps
2026-08-05T17:33:55Z,compare-am-gp-n3-4-16-i-adv-mysql-2,xtrabackup,24477696,load_50tps
2026-08-05T17:34:28Z,compare-am-gp-n3-4-16-i-adv-mysql-0,mysql,13360046080,load_50tps
2026-08-05T17:34:28Z,compare-am-gp-n3-4-16-i-adv-mysql-0,mysqld-exporter,15958016,load_50tps
2026-08-05T17:34:28Z,compare-am-gp-n3-4-16-i-adv-mysql-0,slow-log-tailer,1900544,load_50tps
2026-08-05T17:34:28Z,compare-am-gp-n3-4-16-i-adv-mysql-0,do-agent,-1,load_50tps
2026-08-05T17:34:28Z,compare-am-gp-n3-4-16-i-adv-mysql-0,xtrabackup,19853312,load_50tps
2026-08-05T17:34:28Z,compare-am-gp-n3-4-16-i-adv-mysql-1,mysql,13064425472,load_50tps
2026-08-05T17:34:28Z,compare-am-gp-n3-4-16-i-adv-mysql-1,mysqld-exporter,15532032,load_50tps
2026-08-05T17:34:28Z,compare-am-gp-n3-4-16-i-adv-mysql-1,slow-log-tailer,6516736,load_50tps
2026-08-05T17:34:28Z,compare-am-gp-n3-4-16-i-adv-mysql-1,do-agent,-1,load_50tps
2026-08-05T17:34:28Z,compare-am-gp-n3-4-16-i-adv-mysql-1,xtrabackup,25096192,load_50tps
2026-08-05T17:34:28Z,compare-am-gp-n3-4-16-i-adv-mysql-2,mysql,13445820416,load_50tps
2026-08-05T17:34:28Z,compare-am-gp-n3-4-16-i-adv-mysql-2,mysqld-exporter,15400960,load_50tps
2026-08-05T17:34:28Z,compare-am-gp-n3-4-16-i-adv-mysql-2,slow-log-tailer,1974272,load_50tps
2026-08-05T17:34:28Z,compare-am-gp-n3-4-16-i-adv-mysql-2,do-agent,-1,load_50tps
2026-08-05T17:34:28Z,compare-am-gp-n3-4-16-i-adv-mysql-2,xtrabackup,24686592,load_50tps
2026-08-05T17:35:01Z,compare-am-gp-n3-4-16-i-adv-mysql-0,mysql,13365428224,load_50tps
2026-08-05T17:35:01Z,compare-am-gp-n3-4-16-i-adv-mysql-0,mysqld-exporter,15855616,load_50tps
2026-08-05T17:35:01Z,compare-am-gp-n3-4-16-i-adv-mysql-0,slow-log-tailer,1851392,load_50tps
2026-08-05T17:35:01Z,compare-am-gp-n3-4-16-i-adv-mysql-0,do-agent,-1,load_50tps
2026-08-05T17:35:01Z,compare-am-gp-n3-4-16-i-adv-mysql-0,xtrabackup,19959808,load_50tps
2026-08-05T17:35:01Z,compare-am-gp-n3-4-16-i-adv-mysql-1,mysql,13023522816,load_50tps
2026-08-05T17:35:01Z,compare-am-gp-n3-4-16-i-adv-mysql-1,mysqld-exporter,15806464,load_50tps
2026-08-05T17:35:01Z,compare-am-gp-n3-4-16-i-adv-mysql-1,slow-log-tailer,6709248,load_50tps
2026-08-05T17:35:01Z,compare-am-gp-n3-4-16-i-adv-mysql-1,do-agent,-1,load_50tps
2026-08-05T17:35:01Z,compare-am-gp-n3-4-16-i-adv-mysql-1,xtrabackup,25075712,load_50tps
2026-08-05T17:35:01Z,compare-am-gp-n3-4-16-i-adv-mysql-2,mysql,13440839680,load_50tps
2026-08-05T17:35:01Z,compare-am-gp-n3-4-16-i-adv-mysql-2,mysqld-exporter,15507456,load_50tps
2026-08-05T17:35:01Z,compare-am-gp-n3-4-16-i-adv-mysql-2,slow-log-tailer,2048000,load_50tps
2026-08-05T17:35:01Z,compare-am-gp-n3-4-16-i-adv-mysql-2,do-agent,-1,load_50tps
2026-08-05T17:35:01Z,compare-am-gp-n3-4-16-i-adv-mysql-2,xtrabackup,24526848,load_50tps
2026-08-05T17:35:35Z,compare-am-gp-n3-4-16-i-adv-mysql-0,mysql,13351432192,load_50tps
2026-08-05T17:35:35Z,compare-am-gp-n3-4-16-i-adv-mysql-0,mysqld-exporter,16089088,load_50tps
2026-08-05T17:35:35Z,compare-am-gp-n3-4-16-i-adv-mysql-0,slow-log-tailer,2330624,load_50tps
2026-08-05T17:35:35Z,compare-am-gp-n3-4-16-i-adv-mysql-0,do-agent,-1,load_50tps
2026-08-05T17:35:35Z,compare-am-gp-n3-4-16-i-adv-mysql-0,xtrabackup,19689472,load_50tps
2026-08-05T17:35:35Z,compare-am-gp-n3-4-16-i-adv-mysql-1,mysql,13020749824,load_50tps
2026-08-05T17:35:35Z,compare-am-gp-n3-4-16-i-adv-mysql-1,mysqld-exporter,15785984,load_50tps
2026-08-05T17:35:35Z,compare-am-gp-n3-4-16-i-adv-mysql-1,slow-log-tailer,6721536,load_50tps
2026-08-05T17:35:35Z,compare-am-gp-n3-4-16-i-adv-mysql-1,do-agent,-1,load_50tps
2026-08-05T17:35:35Z,compare-am-gp-n3-4-16-i-adv-mysql-1,xtrabackup,25096192,load_50tps
2026-08-05T17:35:35Z,compare-am-gp-n3-4-16-i-adv-mysql-2,mysql,13457207296,load_50tps
2026-08-05T17:35:35Z,compare-am-gp-n3-4-16-i-adv-mysql-2,mysqld-exporter,15286272,load_50tps
2026-08-05T17:35:35Z,compare-am-gp-n3-4-16-i-adv-mysql-2,slow-log-tailer,2002944,load_50tps
2026-08-05T17:35:35Z,compare-am-gp-n3-4-16-i-adv-mysql-2,do-agent,-1,load_50tps
2026-08-05T17:35:35Z,compare-am-gp-n3-4-16-i-adv-mysql-2,xtrabackup,24248320,load_50tps
2026-08-05T17:36:07Z,compare-am-gp-n3-4-16-i-adv-mysql-0,mysql,13350285312,load_50tps
2026-08-05T17:36:07Z,compare-am-gp-n3-4-16-i-adv-mysql-0,mysqld-exporter,15810560,load_50tps
2026-08-05T17:36:07Z,compare-am-gp-n3-4-16-i-adv-mysql-0,slow-log-tailer,1835008,load_50tps
2026-08-05T17:36:07Z,compare-am-gp-n3-4-16-i-adv-mysql-0,do-agent,-1,load_50tps
2026-08-05T17:36:07Z,compare-am-gp-n3-4-16-i-adv-mysql-0,xtrabackup,20004864,load_50tps
2026-08-05T17:36:07Z,compare-am-gp-n3-4-16-i-adv-mysql-1,mysql,12944457728,load_50tps
2026-08-05T17:36:07Z,compare-am-gp-n3-4-16-i-adv-mysql-1,mysqld-exporter,15671296,load_50tps
2026-08-05T17:36:07Z,compare-am-gp-n3-4-16-i-adv-mysql-1,slow-log-tailer,6569984,load_50tps
2026-08-05T17:36:07Z,compare-am-gp-n3-4-16-i-adv-mysql-1,do-agent,-1,load_50tps
2026-08-05T17:36:07Z,compare-am-gp-n3-4-16-i-adv-mysql-1,xtrabackup,25075712,load_50tps
2026-08-05T17:36:07Z,compare-am-gp-n3-4-16-i-adv-mysql-2,mysql,13462118400,load_50tps
2026-08-05T17:36:07Z,compare-am-gp-n3-4-16-i-adv-mysql-2,mysqld-exporter,15470592,load_50tps
2026-08-05T17:36:07Z,compare-am-gp-n3-4-16-i-adv-mysql-2,slow-log-tailer,2007040,load_50tps
2026-08-05T17:36:07Z,compare-am-gp-n3-4-16-i-adv-mysql-2,do-agent,-1,load_50tps
2026-08-05T17:36:07Z,compare-am-gp-n3-4-16-i-adv-mysql-2,xtrabackup,24539136,load_50tps
2026-08-05T17:36:40Z,compare-am-gp-n3-4-16-i-adv-mysql-0,mysql,13340381184,load_50tps
2026-08-05T17:36:40Z,compare-am-gp-n3-4-16-i-adv-mysql-0,mysqld-exporter,15917056,load_50tps
2026-08-05T17:36:40Z,compare-am-gp-n3-4-16-i-adv-mysql-0,slow-log-tailer,1986560,load_50tps
2026-08-05T17:36:40Z,compare-am-gp-n3-4-16-i-adv-mysql-0,do-agent,-1,load_50tps
2026-08-05T17:36:40Z,compare-am-gp-n3-4-16-i-adv-mysql-0,xtrabackup,19898368,load_50tps
2026-08-05T17:36:40Z,compare-am-gp-n3-4-16-i-adv-mysql-1,mysql,12980502528,load_50tps
2026-08-05T17:36:40Z,compare-am-gp-n3-4-16-i-adv-mysql-1,mysqld-exporter,15736832,load_50tps
2026-08-05T17:36:40Z,compare-am-gp-n3-4-16-i-adv-mysql-1,slow-log-tailer,6750208,load_50tps
2026-08-05T17:36:40Z,compare-am-gp-n3-4-16-i-adv-mysql-1,do-agent,-1,load_50tps
2026-08-05T17:36:40Z,compare-am-gp-n3-4-16-i-adv-mysql-1,xtrabackup,25018368,load_50tps
2026-08-05T17:36:40Z,compare-am-gp-n3-4-16-i-adv-mysql-2,mysql,13466058752,load_50tps
2026-08-05T17:36:40Z,compare-am-gp-n3-4-16-i-adv-mysql-2,mysqld-exporter,15515648,load_50tps
2026-08-05T17:36:40Z,compare-am-gp-n3-4-16-i-adv-mysql-2,slow-log-tailer,1937408,load_50tps
2026-08-05T17:36:40Z,compare-am-gp-n3-4-16-i-adv-mysql-2,do-agent,-1,load_50tps
2026-08-05T17:36:40Z,compare-am-gp-n3-4-16-i-adv-mysql-2,xtrabackup,24563712,load_50tps
2026-08-05T17:37:13Z,compare-am-gp-n3-4-16-i-adv-mysql-0,mysql,13377441792,load_50tps
2026-08-05T17:37:13Z,compare-am-gp-n3-4-16-i-adv-mysql-0,mysqld-exporter,16359424,load_50tps
2026-08-05T17:37:13Z,compare-am-gp-n3-4-16-i-adv-mysql-0,slow-log-tailer,1961984,load_50tps
2026-08-05T17:37:13Z,compare-am-gp-n3-4-16-i-adv-mysql-0,do-agent,-1,load_50tps
2026-08-05T17:37:13Z,compare-am-gp-n3-4-16-i-adv-mysql-0,xtrabackup,19947520,load_50tps
2026-08-05T17:37:13Z,compare-am-gp-n3-4-16-i-adv-mysql-1,mysql,13011587072,load_50tps
2026-08-05T17:37:13Z,compare-am-gp-n3-4-16-i-adv-mysql-1,mysqld-exporter,15536128,load_50tps
2026-08-05T17:37:13Z,compare-am-gp-n3-4-16-i-adv-mysql-1,slow-log-tailer,6701056,load_50tps
2026-08-05T17:37:13Z,compare-am-gp-n3-4-16-i-adv-mysql-1,do-agent,-1,load_50tps
2026-08-05T17:37:13Z,compare-am-gp-n3-4-16-i-adv-mysql-1,xtrabackup,25071616,load_50tps
2026-08-05T17:37:13Z,compare-am-gp-n3-4-16-i-adv-mysql-2,mysql,13461561344,load_50tps
2026-08-05T17:37:13Z,compare-am-gp-n3-4-16-i-adv-mysql-2,mysqld-exporter,15613952,load_50tps
2026-08-05T17:37:13Z,compare-am-gp-n3-4-16-i-adv-mysql-2,slow-log-tailer,2191360,load_50tps
2026-08-05T17:37:13Z,compare-am-gp-n3-4-16-i-adv-mysql-2,do-agent,-1,load_50tps
2026-08-05T17:37:13Z,compare-am-gp-n3-4-16-i-adv-mysql-2,xtrabackup,24698880,load_50tps
2026-08-05T17:37:46Z,compare-am-gp-n3-4-16-i-adv-mysql-0,mysql,13328084992,load_50tps
2026-08-05T17:37:46Z,compare-am-gp-n3-4-16-i-adv-mysql-0,mysqld-exporter,16216064,load_50tps
2026-08-05T17:37:46Z,compare-am-gp-n3-4-16-i-adv-mysql-0,slow-log-tailer,2088960,load_50tps
2026-08-05T17:37:46Z,compare-am-gp-n3-4-16-i-adv-mysql-0,do-agent,-1,load_50tps
2026-08-05T17:37:46Z,compare-am-gp-n3-4-16-i-adv-mysql-0,xtrabackup,19722240,load_50tps
2026-08-05T17:37:46Z,compare-am-gp-n3-4-16-i-adv-mysql-1,mysql,13045452800,load_50tps
2026-08-05T17:37:46Z,compare-am-gp-n3-4-16-i-adv-mysql-1,mysqld-exporter,15663104,load_50tps
2026-08-05T17:37:46Z,compare-am-gp-n3-4-16-i-adv-mysql-1,slow-log-tailer,6508544,load_50tps
2026-08-05T17:37:46Z,compare-am-gp-n3-4-16-i-adv-mysql-1,do-agent,-1,load_50tps
2026-08-05T17:37:46Z,compare-am-gp-n3-4-16-i-adv-mysql-1,xtrabackup,25206784,load_50tps
2026-08-05T17:37:46Z,compare-am-gp-n3-4-16-i-adv-mysql-2,mysql,13469249536,load_50tps
2026-08-05T17:37:46Z,compare-am-gp-n3-4-16-i-adv-mysql-2,mysqld-exporter,15659008,load_50tps
2026-08-05T17:37:46Z,compare-am-gp-n3-4-16-i-adv-mysql-2,slow-log-tailer,2011136,load_50tps
2026-08-05T17:37:46Z,compare-am-gp-n3-4-16-i-adv-mysql-2,do-agent,-1,load_50tps
2026-08-05T17:37:46Z,compare-am-gp-n3-4-16-i-adv-mysql-2,xtrabackup,24543232,load_50tps
2026-08-05T17:38:18Z,compare-am-gp-n3-4-16-i-adv-mysql-0,mysql,13332926464,load_50tps
2026-08-05T17:38:18Z,compare-am-gp-n3-4-16-i-adv-mysql-0,mysqld-exporter,16584704,load_50tps
2026-08-05T17:38:18Z,compare-am-gp-n3-4-16-i-adv-mysql-0,slow-log-tailer,2158592,load_50tps
2026-08-05T17:38:18Z,compare-am-gp-n3-4-16-i-adv-mysql-0,do-agent,-1,load_50tps
2026-08-05T17:38:18Z,compare-am-gp-n3-4-16-i-adv-mysql-0,xtrabackup,19755008,load_50tps
2026-08-05T17:38:18Z,compare-am-gp-n3-4-16-i-adv-mysql-1,mysql,13119610880,load_50tps
2026-08-05T17:38:18Z,compare-am-gp-n3-4-16-i-adv-mysql-1,mysqld-exporter,15519744,load_50tps
2026-08-05T17:38:18Z,compare-am-gp-n3-4-16-i-adv-mysql-1,slow-log-tailer,6754304,load_50tps
2026-08-05T17:38:18Z,compare-am-gp-n3-4-16-i-adv-mysql-1,do-agent,-1,load_50tps
2026-08-05T17:38:18Z,compare-am-gp-n3-4-16-i-adv-mysql-1,xtrabackup,25223168,load_50tps
2026-08-05T17:38:18Z,compare-am-gp-n3-4-16-i-adv-mysql-2,mysql,13464354816,load_50tps
2026-08-05T17:38:18Z,compare-am-gp-n3-4-16-i-adv-mysql-2,mysqld-exporter,16072704,load_50tps
2026-08-05T17:38:18Z,compare-am-gp-n3-4-16-i-adv-mysql-2,slow-log-tailer,2170880,load_50tps
2026-08-05T17:38:18Z,compare-am-gp-n3-4-16-i-adv-mysql-2,do-agent,-1,load_50tps
2026-08-05T17:38:18Z,compare-am-gp-n3-4-16-i-adv-mysql-2,xtrabackup,24473600,load_50tps
2026-08-05T17:38:51Z,compare-am-gp-n3-4-16-i-adv-mysql-0,mysql,13330386944,load_50tps
2026-08-05T17:38:51Z,compare-am-gp-n3-4-16-i-adv-mysql-0,mysqld-exporter,16408576,load_50tps
2026-08-05T17:38:51Z,compare-am-gp-n3-4-16-i-adv-mysql-0,slow-log-tailer,2228224,load_50tps
2026-08-05T17:38:51Z,compare-am-gp-n3-4-16-i-adv-mysql-0,do-agent,-1,load_50tps
2026-08-05T17:38:51Z,compare-am-gp-n3-4-16-i-adv-mysql-0,xtrabackup,19668992,load_50tps
2026-08-05T17:38:51Z,compare-am-gp-n3-4-16-i-adv-mysql-1,mysql,13074825216,load_50tps
2026-08-05T17:38:51Z,compare-am-gp-n3-4-16-i-adv-mysql-1,mysqld-exporter,15306752,load_50tps
2026-08-05T17:38:51Z,compare-am-gp-n3-4-16-i-adv-mysql-1,slow-log-tailer,6467584,load_50tps
2026-08-05T17:38:51Z,compare-am-gp-n3-4-16-i-adv-mysql-1,do-agent,-1,load_50tps
2026-08-05T17:38:51Z,compare-am-gp-n3-4-16-i-adv-mysql-1,xtrabackup,25108480,load_50tps
2026-08-05T17:38:51Z,compare-am-gp-n3-4-16-i-adv-mysql-2,mysql,13450645504,load_50tps
2026-08-05T17:38:51Z,compare-am-gp-n3-4-16-i-adv-mysql-2,mysqld-exporter,15650816,load_50tps
2026-08-05T17:38:51Z,compare-am-gp-n3-4-16-i-adv-mysql-2,slow-log-tailer,1769472,load_50tps
2026-08-05T17:38:51Z,compare-am-gp-n3-4-16-i-adv-mysql-2,do-agent,-1,load_50tps
2026-08-05T17:38:51Z,compare-am-gp-n3-4-16-i-adv-mysql-2,xtrabackup,24506368,load_50tps
2026-08-05T17:39:24Z,compare-am-gp-n3-4-16-i-adv-mysql-0,mysql,13333929984,load_50tps
2026-08-05T17:39:24Z,compare-am-gp-n3-4-16-i-adv-mysql-0,mysqld-exporter,16412672,load_50tps
2026-08-05T17:39:24Z,compare-am-gp-n3-4-16-i-adv-mysql-0,slow-log-tailer,1896448,load_50tps
2026-08-05T17:39:24Z,compare-am-gp-n3-4-16-i-adv-mysql-0,do-agent,-1,load_50tps
2026-08-05T17:39:24Z,compare-am-gp-n3-4-16-i-adv-mysql-0,xtrabackup,19820544,load_50tps
2026-08-05T17:39:24Z,compare-am-gp-n3-4-16-i-adv-mysql-1,mysql,13032050688,load_50tps
2026-08-05T17:39:24Z,compare-am-gp-n3-4-16-i-adv-mysql-1,mysqld-exporter,15196160,load_50tps
2026-08-05T17:39:24Z,compare-am-gp-n3-4-16-i-adv-mysql-1,slow-log-tailer,6565888,load_50tps
2026-08-05T17:39:24Z,compare-am-gp-n3-4-16-i-adv-mysql-1,do-agent,-1,load_50tps
2026-08-05T17:39:24Z,compare-am-gp-n3-4-16-i-adv-mysql-1,xtrabackup,25329664,load_50tps
2026-08-05T17:39:24Z,compare-am-gp-n3-4-16-i-adv-mysql-2,mysql,13461471232,load_50tps
2026-08-05T17:39:24Z,compare-am-gp-n3-4-16-i-adv-mysql-2,mysqld-exporter,15310848,load_50tps
2026-08-05T17:39:24Z,compare-am-gp-n3-4-16-i-adv-mysql-2,slow-log-tailer,2310144,load_50tps
2026-08-05T17:39:24Z,compare-am-gp-n3-4-16-i-adv-mysql-2,do-agent,-1,load_50tps
2026-08-05T17:39:24Z,compare-am-gp-n3-4-16-i-adv-mysql-2,xtrabackup,24428544,load_50tps
2026-08-05T17:39:58Z,compare-am-gp-n3-4-16-i-adv-mysql-0,mysql,13340200960,load_50tps
2026-08-05T17:39:58Z,compare-am-gp-n3-4-16-i-adv-mysql-0,mysqld-exporter,16371712,load_50tps
2026-08-05T17:39:58Z,compare-am-gp-n3-4-16-i-adv-mysql-0,slow-log-tailer,2072576,load_50tps
2026-08-05T17:39:58Z,compare-am-gp-n3-4-16-i-adv-mysql-0,do-agent,-1,load_50tps
2026-08-05T17:39:58Z,compare-am-gp-n3-4-16-i-adv-mysql-0,xtrabackup,19746816,load_50tps
2026-08-05T17:39:58Z,compare-am-gp-n3-4-16-i-adv-mysql-1,mysql,12991008768,load_50tps
2026-08-05T17:39:58Z,compare-am-gp-n3-4-16-i-adv-mysql-1,mysqld-exporter,15044608,load_50tps
2026-08-05T17:39:58Z,compare-am-gp-n3-4-16-i-adv-mysql-1,slow-log-tailer,6676480,load_50tps
2026-08-05T17:39:58Z,compare-am-gp-n3-4-16-i-adv-mysql-1,do-agent,-1,load_50tps
2026-08-05T17:39:58Z,compare-am-gp-n3-4-16-i-adv-mysql-1,xtrabackup,25174016,load_50tps
2026-08-05T17:39:58Z,compare-am-gp-n3-4-16-i-adv-mysql-2,mysql,13472178176,load_50tps
2026-08-05T17:39:58Z,compare-am-gp-n3-4-16-i-adv-mysql-2,mysqld-exporter,15470592,load_50tps
2026-08-05T17:39:58Z,compare-am-gp-n3-4-16-i-adv-mysql-2,slow-log-tailer,1970176,load_50tps
2026-08-05T17:39:58Z,compare-am-gp-n3-4-16-i-adv-mysql-2,do-agent,-1,load_50tps
2026-08-05T17:39:58Z,compare-am-gp-n3-4-16-i-adv-mysql-2,xtrabackup,24449024,load_50tps
2026-08-05T17:40:31Z,compare-am-gp-n3-4-16-i-adv-mysql-0,mysql,13330001920,load_50tps
2026-08-05T17:40:31Z,compare-am-gp-n3-4-16-i-adv-mysql-0,mysqld-exporter,16351232,load_50tps
2026-08-05T17:40:31Z,compare-am-gp-n3-4-16-i-adv-mysql-0,slow-log-tailer,1990656,load_50tps
2026-08-05T17:40:31Z,compare-am-gp-n3-4-16-i-adv-mysql-0,do-agent,-1,load_50tps
2026-08-05T17:40:31Z,compare-am-gp-n3-4-16-i-adv-mysql-0,xtrabackup,20340736,load_50tps
2026-08-05T17:40:31Z,compare-am-gp-n3-4-16-i-adv-mysql-1,mysql,12952805376,load_50tps
2026-08-05T17:40:31Z,compare-am-gp-n3-4-16-i-adv-mysql-1,mysqld-exporter,15699968,load_50tps
2026-08-05T17:40:31Z,compare-am-gp-n3-4-16-i-adv-mysql-1,slow-log-tailer,6545408,load_50tps
2026-08-05T17:40:31Z,compare-am-gp-n3-4-16-i-adv-mysql-1,do-agent,-1,load_50tps
2026-08-05T17:40:31Z,compare-am-gp-n3-4-16-i-adv-mysql-1,xtrabackup,24940544,load_50tps
2026-08-05T17:40:31Z,compare-am-gp-n3-4-16-i-adv-mysql-2,mysql,13465976832,load_50tps
2026-08-05T17:40:31Z,compare-am-gp-n3-4-16-i-adv-mysql-2,mysqld-exporter,15323136,load_50tps
2026-08-05T17:40:31Z,compare-am-gp-n3-4-16-i-adv-mysql-2,slow-log-tailer,1875968,load_50tps
2026-08-05T17:40:31Z,compare-am-gp-n3-4-16-i-adv-mysql-2,do-agent,-1,load_50tps
2026-08-05T17:40:31Z,compare-am-gp-n3-4-16-i-adv-mysql-2,xtrabackup,24485888,load_50tps
2026-08-05T17:41:04Z,compare-am-gp-n3-4-16-i-adv-mysql-0,mysql,13343920128,load_50tps
2026-08-05T17:41:04Z,compare-am-gp-n3-4-16-i-adv-mysql-0,mysqld-exporter,16674816,load_50tps
2026-08-05T17:41:04Z,compare-am-gp-n3-4-16-i-adv-mysql-0,slow-log-tailer,1892352,load_50tps
2026-08-05T17:41:04Z,compare-am-gp-n3-4-16-i-adv-mysql-0,do-agent,-1,load_50tps
2026-08-05T17:41:04Z,compare-am-gp-n3-4-16-i-adv-mysql-0,xtrabackup,19857408,load_50tps
2026-08-05T17:41:04Z,compare-am-gp-n3-4-16-i-adv-mysql-1,mysql,12949360640,load_50tps
2026-08-05T17:41:04Z,compare-am-gp-n3-4-16-i-adv-mysql-1,mysqld-exporter,16322560,load_50tps
2026-08-05T17:41:04Z,compare-am-gp-n3-4-16-i-adv-mysql-1,slow-log-tailer,6590464,load_50tps
2026-08-05T17:41:04Z,compare-am-gp-n3-4-16-i-adv-mysql-1,do-agent,-1,load_50tps
2026-08-05T17:41:04Z,compare-am-gp-n3-4-16-i-adv-mysql-1,xtrabackup,25055232,load_50tps
2026-08-05T17:41:04Z,compare-am-gp-n3-4-16-i-adv-mysql-2,mysql,13468291072,load_50tps
2026-08-05T17:41:04Z,compare-am-gp-n3-4-16-i-adv-mysql-2,mysqld-exporter,15470592,load_50tps
2026-08-05T17:41:04Z,compare-am-gp-n3-4-16-i-adv-mysql-2,slow-log-tailer,1875968,load_50tps
2026-08-05T17:41:04Z,compare-am-gp-n3-4-16-i-adv-mysql-2,do-agent,-1,load_50tps
2026-08-05T17:41:04Z,compare-am-gp-n3-4-16-i-adv-mysql-2,xtrabackup,24596480,load_50tps
2026-08-05T17:41:37Z,compare-am-gp-n3-4-16-i-adv-mysql-0,mysql,13369552896,load_50tps
2026-08-05T17:41:37Z,compare-am-gp-n3-4-16-i-adv-mysql-0,mysqld-exporter,16773120,load_50tps
2026-08-05T17:41:37Z,compare-am-gp-n3-4-16-i-adv-mysql-0,slow-log-tailer,1949696,load_50tps
2026-08-05T17:41:37Z,compare-am-gp-n3-4-16-i-adv-mysql-0,do-agent,-1,load_50tps
2026-08-05T17:41:37Z,compare-am-gp-n3-4-16-i-adv-mysql-0,xtrabackup,19750912,load_50tps
2026-08-05T17:41:37Z,compare-am-gp-n3-4-16-i-adv-mysql-1,mysql,12947107840,load_50tps
2026-08-05T17:41:37Z,compare-am-gp-n3-4-16-i-adv-mysql-1,mysqld-exporter,15917056,load_50tps
2026-08-05T17:41:37Z,compare-am-gp-n3-4-16-i-adv-mysql-1,slow-log-tailer,6856704,load_50tps
2026-08-05T17:41:37Z,compare-am-gp-n3-4-16-i-adv-mysql-1,do-agent,-1,load_50tps
2026-08-05T17:41:37Z,compare-am-gp-n3-4-16-i-adv-mysql-1,xtrabackup,25112576,load_50tps
2026-08-05T17:41:37Z,compare-am-gp-n3-4-16-i-adv-mysql-2,mysql,13461082112,load_50tps
2026-08-05T17:41:37Z,compare-am-gp-n3-4-16-i-adv-mysql-2,mysqld-exporter,15814656,load_50tps
2026-08-05T17:41:37Z,compare-am-gp-n3-4-16-i-adv-mysql-2,slow-log-tailer,2031616,load_50tps
2026-08-05T17:41:37Z,compare-am-gp-n3-4-16-i-adv-mysql-2,do-agent,-1,load_50tps
2026-08-05T17:41:37Z,compare-am-gp-n3-4-16-i-adv-mysql-2,xtrabackup,24707072,load_50tps
2026-08-05T17:42:11Z,compare-am-gp-n3-4-16-i-adv-mysql-0,mysql,13337989120,load_50tps
2026-08-05T17:42:11Z,compare-am-gp-n3-4-16-i-adv-mysql-0,mysqld-exporter,16908288,load_50tps
2026-08-05T17:42:11Z,compare-am-gp-n3-4-16-i-adv-mysql-0,slow-log-tailer,2084864,load_50tps
2026-08-05T17:42:11Z,compare-am-gp-n3-4-16-i-adv-mysql-0,do-agent,-1,load_50tps
2026-08-05T17:42:11Z,compare-am-gp-n3-4-16-i-adv-mysql-0,xtrabackup,19861504,load_50tps
2026-08-05T17:42:11Z,compare-am-gp-n3-4-16-i-adv-mysql-1,mysql,12981645312,load_50tps
2026-08-05T17:42:11Z,compare-am-gp-n3-4-16-i-adv-mysql-1,mysqld-exporter,15527936,load_50tps
2026-08-05T17:42:11Z,compare-am-gp-n3-4-16-i-adv-mysql-1,slow-log-tailer,6668288,load_50tps
2026-08-05T17:42:11Z,compare-am-gp-n3-4-16-i-adv-mysql-1,do-agent,-1,load_50tps
2026-08-05T17:42:11Z,compare-am-gp-n3-4-16-i-adv-mysql-1,xtrabackup,25522176,load_50tps
2026-08-05T17:42:11Z,compare-am-gp-n3-4-16-i-adv-mysql-2,mysql,13464510464,load_50tps
2026-08-05T17:42:11Z,compare-am-gp-n3-4-16-i-adv-mysql-2,mysqld-exporter,15921152,load_50tps
2026-08-05T17:42:11Z,compare-am-gp-n3-4-16-i-adv-mysql-2,slow-log-tailer,1925120,load_50tps
2026-08-05T17:42:11Z,compare-am-gp-n3-4-16-i-adv-mysql-2,do-agent,-1,load_50tps
2026-08-05T17:42:11Z,compare-am-gp-n3-4-16-i-adv-mysql-2,xtrabackup,24588288,load_50tps
2026-08-05T17:42:43Z,compare-am-gp-n3-4-16-i-adv-mysql-0,mysql,13334790144,load_50tps
2026-08-05T17:42:43Z,compare-am-gp-n3-4-16-i-adv-mysql-0,mysqld-exporter,15949824,load_50tps
2026-08-05T17:42:43Z,compare-am-gp-n3-4-16-i-adv-mysql-0,slow-log-tailer,1892352,load_50tps
2026-08-05T17:42:43Z,compare-am-gp-n3-4-16-i-adv-mysql-0,do-agent,-1,load_50tps
2026-08-05T17:42:43Z,compare-am-gp-n3-4-16-i-adv-mysql-0,xtrabackup,19816448,load_50tps
2026-08-05T17:42:43Z,compare-am-gp-n3-4-16-i-adv-mysql-1,mysql,13016662016,load_50tps
2026-08-05T17:42:43Z,compare-am-gp-n3-4-16-i-adv-mysql-1,mysqld-exporter,15728640,load_50tps
2026-08-05T17:42:43Z,compare-am-gp-n3-4-16-i-adv-mysql-1,slow-log-tailer,6631424,load_50tps
2026-08-05T17:42:43Z,compare-am-gp-n3-4-16-i-adv-mysql-1,do-agent,-1,load_50tps
2026-08-05T17:42:43Z,compare-am-gp-n3-4-16-i-adv-mysql-1,xtrabackup,25518080,load_50tps
2026-08-05T17:42:43Z,compare-am-gp-n3-4-16-i-adv-mysql-2,mysql,13465366528,load_50tps
2026-08-05T17:42:43Z,compare-am-gp-n3-4-16-i-adv-mysql-2,mysqld-exporter,15798272,load_50tps
2026-08-05T17:42:43Z,compare-am-gp-n3-4-16-i-adv-mysql-2,slow-log-tailer,2039808,load_50tps
2026-08-05T17:42:43Z,compare-am-gp-n3-4-16-i-adv-mysql-2,do-agent,-1,load_50tps
2026-08-05T17:42:43Z,compare-am-gp-n3-4-16-i-adv-mysql-2,xtrabackup,24420352,load_50tps
2026-08-05T17:43:17Z,compare-am-gp-n3-4-16-i-adv-mysql-0,mysql,13340692480,load_50tps
2026-08-05T17:43:17Z,compare-am-gp-n3-4-16-i-adv-mysql-0,mysqld-exporter,15990784,load_50tps
2026-08-05T17:43:17Z,compare-am-gp-n3-4-16-i-adv-mysql-0,slow-log-tailer,2031616,load_50tps
2026-08-05T17:43:17Z,compare-am-gp-n3-4-16-i-adv-mysql-0,do-agent,-1,load_50tps
2026-08-05T17:43:17Z,compare-am-gp-n3-4-16-i-adv-mysql-0,xtrabackup,19980288,load_50tps
2026-08-05T17:43:17Z,compare-am-gp-n3-4-16-i-adv-mysql-1,mysql,13051031552,load_50tps
2026-08-05T17:43:17Z,compare-am-gp-n3-4-16-i-adv-mysql-1,mysqld-exporter,12877824,load_50tps
2026-08-05T17:43:17Z,compare-am-gp-n3-4-16-i-adv-mysql-1,slow-log-tailer,6516736,load_50tps
2026-08-05T17:43:17Z,compare-am-gp-n3-4-16-i-adv-mysql-1,do-agent,-1,load_50tps
2026-08-05T17:43:17Z,compare-am-gp-n3-4-16-i-adv-mysql-1,xtrabackup,25522176,load_50tps
2026-08-05T17:43:17Z,compare-am-gp-n3-4-16-i-adv-mysql-2,mysql,13470695424,load_50tps
2026-08-05T17:43:17Z,compare-am-gp-n3-4-16-i-adv-mysql-2,mysqld-exporter,15310848,load_50tps
2026-08-05T17:43:17Z,compare-am-gp-n3-4-16-i-adv-mysql-2,slow-log-tailer,1855488,load_50tps
2026-08-05T17:43:17Z,compare-am-gp-n3-4-16-i-adv-mysql-2,do-agent,-1,load_50tps
2026-08-05T17:43:17Z,compare-am-gp-n3-4-16-i-adv-mysql-2,xtrabackup,24457216,load_50tps
2026-08-05T17:43:49Z,compare-am-gp-n3-4-16-i-adv-mysql-0,mysql,13347561472,load_50tps
2026-08-05T17:43:49Z,compare-am-gp-n3-4-16-i-adv-mysql-0,mysqld-exporter,15855616,load_50tps
2026-08-05T17:43:49Z,compare-am-gp-n3-4-16-i-adv-mysql-0,slow-log-tailer,2023424,load_50tps
2026-08-05T17:43:49Z,compare-am-gp-n3-4-16-i-adv-mysql-0,do-agent,-1,load_50tps
2026-08-05T17:43:49Z,compare-am-gp-n3-4-16-i-adv-mysql-0,xtrabackup,19939328,load_50tps
2026-08-05T17:43:49Z,compare-am-gp-n3-4-16-i-adv-mysql-1,mysql,13047468032,load_50tps
2026-08-05T17:43:49Z,compare-am-gp-n3-4-16-i-adv-mysql-1,mysqld-exporter,12697600,load_50tps
2026-08-05T17:43:49Z,compare-am-gp-n3-4-16-i-adv-mysql-1,slow-log-tailer,6451200,load_50tps
2026-08-05T17:43:49Z,compare-am-gp-n3-4-16-i-adv-mysql-1,do-agent,-1,load_50tps
2026-08-05T17:43:49Z,compare-am-gp-n3-4-16-i-adv-mysql-1,xtrabackup,25415680,load_50tps
2026-08-05T17:43:49Z,compare-am-gp-n3-4-16-i-adv-mysql-2,mysql,13466095616,load_50tps
2026-08-05T17:43:49Z,compare-am-gp-n3-4-16-i-adv-mysql-2,mysqld-exporter,15335424,load_50tps
2026-08-05T17:43:49Z,compare-am-gp-n3-4-16-i-adv-mysql-2,slow-log-tailer,1777664,load_50tps
2026-08-05T17:43:49Z,compare-am-gp-n3-4-16-i-adv-mysql-2,do-agent,-1,load_50tps
2026-08-05T17:43:49Z,compare-am-gp-n3-4-16-i-adv-mysql-2,xtrabackup,24436736,load_50tps
2026-08-05T17:44:22Z,compare-am-gp-n3-4-16-i-adv-mysql-0,mysql,13318471680,load_50tps
2026-08-05T17:44:22Z,compare-am-gp-n3-4-16-i-adv-mysql-0,mysqld-exporter,15855616,load_50tps
2026-08-05T17:44:22Z,compare-am-gp-n3-4-16-i-adv-mysql-0,slow-log-tailer,2072576,load_50tps
2026-08-05T17:44:22Z,compare-am-gp-n3-4-16-i-adv-mysql-0,do-agent,-1,load_50tps
2026-08-05T17:44:22Z,compare-am-gp-n3-4-16-i-adv-mysql-0,xtrabackup,19824640,load_50tps
2026-08-05T17:44:22Z,compare-am-gp-n3-4-16-i-adv-mysql-1,mysql,13042098176,load_50tps
2026-08-05T17:44:22Z,compare-am-gp-n3-4-16-i-adv-mysql-1,mysqld-exporter,12808192,load_50tps
2026-08-05T17:44:22Z,compare-am-gp-n3-4-16-i-adv-mysql-1,slow-log-tailer,6742016,load_50tps
2026-08-05T17:44:22Z,compare-am-gp-n3-4-16-i-adv-mysql-1,do-agent,-1,load_50tps
2026-08-05T17:44:22Z,compare-am-gp-n3-4-16-i-adv-mysql-1,xtrabackup,25423872,load_50tps
2026-08-05T17:44:22Z,compare-am-gp-n3-4-16-i-adv-mysql-2,mysql,13467095040,load_50tps
2026-08-05T17:44:22Z,compare-am-gp-n3-4-16-i-adv-mysql-2,mysqld-exporter,15204352,load_50tps
2026-08-05T17:44:22Z,compare-am-gp-n3-4-16-i-adv-mysql-2,slow-log-tailer,1773568,load_50tps
2026-08-05T17:44:22Z,compare-am-gp-n3-4-16-i-adv-mysql-2,do-agent,-1,load_50tps
2026-08-05T17:44:22Z,compare-am-gp-n3-4-16-i-adv-mysql-2,xtrabackup,24563712,load_50tps
2026-08-05T17:44:56Z,compare-am-gp-n3-4-16-i-adv-mysql-0,mysql,13323481088,load_50tps
2026-08-05T17:44:56Z,compare-am-gp-n3-4-16-i-adv-mysql-0,mysqld-exporter,16023552,load_50tps
2026-08-05T17:44:56Z,compare-am-gp-n3-4-16-i-adv-mysql-0,slow-log-tailer,2265088,load_50tps
2026-08-05T17:44:56Z,compare-am-gp-n3-4-16-i-adv-mysql-0,do-agent,-1,load_50tps
2026-08-05T17:44:56Z,compare-am-gp-n3-4-16-i-adv-mysql-0,xtrabackup,19841024,load_50tps
2026-08-05T17:44:56Z,compare-am-gp-n3-4-16-i-adv-mysql-1,mysql,13036388352,load_50tps
2026-08-05T17:44:56Z,compare-am-gp-n3-4-16-i-adv-mysql-1,mysqld-exporter,13684736,load_50tps
2026-08-05T17:44:56Z,compare-am-gp-n3-4-16-i-adv-mysql-1,slow-log-tailer,6565888,load_50tps
2026-08-05T17:44:56Z,compare-am-gp-n3-4-16-i-adv-mysql-1,do-agent,-1,load_50tps
2026-08-05T17:44:56Z,compare-am-gp-n3-4-16-i-adv-mysql-1,xtrabackup,25583616,load_50tps
2026-08-05T17:44:56Z,compare-am-gp-n3-4-16-i-adv-mysql-2,mysql,13477527552,load_50tps
2026-08-05T17:44:56Z,compare-am-gp-n3-4-16-i-adv-mysql-2,mysqld-exporter,15327232,load_50tps
2026-08-05T17:44:56Z,compare-am-gp-n3-4-16-i-adv-mysql-2,slow-log-tailer,2035712,load_50tps
2026-08-05T17:44:56Z,compare-am-gp-n3-4-16-i-adv-mysql-2,do-agent,-1,load_50tps
2026-08-05T17:44:56Z,compare-am-gp-n3-4-16-i-adv-mysql-2,xtrabackup,24420352,load_50tps
2026-08-05T17:45:28Z,compare-am-gp-n3-4-16-i-adv-mysql-0,mysql,13320761344,load_50tps
2026-08-05T17:45:28Z,compare-am-gp-n3-4-16-i-adv-mysql-0,mysqld-exporter,15925248,load_50tps
2026-08-05T17:45:28Z,compare-am-gp-n3-4-16-i-adv-mysql-0,slow-log-tailer,1851392,load_50tps
2026-08-05T17:45:28Z,compare-am-gp-n3-4-16-i-adv-mysql-0,do-agent,-1,load_50tps
2026-08-05T17:45:28Z,compare-am-gp-n3-4-16-i-adv-mysql-0,xtrabackup,19816448,load_50tps
2026-08-05T17:45:28Z,compare-am-gp-n3-4-16-i-adv-mysql-1,mysql,13030776832,load_50tps
2026-08-05T17:45:28Z,compare-am-gp-n3-4-16-i-adv-mysql-1,mysqld-exporter,13664256,load_50tps
2026-08-05T17:45:28Z,compare-am-gp-n3-4-16-i-adv-mysql-1,slow-log-tailer,6672384,load_50tps
2026-08-05T17:45:28Z,compare-am-gp-n3-4-16-i-adv-mysql-1,do-agent,-1,load_50tps
2026-08-05T17:45:28Z,compare-am-gp-n3-4-16-i-adv-mysql-1,xtrabackup,25460736,load_50tps
2026-08-05T17:45:28Z,compare-am-gp-n3-4-16-i-adv-mysql-2,mysql,13457526784,load_50tps
2026-08-05T17:45:28Z,compare-am-gp-n3-4-16-i-adv-mysql-2,mysqld-exporter,15347712,load_50tps
2026-08-05T17:45:28Z,compare-am-gp-n3-4-16-i-adv-mysql-2,slow-log-tailer,1781760,load_50tps
2026-08-05T17:45:28Z,compare-am-gp-n3-4-16-i-adv-mysql-2,do-agent,-1,load_50tps
2026-08-05T17:45:28Z,compare-am-gp-n3-4-16-i-adv-mysql-2,xtrabackup,24649728,load_50tps
2026-08-05T17:46:01Z,compare-am-gp-n3-4-16-i-adv-mysql-0,mysql,13358157824,load_50tps
2026-08-05T17:46:01Z,compare-am-gp-n3-4-16-i-adv-mysql-0,mysqld-exporter,16044032,load_50tps
2026-08-05T17:46:01Z,compare-am-gp-n3-4-16-i-adv-mysql-0,slow-log-tailer,1847296,load_50tps
2026-08-05T17:46:01Z,compare-am-gp-n3-4-16-i-adv-mysql-0,do-agent,-1,load_50tps
2026-08-05T17:46:01Z,compare-am-gp-n3-4-16-i-adv-mysql-0,xtrabackup,20000768,load_50tps
2026-08-05T17:46:01Z,compare-am-gp-n3-4-16-i-adv-mysql-1,mysql,12950351872,load_50tps
2026-08-05T17:46:01Z,compare-am-gp-n3-4-16-i-adv-mysql-1,mysqld-exporter,13414400,load_50tps
2026-08-05T17:46:01Z,compare-am-gp-n3-4-16-i-adv-mysql-1,slow-log-tailer,6512640,load_50tps
2026-08-05T17:46:01Z,compare-am-gp-n3-4-16-i-adv-mysql-1,do-agent,-1,load_50tps
2026-08-05T17:46:01Z,compare-am-gp-n3-4-16-i-adv-mysql-1,xtrabackup,25387008,load_50tps
2026-08-05T17:46:01Z,compare-am-gp-n3-4-16-i-adv-mysql-2,mysql,13465468928,load_50tps
2026-08-05T17:46:01Z,compare-am-gp-n3-4-16-i-adv-mysql-2,mysqld-exporter,15224832,load_50tps
2026-08-05T17:46:01Z,compare-am-gp-n3-4-16-i-adv-mysql-2,slow-log-tailer,2306048,load_50tps
2026-08-05T17:46:01Z,compare-am-gp-n3-4-16-i-adv-mysql-2,do-agent,-1,load_50tps
2026-08-05T17:46:01Z,compare-am-gp-n3-4-16-i-adv-mysql-2,xtrabackup,24477696,load_50tps
2026-08-05T17:46:34Z,compare-am-gp-n3-4-16-i-adv-mysql-0,mysql,13330161664,load_50tps
2026-08-05T17:46:34Z,compare-am-gp-n3-4-16-i-adv-mysql-0,mysqld-exporter,15917056,load_50tps
2026-08-05T17:46:34Z,compare-am-gp-n3-4-16-i-adv-mysql-0,slow-log-tailer,1847296,load_50tps
2026-08-05T17:46:34Z,compare-am-gp-n3-4-16-i-adv-mysql-0,do-agent,-1,load_50tps
2026-08-05T17:46:34Z,compare-am-gp-n3-4-16-i-adv-mysql-0,xtrabackup,19808256,load_50tps
2026-08-05T17:46:34Z,compare-am-gp-n3-4-16-i-adv-mysql-1,mysql,12943896576,load_50tps
2026-08-05T17:46:34Z,compare-am-gp-n3-4-16-i-adv-mysql-1,mysqld-exporter,13733888,load_50tps
2026-08-05T17:46:34Z,compare-am-gp-n3-4-16-i-adv-mysql-1,slow-log-tailer,6881280,load_50tps
2026-08-05T17:46:34Z,compare-am-gp-n3-4-16-i-adv-mysql-1,do-agent,-1,load_50tps
2026-08-05T17:46:34Z,compare-am-gp-n3-4-16-i-adv-mysql-1,xtrabackup,25518080,load_50tps
2026-08-05T17:46:34Z,compare-am-gp-n3-4-16-i-adv-mysql-2,mysql,13469134848,load_50tps
2026-08-05T17:46:34Z,compare-am-gp-n3-4-16-i-adv-mysql-2,mysqld-exporter,15106048,load_50tps
2026-08-05T17:46:34Z,compare-am-gp-n3-4-16-i-adv-mysql-2,slow-log-tailer,2064384,load_50tps
2026-08-05T17:46:34Z,compare-am-gp-n3-4-16-i-adv-mysql-2,do-agent,-1,load_50tps
2026-08-05T17:46:34Z,compare-am-gp-n3-4-16-i-adv-mysql-2,xtrabackup,24641536,load_50tps
2026-08-05T17:47:07Z,compare-am-gp-n3-4-16-i-adv-mysql-0,mysql,13319999488,load_50tps
2026-08-05T17:47:07Z,compare-am-gp-n3-4-16-i-adv-mysql-0,mysqld-exporter,16117760,load_50tps
2026-08-05T17:47:07Z,compare-am-gp-n3-4-16-i-adv-mysql-0,slow-log-tailer,2039808,load_50tps
2026-08-05T17:47:07Z,compare-am-gp-n3-4-16-i-adv-mysql-0,do-agent,-1,load_50tps
2026-08-05T17:47:07Z,compare-am-gp-n3-4-16-i-adv-mysql-0,xtrabackup,19857408,load_50tps
2026-08-05T17:47:07Z,compare-am-gp-n3-4-16-i-adv-mysql-1,mysql,12934905856,load_50tps
2026-08-05T17:47:07Z,compare-am-gp-n3-4-16-i-adv-mysql-1,mysqld-exporter,14069760,load_50tps
2026-08-05T17:47:07Z,compare-am-gp-n3-4-16-i-adv-mysql-1,slow-log-tailer,6705152,load_50tps
2026-08-05T17:47:07Z,compare-am-gp-n3-4-16-i-adv-mysql-1,do-agent,-1,load_50tps
2026-08-05T17:47:07Z,compare-am-gp-n3-4-16-i-adv-mysql-1,xtrabackup,25374720,load_50tps
2026-08-05T17:47:07Z,compare-am-gp-n3-4-16-i-adv-mysql-2,mysql,13454172160,load_50tps
2026-08-05T17:47:07Z,compare-am-gp-n3-4-16-i-adv-mysql-2,mysqld-exporter,15097856,load_50tps
2026-08-05T17:47:07Z,compare-am-gp-n3-4-16-i-adv-mysql-2,slow-log-tailer,1921024,load_50tps
2026-08-05T17:47:07Z,compare-am-gp-n3-4-16-i-adv-mysql-2,do-agent,-1,load_50tps
2026-08-05T17:47:07Z,compare-am-gp-n3-4-16-i-adv-mysql-2,xtrabackup,24535040,load_50tps
2026-08-05T17:47:40Z,compare-am-gp-n3-4-16-i-adv-mysql-0,mysql,13360410624,load_50tps
2026-08-05T17:47:40Z,compare-am-gp-n3-4-16-i-adv-mysql-0,mysqld-exporter,15974400,load_50tps
2026-08-05T17:47:40Z,compare-am-gp-n3-4-16-i-adv-mysql-0,slow-log-tailer,2068480,load_50tps
2026-08-05T17:47:40Z,compare-am-gp-n3-4-16-i-adv-mysql-0,do-agent,-1,load_50tps
2026-08-05T17:47:40Z,compare-am-gp-n3-4-16-i-adv-mysql-0,xtrabackup,19886080,load_50tps
2026-08-05T17:47:40Z,compare-am-gp-n3-4-16-i-adv-mysql-1,mysql,12970721280,load_50tps
2026-08-05T17:47:40Z,compare-am-gp-n3-4-16-i-adv-mysql-1,mysqld-exporter,13983744,load_50tps
2026-08-05T17:47:40Z,compare-am-gp-n3-4-16-i-adv-mysql-1,slow-log-tailer,6668288,load_50tps
2026-08-05T17:47:40Z,compare-am-gp-n3-4-16-i-adv-mysql-1,do-agent,-1,load_50tps
2026-08-05T17:47:40Z,compare-am-gp-n3-4-16-i-adv-mysql-1,xtrabackup,25522176,load_50tps
2026-08-05T17:47:40Z,compare-am-gp-n3-4-16-i-adv-mysql-2,mysql,13459353600,load_50tps
2026-08-05T17:47:40Z,compare-am-gp-n3-4-16-i-adv-mysql-2,mysqld-exporter,15650816,load_50tps
2026-08-05T17:47:40Z,compare-am-gp-n3-4-16-i-adv-mysql-2,slow-log-tailer,2019328,load_50tps
2026-08-05T17:47:40Z,compare-am-gp-n3-4-16-i-adv-mysql-2,do-agent,-1,load_50tps
2026-08-05T17:47:40Z,compare-am-gp-n3-4-16-i-adv-mysql-2,xtrabackup,24506368,load_50tps
2026-08-05T17:48:13Z,compare-am-gp-n3-4-16-i-adv-mysql-0,mysql,13329526784,load_50tps
2026-08-05T17:48:13Z,compare-am-gp-n3-4-16-i-adv-mysql-0,mysqld-exporter,16003072,load_50tps
2026-08-05T17:48:13Z,compare-am-gp-n3-4-16-i-adv-mysql-0,slow-log-tailer,1847296,load_50tps
2026-08-05T17:48:13Z,compare-am-gp-n3-4-16-i-adv-mysql-0,do-agent,-1,load_50tps
2026-08-05T17:48:13Z,compare-am-gp-n3-4-16-i-adv-mysql-0,xtrabackup,19705856,load_50tps
2026-08-05T17:48:13Z,compare-am-gp-n3-4-16-i-adv-mysql-1,mysql,13001846784,load_50tps
2026-08-05T17:48:13Z,compare-am-gp-n3-4-16-i-adv-mysql-1,mysqld-exporter,13676544,load_50tps
2026-08-05T17:48:13Z,compare-am-gp-n3-4-16-i-adv-mysql-1,slow-log-tailer,6639616,load_50tps
2026-08-05T17:48:13Z,compare-am-gp-n3-4-16-i-adv-mysql-1,do-agent,-1,load_50tps
2026-08-05T17:48:13Z,compare-am-gp-n3-4-16-i-adv-mysql-1,xtrabackup,25620480,load_50tps
2026-08-05T17:48:13Z,compare-am-gp-n3-4-16-i-adv-mysql-2,mysql,13463183360,load_50tps
2026-08-05T17:48:13Z,compare-am-gp-n3-4-16-i-adv-mysql-2,mysqld-exporter,15638528,load_50tps
2026-08-05T17:48:13Z,compare-am-gp-n3-4-16-i-adv-mysql-2,slow-log-tailer,1867776,load_50tps
2026-08-05T17:48:13Z,compare-am-gp-n3-4-16-i-adv-mysql-2,do-agent,-1,load_50tps
2026-08-05T17:48:13Z,compare-am-gp-n3-4-16-i-adv-mysql-2,xtrabackup,24367104,load_50tps
2026-08-05T17:48:45Z,compare-am-gp-n3-4-16-i-adv-mysql-0,mysql,13331374080,load_50tps
2026-08-05T17:48:45Z,compare-am-gp-n3-4-16-i-adv-mysql-0,mysqld-exporter,15568896,load_50tps
2026-08-05T17:48:45Z,compare-am-gp-n3-4-16-i-adv-mysql-0,slow-log-tailer,2056192,load_50tps
2026-08-05T17:48:45Z,compare-am-gp-n3-4-16-i-adv-mysql-0,do-agent,-1,load_50tps
2026-08-05T17:48:45Z,compare-am-gp-n3-4-16-i-adv-mysql-0,xtrabackup,19787776,load_50tps
2026-08-05T17:48:45Z,compare-am-gp-n3-4-16-i-adv-mysql-1,mysql,13039976448,load_50tps
2026-08-05T17:48:45Z,compare-am-gp-n3-4-16-i-adv-mysql-1,mysqld-exporter,14647296,load_50tps
2026-08-05T17:48:45Z,compare-am-gp-n3-4-16-i-adv-mysql-1,slow-log-tailer,6729728,load_50tps
2026-08-05T17:48:45Z,compare-am-gp-n3-4-16-i-adv-mysql-1,do-agent,-1,load_50tps
2026-08-05T17:48:45Z,compare-am-gp-n3-4-16-i-adv-mysql-1,xtrabackup,25563136,load_50tps
2026-08-05T17:48:45Z,compare-am-gp-n3-4-16-i-adv-mysql-2,mysql,13465866240,load_50tps
2026-08-05T17:48:45Z,compare-am-gp-n3-4-16-i-adv-mysql-2,mysqld-exporter,15749120,load_50tps
2026-08-05T17:48:45Z,compare-am-gp-n3-4-16-i-adv-mysql-2,slow-log-tailer,1863680,load_50tps
2026-08-05T17:48:45Z,compare-am-gp-n3-4-16-i-adv-mysql-2,do-agent,-1,load_50tps
2026-08-05T17:48:45Z,compare-am-gp-n3-4-16-i-adv-mysql-2,xtrabackup,24576000,load_50tps
2026-08-05T17:49:18Z,compare-am-gp-n3-4-16-i-adv-mysql-0,mysql,13327982592,load_50tps
2026-08-05T17:49:18Z,compare-am-gp-n3-4-16-i-adv-mysql-0,mysqld-exporter,15478784,load_50tps
2026-08-05T17:49:18Z,compare-am-gp-n3-4-16-i-adv-mysql-0,slow-log-tailer,2060288,load_50tps
2026-08-05T17:49:18Z,compare-am-gp-n3-4-16-i-adv-mysql-0,do-agent,-1,load_50tps
2026-08-05T17:49:18Z,compare-am-gp-n3-4-16-i-adv-mysql-0,xtrabackup,19800064,load_50tps
2026-08-05T17:49:18Z,compare-am-gp-n3-4-16-i-adv-mysql-1,mysql,13027409920,load_50tps
2026-08-05T17:49:18Z,compare-am-gp-n3-4-16-i-adv-mysql-1,mysqld-exporter,14729216,load_50tps
2026-08-05T17:49:18Z,compare-am-gp-n3-4-16-i-adv-mysql-1,slow-log-tailer,6590464,load_50tps
2026-08-05T17:49:18Z,compare-am-gp-n3-4-16-i-adv-mysql-1,do-agent,-1,load_50tps
2026-08-05T17:49:18Z,compare-am-gp-n3-4-16-i-adv-mysql-1,xtrabackup,25776128,load_50tps
2026-08-05T17:49:18Z,compare-am-gp-n3-4-16-i-adv-mysql-2,mysql,13458485248,load_50tps
2026-08-05T17:49:18Z,compare-am-gp-n3-4-16-i-adv-mysql-2,mysqld-exporter,15065088,load_50tps
2026-08-05T17:49:18Z,compare-am-gp-n3-4-16-i-adv-mysql-2,slow-log-tailer,1789952,load_50tps
2026-08-05T17:49:18Z,compare-am-gp-n3-4-16-i-adv-mysql-2,do-agent,-1,load_50tps
2026-08-05T17:49:18Z,compare-am-gp-n3-4-16-i-adv-mysql-2,xtrabackup,24461312,load_50tps
2026-08-05T17:49:51Z,compare-am-gp-n3-4-16-i-adv-mysql-0,mysql,13332557824,load_50tps
2026-08-05T17:49:51Z,compare-am-gp-n3-4-16-i-adv-mysql-0,mysqld-exporter,15798272,load_50tps
2026-08-05T17:49:51Z,compare-am-gp-n3-4-16-i-adv-mysql-0,slow-log-tailer,2035712,load_50tps
2026-08-05T17:49:51Z,compare-am-gp-n3-4-16-i-adv-mysql-0,do-agent,-1,load_50tps
2026-08-05T17:49:51Z,compare-am-gp-n3-4-16-i-adv-mysql-0,xtrabackup,19808256,load_50tps
2026-08-05T17:49:51Z,compare-am-gp-n3-4-16-i-adv-mysql-1,mysql,13097299968,load_50tps
2026-08-05T17:49:51Z,compare-am-gp-n3-4-16-i-adv-mysql-1,mysqld-exporter,14548992,load_50tps
2026-08-05T17:49:51Z,compare-am-gp-n3-4-16-i-adv-mysql-1,slow-log-tailer,6676480,load_50tps
2026-08-05T17:49:51Z,compare-am-gp-n3-4-16-i-adv-mysql-1,do-agent,-1,load_50tps
2026-08-05T17:49:51Z,compare-am-gp-n3-4-16-i-adv-mysql-1,xtrabackup,25513984,load_50tps
2026-08-05T17:49:51Z,compare-am-gp-n3-4-16-i-adv-mysql-2,mysql,13455175680,load_50tps
2026-08-05T17:49:51Z,compare-am-gp-n3-4-16-i-adv-mysql-2,mysqld-exporter,14934016,load_50tps
2026-08-05T17:49:51Z,compare-am-gp-n3-4-16-i-adv-mysql-2,slow-log-tailer,1916928,load_50tps
2026-08-05T17:49:51Z,compare-am-gp-n3-4-16-i-adv-mysql-2,do-agent,-1,load_50tps
2026-08-05T17:49:51Z,compare-am-gp-n3-4-16-i-adv-mysql-2,xtrabackup,24444928,load_50tps
2026-08-05T17:50:23Z,compare-am-gp-n3-4-16-i-adv-mysql-0,mysql,13323186176,load_50tps
2026-08-05T17:50:23Z,compare-am-gp-n3-4-16-i-adv-mysql-0,mysqld-exporter,15765504,load_50tps
2026-08-05T17:50:23Z,compare-am-gp-n3-4-16-i-adv-mysql-0,slow-log-tailer,1974272,load_50tps
2026-08-05T17:50:23Z,compare-am-gp-n3-4-16-i-adv-mysql-0,do-agent,-1,load_50tps
2026-08-05T17:50:23Z,compare-am-gp-n3-4-16-i-adv-mysql-0,xtrabackup,19808256,load_50tps
2026-08-05T17:50:23Z,compare-am-gp-n3-4-16-i-adv-mysql-1,mysql,13015224320,load_50tps
2026-08-05T17:50:23Z,compare-am-gp-n3-4-16-i-adv-mysql-1,mysqld-exporter,14659584,load_50tps
2026-08-05T17:50:23Z,compare-am-gp-n3-4-16-i-adv-mysql-1,slow-log-tailer,6803456,load_50tps
2026-08-05T17:50:23Z,compare-am-gp-n3-4-16-i-adv-mysql-1,do-agent,-1,load_50tps
2026-08-05T17:50:23Z,compare-am-gp-n3-4-16-i-adv-mysql-1,xtrabackup,25530368,load_50tps
2026-08-05T17:50:23Z,compare-am-gp-n3-4-16-i-adv-mysql-2,mysql,13463404544,load_50tps
2026-08-05T17:50:23Z,compare-am-gp-n3-4-16-i-adv-mysql-2,mysqld-exporter,15126528,load_50tps
2026-08-05T17:50:23Z,compare-am-gp-n3-4-16-i-adv-mysql-2,slow-log-tailer,1978368,load_50tps
2026-08-05T17:50:23Z,compare-am-gp-n3-4-16-i-adv-mysql-2,do-agent,-1,load_50tps
2026-08-05T17:50:23Z,compare-am-gp-n3-4-16-i-adv-mysql-2,xtrabackup,24444928,load_50tps
2026-08-05T17:50:57Z,compare-am-gp-n3-4-16-i-adv-mysql-0,mysql,13381197824,load_50tps
2026-08-05T17:50:57Z,compare-am-gp-n3-4-16-i-adv-mysql-0,mysqld-exporter,16252928,load_50tps
2026-08-05T17:50:57Z,compare-am-gp-n3-4-16-i-adv-mysql-0,slow-log-tailer,1994752,load_50tps
2026-08-05T17:50:57Z,compare-am-gp-n3-4-16-i-adv-mysql-0,do-agent,-1,load_50tps
2026-08-05T17:50:57Z,compare-am-gp-n3-4-16-i-adv-mysql-0,xtrabackup,19804160,load_50tps
2026-08-05T17:50:57Z,compare-am-gp-n3-4-16-i-adv-mysql-1,mysql,13010866176,load_50tps
2026-08-05T17:50:57Z,compare-am-gp-n3-4-16-i-adv-mysql-1,mysqld-exporter,14794752,load_50tps
2026-08-05T17:50:57Z,compare-am-gp-n3-4-16-i-adv-mysql-1,slow-log-tailer,6619136,load_50tps
2026-08-05T17:50:57Z,compare-am-gp-n3-4-16-i-adv-mysql-1,do-agent,-1,load_50tps
2026-08-05T17:50:57Z,compare-am-gp-n3-4-16-i-adv-mysql-1,xtrabackup,25554944,load_50tps
2026-08-05T17:50:57Z,compare-am-gp-n3-4-16-i-adv-mysql-2,mysql,13465776128,load_50tps
2026-08-05T17:50:57Z,compare-am-gp-n3-4-16-i-adv-mysql-2,mysqld-exporter,15089664,load_50tps
2026-08-05T17:50:57Z,compare-am-gp-n3-4-16-i-adv-mysql-2,slow-log-tailer,1937408,load_50tps
2026-08-05T17:50:57Z,compare-am-gp-n3-4-16-i-adv-mysql-2,do-agent,-1,load_50tps
2026-08-05T17:50:57Z,compare-am-gp-n3-4-16-i-adv-mysql-2,xtrabackup,24530944,load_50tps
2026-08-05T17:51:31Z,compare-am-gp-n3-4-16-i-adv-mysql-0,mysql,13347225600,load_50tps
2026-08-05T17:51:31Z,compare-am-gp-n3-4-16-i-adv-mysql-0,mysqld-exporter,16306176,load_50tps
2026-08-05T17:51:31Z,compare-am-gp-n3-4-16-i-adv-mysql-0,slow-log-tailer,2109440,load_50tps
2026-08-05T17:51:31Z,compare-am-gp-n3-4-16-i-adv-mysql-0,do-agent,-1,load_50tps
2026-08-05T17:51:31Z,compare-am-gp-n3-4-16-i-adv-mysql-0,xtrabackup,19828736,load_50tps
2026-08-05T17:51:31Z,compare-am-gp-n3-4-16-i-adv-mysql-1,mysql,12965416960,load_50tps
2026-08-05T17:51:31Z,compare-am-gp-n3-4-16-i-adv-mysql-1,mysqld-exporter,14663680,load_50tps
2026-08-05T17:51:31Z,compare-am-gp-n3-4-16-i-adv-mysql-1,slow-log-tailer,6688768,load_50tps
2026-08-05T17:51:31Z,compare-am-gp-n3-4-16-i-adv-mysql-1,do-agent,-1,load_50tps
2026-08-05T17:51:31Z,compare-am-gp-n3-4-16-i-adv-mysql-1,xtrabackup,25735168,load_50tps
2026-08-05T17:51:31Z,compare-am-gp-n3-4-16-i-adv-mysql-2,mysql,13459435520,load_50tps
2026-08-05T17:51:31Z,compare-am-gp-n3-4-16-i-adv-mysql-2,mysqld-exporter,15089664,load_50tps
2026-08-05T17:51:31Z,compare-am-gp-n3-4-16-i-adv-mysql-2,slow-log-tailer,1875968,load_50tps
2026-08-05T17:51:31Z,compare-am-gp-n3-4-16-i-adv-mysql-2,do-agent,-1,load_50tps
2026-08-05T17:51:31Z,compare-am-gp-n3-4-16-i-adv-mysql-2,xtrabackup,24383488,load_50tps
2026-08-05T17:52:04Z,compare-am-gp-n3-4-16-i-adv-mysql-0,mysql,13359624192,load_50tps
2026-08-05T17:52:04Z,compare-am-gp-n3-4-16-i-adv-mysql-0,mysqld-exporter,16334848,load_50tps
2026-08-05T17:52:04Z,compare-am-gp-n3-4-16-i-adv-mysql-0,slow-log-tailer,2088960,load_50tps
2026-08-05T17:52:04Z,compare-am-gp-n3-4-16-i-adv-mysql-0,do-agent,-1,load_50tps
2026-08-05T17:52:04Z,compare-am-gp-n3-4-16-i-adv-mysql-0,xtrabackup,19820544,load_50tps
2026-08-05T17:52:04Z,compare-am-gp-n3-4-16-i-adv-mysql-1,mysql,12922257408,load_50tps
2026-08-05T17:52:04Z,compare-am-gp-n3-4-16-i-adv-mysql-1,mysqld-exporter,15073280,load_50tps
2026-08-05T17:52:04Z,compare-am-gp-n3-4-16-i-adv-mysql-1,slow-log-tailer,6500352,load_50tps
2026-08-05T17:52:04Z,compare-am-gp-n3-4-16-i-adv-mysql-1,do-agent,-1,load_50tps
2026-08-05T17:52:04Z,compare-am-gp-n3-4-16-i-adv-mysql-1,xtrabackup,25616384,load_50tps
2026-08-05T17:52:04Z,compare-am-gp-n3-4-16-i-adv-mysql-2,mysql,13454880768,load_50tps
2026-08-05T17:52:04Z,compare-am-gp-n3-4-16-i-adv-mysql-2,mysqld-exporter,14794752,load_50tps
2026-08-05T17:52:04Z,compare-am-gp-n3-4-16-i-adv-mysql-2,slow-log-tailer,1957888,load_50tps
2026-08-05T17:52:04Z,compare-am-gp-n3-4-16-i-adv-mysql-2,do-agent,-1,load_50tps
2026-08-05T17:52:04Z,compare-am-gp-n3-4-16-i-adv-mysql-2,xtrabackup,24539136,load_50tps
2026-08-05T17:52:37Z,compare-am-gp-n3-4-16-i-adv-mysql-0,mysql,13353807872,load_50tps
2026-08-05T17:52:37Z,compare-am-gp-n3-4-16-i-adv-mysql-0,mysqld-exporter,16343040,load_50tps
2026-08-05T17:52:37Z,compare-am-gp-n3-4-16-i-adv-mysql-0,slow-log-tailer,1839104,load_50tps
2026-08-05T17:52:37Z,compare-am-gp-n3-4-16-i-adv-mysql-0,do-agent,-1,load_50tps
2026-08-05T17:52:37Z,compare-am-gp-n3-4-16-i-adv-mysql-0,xtrabackup,19972096,load_50tps
2026-08-05T17:52:37Z,compare-am-gp-n3-4-16-i-adv-mysql-1,mysql,12919762944,load_50tps
2026-08-05T17:52:37Z,compare-am-gp-n3-4-16-i-adv-mysql-1,mysqld-exporter,14831616,load_50tps
2026-08-05T17:52:37Z,compare-am-gp-n3-4-16-i-adv-mysql-1,slow-log-tailer,6725632,load_50tps
2026-08-05T17:52:37Z,compare-am-gp-n3-4-16-i-adv-mysql-1,do-agent,-1,load_50tps
2026-08-05T17:52:37Z,compare-am-gp-n3-4-16-i-adv-mysql-1,xtrabackup,25559040,load_50tps
2026-08-05T17:52:37Z,compare-am-gp-n3-4-16-i-adv-mysql-2,mysql,13470781440,load_50tps
2026-08-05T17:52:37Z,compare-am-gp-n3-4-16-i-adv-mysql-2,mysqld-exporter,14802944,load_50tps
2026-08-05T17:52:37Z,compare-am-gp-n3-4-16-i-adv-mysql-2,slow-log-tailer,1806336,load_50tps
2026-08-05T17:52:37Z,compare-am-gp-n3-4-16-i-adv-mysql-2,do-agent,-1,load_50tps
2026-08-05T17:52:37Z,compare-am-gp-n3-4-16-i-adv-mysql-2,xtrabackup,24424448,load_50tps
2026-08-05T17:53:10Z,compare-am-gp-n3-4-16-i-adv-mysql-0,mysql,13386756096,load_50tps
2026-08-05T17:53:10Z,compare-am-gp-n3-4-16-i-adv-mysql-0,mysqld-exporter,15679488,load_50tps
2026-08-05T17:53:10Z,compare-am-gp-n3-4-16-i-adv-mysql-0,slow-log-tailer,1974272,load_50tps
2026-08-05T17:53:10Z,compare-am-gp-n3-4-16-i-adv-mysql-0,do-agent,-1,load_50tps
2026-08-05T17:53:10Z,compare-am-gp-n3-4-16-i-adv-mysql-0,xtrabackup,19869696,load_50tps
2026-08-05T17:53:10Z,compare-am-gp-n3-4-16-i-adv-mysql-1,mysql,12952940544,load_50tps
2026-08-05T17:53:10Z,compare-am-gp-n3-4-16-i-adv-mysql-1,mysqld-exporter,15323136,load_50tps
2026-08-05T17:53:10Z,compare-am-gp-n3-4-16-i-adv-mysql-1,slow-log-tailer,6701056,load_50tps
2026-08-05T17:53:10Z,compare-am-gp-n3-4-16-i-adv-mysql-1,do-agent,-1,load_50tps
2026-08-05T17:53:10Z,compare-am-gp-n3-4-16-i-adv-mysql-1,xtrabackup,25583616,load_50tps
2026-08-05T17:53:10Z,compare-am-gp-n3-4-16-i-adv-mysql-2,mysql,13463318528,load_50tps
2026-08-05T17:53:10Z,compare-am-gp-n3-4-16-i-adv-mysql-2,mysqld-exporter,15892480,load_50tps
2026-08-05T17:53:10Z,compare-am-gp-n3-4-16-i-adv-mysql-2,slow-log-tailer,2269184,load_50tps
2026-08-05T17:53:10Z,compare-am-gp-n3-4-16-i-adv-mysql-2,do-agent,-1,load_50tps
2026-08-05T17:53:10Z,compare-am-gp-n3-4-16-i-adv-mysql-2,xtrabackup,24285184,load_50tps
2026-08-05T17:53:43Z,compare-am-gp-n3-4-16-i-adv-mysql-0,mysql,13342863360,load_50tps
2026-08-05T17:53:43Z,compare-am-gp-n3-4-16-i-adv-mysql-0,mysqld-exporter,15671296,load_50tps
2026-08-05T17:53:43Z,compare-am-gp-n3-4-16-i-adv-mysql-0,slow-log-tailer,1994752,load_50tps
2026-08-05T17:53:43Z,compare-am-gp-n3-4-16-i-adv-mysql-0,do-agent,-1,load_50tps
2026-08-05T17:53:43Z,compare-am-gp-n3-4-16-i-adv-mysql-0,xtrabackup,20013056,load_50tps
2026-08-05T17:53:43Z,compare-am-gp-n3-4-16-i-adv-mysql-1,mysql,12985389056,load_50tps
2026-08-05T17:53:43Z,compare-am-gp-n3-4-16-i-adv-mysql-1,mysqld-exporter,15224832,load_50tps
2026-08-05T17:53:43Z,compare-am-gp-n3-4-16-i-adv-mysql-1,slow-log-tailer,6696960,load_50tps
2026-08-05T17:53:43Z,compare-am-gp-n3-4-16-i-adv-mysql-1,do-agent,-1,load_50tps
2026-08-05T17:53:43Z,compare-am-gp-n3-4-16-i-adv-mysql-1,xtrabackup,25526272,load_50tps
2026-08-05T17:53:43Z,compare-am-gp-n3-4-16-i-adv-mysql-2,mysql,13438889984,load_50tps
2026-08-05T17:53:43Z,compare-am-gp-n3-4-16-i-adv-mysql-2,mysqld-exporter,16068608,load_50tps
2026-08-05T17:53:43Z,compare-am-gp-n3-4-16-i-adv-mysql-2,slow-log-tailer,1785856,load_50tps
2026-08-05T17:53:43Z,compare-am-gp-n3-4-16-i-adv-mysql-2,do-agent,-1,load_50tps
2026-08-05T17:53:43Z,compare-am-gp-n3-4-16-i-adv-mysql-2,xtrabackup,24506368,load_50tps
2026-08-05T17:54:16Z,compare-am-gp-n3-4-16-i-adv-mysql-0,mysql,13345992704,load_50tps
2026-08-05T17:54:16Z,compare-am-gp-n3-4-16-i-adv-mysql-0,mysqld-exporter,15687680,load_50tps
2026-08-05T17:54:16Z,compare-am-gp-n3-4-16-i-adv-mysql-0,slow-log-tailer,2052096,load_50tps
2026-08-05T17:54:16Z,compare-am-gp-n3-4-16-i-adv-mysql-0,do-agent,-1,load_50tps
2026-08-05T17:54:16Z,compare-am-gp-n3-4-16-i-adv-mysql-0,xtrabackup,19828736,load_50tps
2026-08-05T17:54:16Z,compare-am-gp-n3-4-16-i-adv-mysql-1,mysql,13016256512,load_50tps
2026-08-05T17:54:16Z,compare-am-gp-n3-4-16-i-adv-mysql-1,mysqld-exporter,15327232,load_50tps
2026-08-05T17:54:16Z,compare-am-gp-n3-4-16-i-adv-mysql-1,slow-log-tailer,6995968,load_50tps
2026-08-05T17:54:16Z,compare-am-gp-n3-4-16-i-adv-mysql-1,do-agent,-1,load_50tps
2026-08-05T17:54:16Z,compare-am-gp-n3-4-16-i-adv-mysql-1,xtrabackup,25731072,load_50tps
2026-08-05T17:54:16Z,compare-am-gp-n3-4-16-i-adv-mysql-2,mysql,13444423680,load_50tps
2026-08-05T17:54:16Z,compare-am-gp-n3-4-16-i-adv-mysql-2,mysqld-exporter,15937536,load_50tps
2026-08-05T17:54:16Z,compare-am-gp-n3-4-16-i-adv-mysql-2,slow-log-tailer,1789952,load_50tps
2026-08-05T17:54:16Z,compare-am-gp-n3-4-16-i-adv-mysql-2,do-agent,-1,load_50tps
2026-08-05T17:54:16Z,compare-am-gp-n3-4-16-i-adv-mysql-2,xtrabackup,24248320,load_50tps
2026-08-05T17:54:49Z,compare-am-gp-n3-4-16-i-adv-mysql-0,mysql,13381107712,load_50tps
2026-08-05T17:54:49Z,compare-am-gp-n3-4-16-i-adv-mysql-0,mysqld-exporter,15826944,load_50tps
2026-08-05T17:54:49Z,compare-am-gp-n3-4-16-i-adv-mysql-0,slow-log-tailer,1941504,load_50tps
2026-08-05T17:54:49Z,compare-am-gp-n3-4-16-i-adv-mysql-0,do-agent,-1,load_50tps
2026-08-05T17:54:49Z,compare-am-gp-n3-4-16-i-adv-mysql-0,xtrabackup,19787776,load_50tps
2026-08-05T17:54:49Z,compare-am-gp-n3-4-16-i-adv-mysql-1,mysql,13043421184,load_50tps
2026-08-05T17:54:49Z,compare-am-gp-n3-4-16-i-adv-mysql-1,mysqld-exporter,15081472,load_50tps
2026-08-05T17:54:49Z,compare-am-gp-n3-4-16-i-adv-mysql-1,slow-log-tailer,6844416,load_50tps
2026-08-05T17:54:49Z,compare-am-gp-n3-4-16-i-adv-mysql-1,do-agent,-1,load_50tps
2026-08-05T17:54:49Z,compare-am-gp-n3-4-16-i-adv-mysql-1,xtrabackup,25337856,load_50tps
2026-08-05T17:54:49Z,compare-am-gp-n3-4-16-i-adv-mysql-2,mysql,13450678272,load_50tps
2026-08-05T17:54:49Z,compare-am-gp-n3-4-16-i-adv-mysql-2,mysqld-exporter,15872000,load_50tps
2026-08-05T17:54:49Z,compare-am-gp-n3-4-16-i-adv-mysql-2,slow-log-tailer,1810432,load_50tps
2026-08-05T17:54:49Z,compare-am-gp-n3-4-16-i-adv-mysql-2,do-agent,-1,load_50tps
2026-08-05T17:54:49Z,compare-am-gp-n3-4-16-i-adv-mysql-2,xtrabackup,24580096,load_50tps
2026-08-05T17:55:22Z,compare-am-gp-n3-4-16-i-adv-mysql-0,mysql,13354299392,load_50tps
2026-08-05T17:55:22Z,compare-am-gp-n3-4-16-i-adv-mysql-0,mysqld-exporter,15851520,load_50tps
2026-08-05T17:55:22Z,compare-am-gp-n3-4-16-i-adv-mysql-0,slow-log-tailer,2101248,load_50tps
2026-08-05T17:55:22Z,compare-am-gp-n3-4-16-i-adv-mysql-0,do-agent,-1,load_50tps
2026-08-05T17:55:22Z,compare-am-gp-n3-4-16-i-adv-mysql-0,xtrabackup,19877888,load_50tps
2026-08-05T17:55:22Z,compare-am-gp-n3-4-16-i-adv-mysql-1,mysql,13072736256,load_50tps
2026-08-05T17:55:22Z,compare-am-gp-n3-4-16-i-adv-mysql-1,mysqld-exporter,15425536,load_50tps
2026-08-05T17:55:22Z,compare-am-gp-n3-4-16-i-adv-mysql-1,slow-log-tailer,6578176,load_50tps
2026-08-05T17:55:22Z,compare-am-gp-n3-4-16-i-adv-mysql-1,do-agent,-1,load_50tps
2026-08-05T17:55:22Z,compare-am-gp-n3-4-16-i-adv-mysql-1,xtrabackup,25378816,load_50tps
2026-08-05T17:55:22Z,compare-am-gp-n3-4-16-i-adv-mysql-2,mysql,13458796544,load_50tps
2026-08-05T17:55:22Z,compare-am-gp-n3-4-16-i-adv-mysql-2,mysqld-exporter,15343616,load_50tps
2026-08-05T17:55:22Z,compare-am-gp-n3-4-16-i-adv-mysql-2,slow-log-tailer,1970176,load_50tps
2026-08-05T17:55:22Z,compare-am-gp-n3-4-16-i-adv-mysql-2,do-agent,-1,load_50tps
2026-08-05T17:55:22Z,compare-am-gp-n3-4-16-i-adv-mysql-2,xtrabackup,24485888,load_50tps
2026-08-05T17:55:56Z,compare-am-gp-n3-4-16-i-adv-mysql-0,mysql,13348859904,load_50tps
2026-08-05T17:55:56Z,compare-am-gp-n3-4-16-i-adv-mysql-0,mysqld-exporter,15859712,load_50tps
2026-08-05T17:55:56Z,compare-am-gp-n3-4-16-i-adv-mysql-0,slow-log-tailer,2138112,load_50tps
2026-08-05T17:55:56Z,compare-am-gp-n3-4-16-i-adv-mysql-0,do-agent,-1,load_50tps
2026-08-05T17:55:56Z,compare-am-gp-n3-4-16-i-adv-mysql-0,xtrabackup,19922944,load_50tps
2026-08-05T17:55:56Z,compare-am-gp-n3-4-16-i-adv-mysql-1,mysql,13023719424,load_50tps
2026-08-05T17:55:56Z,compare-am-gp-n3-4-16-i-adv-mysql-1,mysqld-exporter,15036416,load_50tps
2026-08-05T17:55:56Z,compare-am-gp-n3-4-16-i-adv-mysql-1,slow-log-tailer,6569984,load_50tps
2026-08-05T17:55:56Z,compare-am-gp-n3-4-16-i-adv-mysql-1,do-agent,-1,load_50tps
2026-08-05T17:55:56Z,compare-am-gp-n3-4-16-i-adv-mysql-1,xtrabackup,25501696,load_50tps
2026-08-05T17:55:56Z,compare-am-gp-n3-4-16-i-adv-mysql-2,mysql,13466607616,load_50tps
2026-08-05T17:55:56Z,compare-am-gp-n3-4-16-i-adv-mysql-2,mysqld-exporter,15761408,load_50tps
2026-08-05T17:55:56Z,compare-am-gp-n3-4-16-i-adv-mysql-2,slow-log-tailer,1974272,load_50tps
2026-08-05T17:55:56Z,compare-am-gp-n3-4-16-i-adv-mysql-2,do-agent,-1,load_50tps
2026-08-05T17:55:56Z,compare-am-gp-n3-4-16-i-adv-mysql-2,xtrabackup,24420352,load_50tps
2026-08-05T17:56:28Z,compare-am-gp-n3-4-16-i-adv-mysql-0,mysql,13352312832,load_50tps
2026-08-05T17:56:28Z,compare-am-gp-n3-4-16-i-adv-mysql-0,mysqld-exporter,15740928,load_50tps
2026-08-05T17:56:28Z,compare-am-gp-n3-4-16-i-adv-mysql-0,slow-log-tailer,2437120,load_50tps
2026-08-05T17:56:28Z,compare-am-gp-n3-4-16-i-adv-mysql-0,do-agent,-1,load_50tps
2026-08-05T17:56:28Z,compare-am-gp-n3-4-16-i-adv-mysql-0,xtrabackup,19779584,load_50tps
2026-08-05T17:56:28Z,compare-am-gp-n3-4-16-i-adv-mysql-1,mysql,13011517440,load_50tps
2026-08-05T17:56:28Z,compare-am-gp-n3-4-16-i-adv-mysql-1,mysqld-exporter,15044608,load_50tps
2026-08-05T17:56:28Z,compare-am-gp-n3-4-16-i-adv-mysql-1,slow-log-tailer,6549504,load_50tps
2026-08-05T17:56:28Z,compare-am-gp-n3-4-16-i-adv-mysql-1,do-agent,-1,load_50tps
2026-08-05T17:56:28Z,compare-am-gp-n3-4-16-i-adv-mysql-1,xtrabackup,25595904,load_50tps
2026-08-05T17:56:28Z,compare-am-gp-n3-4-16-i-adv-mysql-2,mysql,13458644992,load_50tps
2026-08-05T17:56:28Z,compare-am-gp-n3-4-16-i-adv-mysql-2,mysqld-exporter,15761408,load_50tps
2026-08-05T17:56:28Z,compare-am-gp-n3-4-16-i-adv-mysql-2,slow-log-tailer,1966080,load_50tps
2026-08-05T17:56:28Z,compare-am-gp-n3-4-16-i-adv-mysql-2,do-agent,-1,load_50tps
2026-08-05T17:56:28Z,compare-am-gp-n3-4-16-i-adv-mysql-2,xtrabackup,24330240,load_50tps
2026-08-05T17:57:01Z,compare-am-gp-n3-4-16-i-adv-mysql-0,mysql,13385236480,load_50tps
2026-08-05T17:57:01Z,compare-am-gp-n3-4-16-i-adv-mysql-0,mysqld-exporter,15646720,load_50tps
2026-08-05T17:57:01Z,compare-am-gp-n3-4-16-i-adv-mysql-0,slow-log-tailer,1843200,load_50tps
2026-08-05T17:57:01Z,compare-am-gp-n3-4-16-i-adv-mysql-0,do-agent,-1,load_50tps
2026-08-05T17:57:01Z,compare-am-gp-n3-4-16-i-adv-mysql-0,xtrabackup,19812352,load_50tps
2026-08-05T17:57:01Z,compare-am-gp-n3-4-16-i-adv-mysql-1,mysql,12819267584,load_50tps
2026-08-05T17:57:01Z,compare-am-gp-n3-4-16-i-adv-mysql-1,mysqld-exporter,15028224,load_50tps
2026-08-05T17:57:01Z,compare-am-gp-n3-4-16-i-adv-mysql-1,slow-log-tailer,6483968,load_50tps
2026-08-05T17:57:01Z,compare-am-gp-n3-4-16-i-adv-mysql-1,do-agent,-1,load_50tps
2026-08-05T17:57:01Z,compare-am-gp-n3-4-16-i-adv-mysql-1,xtrabackup,25341952,load_50tps
2026-08-05T17:57:01Z,compare-am-gp-n3-4-16-i-adv-mysql-2,mysql,13468803072,load_50tps
2026-08-05T17:57:01Z,compare-am-gp-n3-4-16-i-adv-mysql-2,mysqld-exporter,15507456,load_50tps
2026-08-05T17:57:01Z,compare-am-gp-n3-4-16-i-adv-mysql-2,slow-log-tailer,2289664,load_50tps
2026-08-05T17:57:01Z,compare-am-gp-n3-4-16-i-adv-mysql-2,do-agent,-1,load_50tps
2026-08-05T17:57:01Z,compare-am-gp-n3-4-16-i-adv-mysql-2,xtrabackup,25063424,load_50tps
2026-08-05T17:57:35Z,compare-am-gp-n3-4-16-i-adv-mysql-0,mysql,13351174144,load_50tps
2026-08-05T17:57:35Z,compare-am-gp-n3-4-16-i-adv-mysql-0,mysqld-exporter,15642624,load_50tps
2026-08-05T17:57:35Z,compare-am-gp-n3-4-16-i-adv-mysql-0,slow-log-tailer,2256896,load_50tps
2026-08-05T17:57:35Z,compare-am-gp-n3-4-16-i-adv-mysql-0,do-agent,-1,load_50tps
2026-08-05T17:57:35Z,compare-am-gp-n3-4-16-i-adv-mysql-0,xtrabackup,19865600,load_50tps
2026-08-05T17:57:35Z,compare-am-gp-n3-4-16-i-adv-mysql-1,mysql,12846845952,load_50tps
2026-08-05T17:57:35Z,compare-am-gp-n3-4-16-i-adv-mysql-1,mysqld-exporter,14848000,load_50tps
2026-08-05T17:57:35Z,compare-am-gp-n3-4-16-i-adv-mysql-1,slow-log-tailer,6713344,load_50tps
2026-08-05T17:57:35Z,compare-am-gp-n3-4-16-i-adv-mysql-1,do-agent,-1,load_50tps
2026-08-05T17:57:35Z,compare-am-gp-n3-4-16-i-adv-mysql-1,xtrabackup,25665536,load_50tps
2026-08-05T17:57:35Z,compare-am-gp-n3-4-16-i-adv-mysql-2,mysql,13425614848,load_50tps
2026-08-05T17:57:35Z,compare-am-gp-n3-4-16-i-adv-mysql-2,mysqld-exporter,15519744,load_50tps
2026-08-05T17:57:35Z,compare-am-gp-n3-4-16-i-adv-mysql-2,slow-log-tailer,1773568,load_50tps
2026-08-05T17:57:35Z,compare-am-gp-n3-4-16-i-adv-mysql-2,do-agent,-1,load_50tps
2026-08-05T17:57:35Z,compare-am-gp-n3-4-16-i-adv-mysql-2,xtrabackup,24350720,load_50tps
2026-08-05T17:58:07Z,compare-am-gp-n3-4-16-i-adv-mysql-0,mysql,13351948288,load_50tps
2026-08-05T17:58:07Z,compare-am-gp-n3-4-16-i-adv-mysql-0,mysqld-exporter,15917056,load_50tps
2026-08-05T17:58:07Z,compare-am-gp-n3-4-16-i-adv-mysql-0,slow-log-tailer,2039808,load_50tps
2026-08-05T17:58:07Z,compare-am-gp-n3-4-16-i-adv-mysql-0,do-agent,-1,load_50tps
2026-08-05T17:58:07Z,compare-am-gp-n3-4-16-i-adv-mysql-0,xtrabackup,19881984,load_50tps
2026-08-05T17:58:07Z,compare-am-gp-n3-4-16-i-adv-mysql-1,mysql,12873097216,load_50tps
2026-08-05T17:58:07Z,compare-am-gp-n3-4-16-i-adv-mysql-1,mysqld-exporter,15044608,load_50tps
2026-08-05T17:58:07Z,compare-am-gp-n3-4-16-i-adv-mysql-1,slow-log-tailer,6500352,load_50tps
2026-08-05T17:58:07Z,compare-am-gp-n3-4-16-i-adv-mysql-1,do-agent,-1,load_50tps
2026-08-05T17:58:07Z,compare-am-gp-n3-4-16-i-adv-mysql-1,xtrabackup,25526272,load_50tps
2026-08-05T17:58:07Z,compare-am-gp-n3-4-16-i-adv-mysql-2,mysql,13441212416,load_50tps
2026-08-05T17:58:07Z,compare-am-gp-n3-4-16-i-adv-mysql-2,mysqld-exporter,15228928,load_50tps
2026-08-05T17:58:07Z,compare-am-gp-n3-4-16-i-adv-mysql-2,slow-log-tailer,1966080,load_50tps
2026-08-05T17:58:07Z,compare-am-gp-n3-4-16-i-adv-mysql-2,do-agent,-1,load_50tps
2026-08-05T17:58:07Z,compare-am-gp-n3-4-16-i-adv-mysql-2,xtrabackup,24305664,load_50tps
2026-08-05T17:58:40Z,compare-am-gp-n3-4-16-i-adv-mysql-0,mysql,13350543360,load_50tps
2026-08-05T17:58:40Z,compare-am-gp-n3-4-16-i-adv-mysql-0,mysqld-exporter,15679488,load_50tps
2026-08-05T17:58:40Z,compare-am-gp-n3-4-16-i-adv-mysql-0,slow-log-tailer,2039808,load_50tps
2026-08-05T17:58:40Z,compare-am-gp-n3-4-16-i-adv-mysql-0,do-agent,-1,load_50tps
2026-08-05T17:58:40Z,compare-am-gp-n3-4-16-i-adv-mysql-0,xtrabackup,20017152,load_50tps
2026-08-05T17:58:40Z,compare-am-gp-n3-4-16-i-adv-mysql-1,mysql,12898271232,load_50tps
2026-08-05T17:58:40Z,compare-am-gp-n3-4-16-i-adv-mysql-1,mysqld-exporter,15028224,load_50tps
2026-08-05T17:58:40Z,compare-am-gp-n3-4-16-i-adv-mysql-1,slow-log-tailer,6586368,load_50tps
2026-08-05T17:58:40Z,compare-am-gp-n3-4-16-i-adv-mysql-1,do-agent,-1,load_50tps
2026-08-05T17:58:40Z,compare-am-gp-n3-4-16-i-adv-mysql-1,xtrabackup,25763840,load_50tps
2026-08-05T17:58:40Z,compare-am-gp-n3-4-16-i-adv-mysql-2,mysql,13440892928,load_50tps
2026-08-05T17:58:40Z,compare-am-gp-n3-4-16-i-adv-mysql-2,mysqld-exporter,15507456,load_50tps
2026-08-05T17:58:40Z,compare-am-gp-n3-4-16-i-adv-mysql-2,slow-log-tailer,1925120,load_50tps
2026-08-05T17:58:40Z,compare-am-gp-n3-4-16-i-adv-mysql-2,do-agent,-1,load_50tps
2026-08-05T17:58:40Z,compare-am-gp-n3-4-16-i-adv-mysql-2,xtrabackup,24498176,load_50tps
2026-08-05T17:59:13Z,compare-am-gp-n3-4-16-i-adv-mysql-0,mysql,13386780672,load_50tps
2026-08-05T17:59:13Z,compare-am-gp-n3-4-16-i-adv-mysql-0,mysqld-exporter,15417344,load_50tps
2026-08-05T17:59:13Z,compare-am-gp-n3-4-16-i-adv-mysql-0,slow-log-tailer,2031616,load_50tps
2026-08-05T17:59:13Z,compare-am-gp-n3-4-16-i-adv-mysql-0,do-agent,-1,load_50tps
2026-08-05T17:59:13Z,compare-am-gp-n3-4-16-i-adv-mysql-0,xtrabackup,19976192,load_50tps
2026-08-05T17:59:13Z,compare-am-gp-n3-4-16-i-adv-mysql-1,mysql,12928458752,load_50tps
2026-08-05T17:59:13Z,compare-am-gp-n3-4-16-i-adv-mysql-1,mysqld-exporter,15802368,load_50tps
2026-08-05T17:59:13Z,compare-am-gp-n3-4-16-i-adv-mysql-1,slow-log-tailer,6623232,load_50tps
2026-08-05T17:59:13Z,compare-am-gp-n3-4-16-i-adv-mysql-1,do-agent,-1,load_50tps
2026-08-05T17:59:13Z,compare-am-gp-n3-4-16-i-adv-mysql-1,xtrabackup,25763840,load_50tps
2026-08-05T17:59:13Z,compare-am-gp-n3-4-16-i-adv-mysql-2,mysql,13444947968,load_50tps
2026-08-05T17:59:13Z,compare-am-gp-n3-4-16-i-adv-mysql-2,mysqld-exporter,15306752,load_50tps
2026-08-05T17:59:13Z,compare-am-gp-n3-4-16-i-adv-mysql-2,slow-log-tailer,1904640,load_50tps
2026-08-05T17:59:13Z,compare-am-gp-n3-4-16-i-adv-mysql-2,do-agent,-1,load_50tps
2026-08-05T17:59:13Z,compare-am-gp-n3-4-16-i-adv-mysql-2,xtrabackup,24526848,load_50tps
2026-08-05T17:59:46Z,compare-am-gp-n3-4-16-i-adv-mysql-0,mysql,13347459072,load_50tps
2026-08-05T17:59:46Z,compare-am-gp-n3-4-16-i-adv-mysql-0,mysqld-exporter,15605760,load_50tps
2026-08-05T17:59:46Z,compare-am-gp-n3-4-16-i-adv-mysql-0,slow-log-tailer,2056192,load_50tps
2026-08-05T17:59:46Z,compare-am-gp-n3-4-16-i-adv-mysql-0,do-agent,-1,load_50tps
2026-08-05T17:59:46Z,compare-am-gp-n3-4-16-i-adv-mysql-0,xtrabackup,19746816,load_50tps
2026-08-05T17:59:46Z,compare-am-gp-n3-4-16-i-adv-mysql-1,mysql,12955656192,load_50tps
2026-08-05T17:59:46Z,compare-am-gp-n3-4-16-i-adv-mysql-1,mysqld-exporter,15769600,load_50tps
2026-08-05T17:59:46Z,compare-am-gp-n3-4-16-i-adv-mysql-1,slow-log-tailer,6574080,load_50tps
2026-08-05T17:59:46Z,compare-am-gp-n3-4-16-i-adv-mysql-1,do-agent,-1,load_50tps
2026-08-05T17:59:46Z,compare-am-gp-n3-4-16-i-adv-mysql-1,xtrabackup,25600000,load_50tps
2026-08-05T17:59:46Z,compare-am-gp-n3-4-16-i-adv-mysql-2,mysql,13469564928,load_50tps
2026-08-05T17:59:46Z,compare-am-gp-n3-4-16-i-adv-mysql-2,mysqld-exporter,15220736,load_50tps
2026-08-05T17:59:46Z,compare-am-gp-n3-4-16-i-adv-mysql-2,slow-log-tailer,1794048,load_50tps
2026-08-05T17:59:46Z,compare-am-gp-n3-4-16-i-adv-mysql-2,do-agent,-1,load_50tps
2026-08-05T17:59:46Z,compare-am-gp-n3-4-16-i-adv-mysql-2,xtrabackup,24395776,load_50tps
2026-08-05T18:00:18Z,compare-am-gp-n3-4-16-i-adv-mysql-0,mysql,13322366976,load_50tps
2026-08-05T18:00:18Z,compare-am-gp-n3-4-16-i-adv-mysql-0,mysqld-exporter,15552512,load_50tps
2026-08-05T18:00:18Z,compare-am-gp-n3-4-16-i-adv-mysql-0,slow-log-tailer,2076672,load_50tps
2026-08-05T18:00:18Z,compare-am-gp-n3-4-16-i-adv-mysql-0,do-agent,-1,load_50tps
2026-08-05T18:00:18Z,compare-am-gp-n3-4-16-i-adv-mysql-0,xtrabackup,20008960,load_50tps
2026-08-05T18:00:18Z,compare-am-gp-n3-4-16-i-adv-mysql-1,mysql,12982865920,load_50tps
2026-08-05T18:00:18Z,compare-am-gp-n3-4-16-i-adv-mysql-1,mysqld-exporter,15581184,load_50tps
2026-08-05T18:00:18Z,compare-am-gp-n3-4-16-i-adv-mysql-1,slow-log-tailer,6598656,load_50tps
2026-08-05T18:00:18Z,compare-am-gp-n3-4-16-i-adv-mysql-1,do-agent,-1,load_50tps
2026-08-05T18:00:18Z,compare-am-gp-n3-4-16-i-adv-mysql-1,xtrabackup,25341952,load_50tps
2026-08-05T18:00:18Z,compare-am-gp-n3-4-16-i-adv-mysql-2,mysql,13468979200,load_50tps
2026-08-05T18:00:18Z,compare-am-gp-n3-4-16-i-adv-mysql-2,mysqld-exporter,15196160,load_50tps
2026-08-05T18:00:18Z,compare-am-gp-n3-4-16-i-adv-mysql-2,slow-log-tailer,1896448,load_50tps
2026-08-05T18:00:18Z,compare-am-gp-n3-4-16-i-adv-mysql-2,do-agent,-1,load_50tps
2026-08-05T18:00:18Z,compare-am-gp-n3-4-16-i-adv-mysql-2,xtrabackup,24494080,load_50tps
2026-08-05T18:00:51Z,compare-am-gp-n3-4-16-i-adv-mysql-0,mysql,13349580800,load_50tps
2026-08-05T18:00:51Z,compare-am-gp-n3-4-16-i-adv-mysql-0,mysqld-exporter,16048128,load_50tps
2026-08-05T18:00:51Z,compare-am-gp-n3-4-16-i-adv-mysql-0,slow-log-tailer,1871872,load_50tps
2026-08-05T18:00:51Z,compare-am-gp-n3-4-16-i-adv-mysql-0,do-agent,-1,load_50tps
2026-08-05T18:00:51Z,compare-am-gp-n3-4-16-i-adv-mysql-0,xtrabackup,19910656,load_50tps
2026-08-05T18:00:51Z,compare-am-gp-n3-4-16-i-adv-mysql-1,mysql,13008412672,load_50tps
2026-08-05T18:00:51Z,compare-am-gp-n3-4-16-i-adv-mysql-1,mysqld-exporter,16080896,load_50tps
2026-08-05T18:00:51Z,compare-am-gp-n3-4-16-i-adv-mysql-1,slow-log-tailer,6565888,load_50tps
2026-08-05T18:00:51Z,compare-am-gp-n3-4-16-i-adv-mysql-1,do-agent,-1,load_50tps
2026-08-05T18:00:51Z,compare-am-gp-n3-4-16-i-adv-mysql-1,xtrabackup,25587712,load_50tps
2026-08-05T18:00:51Z,compare-am-gp-n3-4-16-i-adv-mysql-2,mysql,13437825024,load_50tps
2026-08-05T18:00:51Z,compare-am-gp-n3-4-16-i-adv-mysql-2,mysqld-exporter,15200256,load_50tps
2026-08-05T18:00:51Z,compare-am-gp-n3-4-16-i-adv-mysql-2,slow-log-tailer,2060288,load_50tps
2026-08-05T18:00:51Z,compare-am-gp-n3-4-16-i-adv-mysql-2,do-agent,-1,load_50tps
2026-08-05T18:00:51Z,compare-am-gp-n3-4-16-i-adv-mysql-2,xtrabackup,24690688,load_50tps
2026-08-05T18:01:24Z,compare-am-gp-n3-4-16-i-adv-mysql-0,mysql,13306298368,load_50tps
2026-08-05T18:01:24Z,compare-am-gp-n3-4-16-i-adv-mysql-0,mysqld-exporter,16007168,load_50tps
2026-08-05T18:01:24Z,compare-am-gp-n3-4-16-i-adv-mysql-0,slow-log-tailer,1880064,load_50tps
2026-08-05T18:01:24Z,compare-am-gp-n3-4-16-i-adv-mysql-0,do-agent,-1,load_50tps
2026-08-05T18:01:24Z,compare-am-gp-n3-4-16-i-adv-mysql-0,xtrabackup,19677184,load_50tps
2026-08-05T18:01:24Z,compare-am-gp-n3-4-16-i-adv-mysql-1,mysql,12997496832,load_50tps
2026-08-05T18:01:24Z,compare-am-gp-n3-4-16-i-adv-mysql-1,mysqld-exporter,15724544,load_50tps
2026-08-05T18:01:24Z,compare-am-gp-n3-4-16-i-adv-mysql-1,slow-log-tailer,6578176,load_50tps
2026-08-05T18:01:24Z,compare-am-gp-n3-4-16-i-adv-mysql-1,do-agent,-1,load_50tps
2026-08-05T18:01:24Z,compare-am-gp-n3-4-16-i-adv-mysql-1,xtrabackup,25702400,load_50tps
2026-08-05T18:01:24Z,compare-am-gp-n3-4-16-i-adv-mysql-2,mysql,13472157696,load_50tps
2026-08-05T18:01:24Z,compare-am-gp-n3-4-16-i-adv-mysql-2,mysqld-exporter,14901248,load_50tps
2026-08-05T18:01:24Z,compare-am-gp-n3-4-16-i-adv-mysql-2,slow-log-tailer,1806336,load_50tps
2026-08-05T18:01:24Z,compare-am-gp-n3-4-16-i-adv-mysql-2,do-agent,-1,load_50tps
2026-08-05T18:01:24Z,compare-am-gp-n3-4-16-i-adv-mysql-2,xtrabackup,24563712,load_50tps
2026-08-05T18:01:58Z,compare-am-gp-n3-4-16-i-adv-mysql-0,mysql,13288886272,load_50tps
2026-08-05T18:01:58Z,compare-am-gp-n3-4-16-i-adv-mysql-0,mysqld-exporter,16273408,load_50tps
2026-08-05T18:01:58Z,compare-am-gp-n3-4-16-i-adv-mysql-0,slow-log-tailer,2109440,load_50tps
2026-08-05T18:01:58Z,compare-am-gp-n3-4-16-i-adv-mysql-0,do-agent,-1,load_50tps
2026-08-05T18:01:58Z,compare-am-gp-n3-4-16-i-adv-mysql-0,xtrabackup,19812352,load_50tps
2026-08-05T18:01:58Z,compare-am-gp-n3-4-16-i-adv-mysql-1,mysql,12987961344,load_50tps
2026-08-05T18:01:58Z,compare-am-gp-n3-4-16-i-adv-mysql-1,mysqld-exporter,15888384,load_50tps
2026-08-05T18:01:58Z,compare-am-gp-n3-4-16-i-adv-mysql-1,slow-log-tailer,6467584,load_50tps
2026-08-05T18:01:58Z,compare-am-gp-n3-4-16-i-adv-mysql-1,do-agent,-1,load_50tps
2026-08-05T18:01:58Z,compare-am-gp-n3-4-16-i-adv-mysql-1,xtrabackup,25620480,load_50tps
2026-08-05T18:01:58Z,compare-am-gp-n3-4-16-i-adv-mysql-2,mysql,13475516416,load_50tps
2026-08-05T18:01:58Z,compare-am-gp-n3-4-16-i-adv-mysql-2,mysqld-exporter,14876672,load_50tps
2026-08-05T18:01:58Z,compare-am-gp-n3-4-16-i-adv-mysql-2,slow-log-tailer,1843200,load_50tps
2026-08-05T18:01:58Z,compare-am-gp-n3-4-16-i-adv-mysql-2,do-agent,-1,load_50tps
2026-08-05T18:01:58Z,compare-am-gp-n3-4-16-i-adv-mysql-2,xtrabackup,24477696,load_50tps
2026-08-05T18:02:30Z,compare-am-gp-n3-4-16-i-adv-mysql-0,mysql,13300031488,load_50tps
2026-08-05T18:02:30Z,compare-am-gp-n3-4-16-i-adv-mysql-0,mysqld-exporter,15921152,load_50tps
2026-08-05T18:02:30Z,compare-am-gp-n3-4-16-i-adv-mysql-0,slow-log-tailer,1953792,load_50tps
2026-08-05T18:02:30Z,compare-am-gp-n3-4-16-i-adv-mysql-0,do-agent,-1,load_50tps
2026-08-05T18:02:30Z,compare-am-gp-n3-4-16-i-adv-mysql-0,xtrabackup,19791872,load_50tps
2026-08-05T18:02:30Z,compare-am-gp-n3-4-16-i-adv-mysql-1,mysql,12832575488,load_50tps
2026-08-05T18:02:30Z,compare-am-gp-n3-4-16-i-adv-mysql-1,mysqld-exporter,15880192,load_50tps
2026-08-05T18:02:30Z,compare-am-gp-n3-4-16-i-adv-mysql-1,slow-log-tailer,6713344,load_50tps
2026-08-05T18:02:30Z,compare-am-gp-n3-4-16-i-adv-mysql-1,do-agent,-1,load_50tps
2026-08-05T18:02:30Z,compare-am-gp-n3-4-16-i-adv-mysql-1,xtrabackup,25522176,load_50tps
2026-08-05T18:02:30Z,compare-am-gp-n3-4-16-i-adv-mysql-2,mysql,13465329664,load_50tps
2026-08-05T18:02:30Z,compare-am-gp-n3-4-16-i-adv-mysql-2,mysqld-exporter,14987264,load_50tps
2026-08-05T18:02:30Z,compare-am-gp-n3-4-16-i-adv-mysql-2,slow-log-tailer,2052096,load_50tps
2026-08-05T18:02:30Z,compare-am-gp-n3-4-16-i-adv-mysql-2,do-agent,-1,load_50tps
2026-08-05T18:02:30Z,compare-am-gp-n3-4-16-i-adv-mysql-2,xtrabackup,24506368,load_50tps
2026-08-05T18:03:04Z,compare-am-gp-n3-4-16-i-adv-mysql-0,mysql,13283172352,cooldown_50_100
2026-08-05T18:03:04Z,compare-am-gp-n3-4-16-i-adv-mysql-0,mysqld-exporter,15933440,cooldown_50_100
2026-08-05T18:03:04Z,compare-am-gp-n3-4-16-i-adv-mysql-0,slow-log-tailer,1937408,cooldown_50_100
2026-08-05T18:03:04Z,compare-am-gp-n3-4-16-i-adv-mysql-0,do-agent,-1,cooldown_50_100
2026-08-05T18:03:04Z,compare-am-gp-n3-4-16-i-adv-mysql-0,xtrabackup,19873792,cooldown_50_100
2026-08-05T18:03:04Z,compare-am-gp-n3-4-16-i-adv-mysql-1,mysql,12850425856,cooldown_50_100
2026-08-05T18:03:04Z,compare-am-gp-n3-4-16-i-adv-mysql-1,mysqld-exporter,15392768,cooldown_50_100
2026-08-05T18:03:04Z,compare-am-gp-n3-4-16-i-adv-mysql-1,slow-log-tailer,6742016,cooldown_50_100
2026-08-05T18:03:04Z,compare-am-gp-n3-4-16-i-adv-mysql-1,do-agent,-1,cooldown_50_100
2026-08-05T18:03:04Z,compare-am-gp-n3-4-16-i-adv-mysql-1,xtrabackup,25538560,cooldown_50_100
2026-08-05T18:03:04Z,compare-am-gp-n3-4-16-i-adv-mysql-2,mysql,13470638080,cooldown_50_100
2026-08-05T18:03:04Z,compare-am-gp-n3-4-16-i-adv-mysql-2,mysqld-exporter,14970880,cooldown_50_100
2026-08-05T18:03:04Z,compare-am-gp-n3-4-16-i-adv-mysql-2,slow-log-tailer,2039808,cooldown_50_100
2026-08-05T18:03:04Z,compare-am-gp-n3-4-16-i-adv-mysql-2,do-agent,-1,cooldown_50_100
2026-08-05T18:03:04Z,compare-am-gp-n3-4-16-i-adv-mysql-2,xtrabackup,24584192,cooldown_50_100
2026-08-05T18:03:37Z,compare-am-gp-n3-4-16-i-adv-mysql-0,mysql,13284237312,cooldown_50_100
2026-08-05T18:03:37Z,compare-am-gp-n3-4-16-i-adv-mysql-0,mysqld-exporter,15933440,cooldown_50_100
2026-08-05T18:03:37Z,compare-am-gp-n3-4-16-i-adv-mysql-0,slow-log-tailer,2408448,cooldown_50_100
2026-08-05T18:03:37Z,compare-am-gp-n3-4-16-i-adv-mysql-0,do-agent,-1,cooldown_50_100
2026-08-05T18:03:37Z,compare-am-gp-n3-4-16-i-adv-mysql-0,xtrabackup,20029440,cooldown_50_100
2026-08-05T18:03:37Z,compare-am-gp-n3-4-16-i-adv-mysql-1,mysql,12848816128,cooldown_50_100
2026-08-05T18:03:37Z,compare-am-gp-n3-4-16-i-adv-mysql-1,mysqld-exporter,15351808,cooldown_50_100
2026-08-05T18:03:37Z,compare-am-gp-n3-4-16-i-adv-mysql-1,slow-log-tailer,6737920,cooldown_50_100
2026-08-05T18:03:37Z,compare-am-gp-n3-4-16-i-adv-mysql-1,do-agent,-1,cooldown_50_100
2026-08-05T18:03:37Z,compare-am-gp-n3-4-16-i-adv-mysql-1,xtrabackup,25571328,cooldown_50_100
2026-08-05T18:03:37Z,compare-am-gp-n3-4-16-i-adv-mysql-2,mysql,13460246528,cooldown_50_100
2026-08-05T18:03:37Z,compare-am-gp-n3-4-16-i-adv-mysql-2,mysqld-exporter,15405056,cooldown_50_100
2026-08-05T18:03:37Z,compare-am-gp-n3-4-16-i-adv-mysql-2,slow-log-tailer,2117632,cooldown_50_100
2026-08-05T18:03:37Z,compare-am-gp-n3-4-16-i-adv-mysql-2,do-agent,-1,cooldown_50_100
2026-08-05T18:03:37Z,compare-am-gp-n3-4-16-i-adv-mysql-2,xtrabackup,24485888,cooldown_50_100
2026-08-05T18:04:09Z,compare-am-gp-n3-4-16-i-adv-mysql-0,mysql,13269307392,cooldown_50_100
2026-08-05T18:04:09Z,compare-am-gp-n3-4-16-i-adv-mysql-0,mysqld-exporter,16003072,cooldown_50_100
2026-08-05T18:04:09Z,compare-am-gp-n3-4-16-i-adv-mysql-0,slow-log-tailer,2039808,cooldown_50_100
2026-08-05T18:04:09Z,compare-am-gp-n3-4-16-i-adv-mysql-0,do-agent,-1,cooldown_50_100
2026-08-05T18:04:09Z,compare-am-gp-n3-4-16-i-adv-mysql-0,xtrabackup,20041728,cooldown_50_100
2026-08-05T18:04:09Z,compare-am-gp-n3-4-16-i-adv-mysql-1,mysql,12849160192,cooldown_50_100
2026-08-05T18:04:09Z,compare-am-gp-n3-4-16-i-adv-mysql-1,mysqld-exporter,15269888,cooldown_50_100
2026-08-05T18:04:09Z,compare-am-gp-n3-4-16-i-adv-mysql-1,slow-log-tailer,6578176,cooldown_50_100
2026-08-05T18:04:09Z,compare-am-gp-n3-4-16-i-adv-mysql-1,do-agent,-1,cooldown_50_100
2026-08-05T18:04:09Z,compare-am-gp-n3-4-16-i-adv-mysql-1,xtrabackup,25542656,cooldown_50_100
2026-08-05T18:04:09Z,compare-am-gp-n3-4-16-i-adv-mysql-2,mysql,13459595264,cooldown_50_100
2026-08-05T18:04:09Z,compare-am-gp-n3-4-16-i-adv-mysql-2,mysqld-exporter,15577088,cooldown_50_100
2026-08-05T18:04:09Z,compare-am-gp-n3-4-16-i-adv-mysql-2,slow-log-tailer,1843200,cooldown_50_100
2026-08-05T18:04:09Z,compare-am-gp-n3-4-16-i-adv-mysql-2,do-agent,-1,cooldown_50_100
2026-08-05T18:04:09Z,compare-am-gp-n3-4-16-i-adv-mysql-2,xtrabackup,24428544,cooldown_50_100
2026-08-05T18:04:42Z,compare-am-gp-n3-4-16-i-adv-mysql-0,mysql,13248700416,cooldown_50_100
2026-08-05T18:04:42Z,compare-am-gp-n3-4-16-i-adv-mysql-0,mysqld-exporter,15978496,cooldown_50_100
2026-08-05T18:04:42Z,compare-am-gp-n3-4-16-i-adv-mysql-0,slow-log-tailer,2265088,cooldown_50_100
2026-08-05T18:04:42Z,compare-am-gp-n3-4-16-i-adv-mysql-0,do-agent,-1,cooldown_50_100
2026-08-05T18:04:42Z,compare-am-gp-n3-4-16-i-adv-mysql-0,xtrabackup,19927040,cooldown_50_100
2026-08-05T18:04:42Z,compare-am-gp-n3-4-16-i-adv-mysql-1,mysql,12846403584,cooldown_50_100
2026-08-05T18:04:42Z,compare-am-gp-n3-4-16-i-adv-mysql-1,mysqld-exporter,15347712,cooldown_50_100
2026-08-05T18:04:42Z,compare-am-gp-n3-4-16-i-adv-mysql-1,slow-log-tailer,6606848,cooldown_50_100
2026-08-05T18:04:42Z,compare-am-gp-n3-4-16-i-adv-mysql-1,do-agent,-1,cooldown_50_100
2026-08-05T18:04:42Z,compare-am-gp-n3-4-16-i-adv-mysql-1,xtrabackup,25571328,cooldown_50_100
2026-08-05T18:04:42Z,compare-am-gp-n3-4-16-i-adv-mysql-2,mysql,13459615744,cooldown_50_100
2026-08-05T18:04:42Z,compare-am-gp-n3-4-16-i-adv-mysql-2,mysqld-exporter,15400960,cooldown_50_100
2026-08-05T18:04:42Z,compare-am-gp-n3-4-16-i-adv-mysql-2,slow-log-tailer,1982464,cooldown_50_100
2026-08-05T18:04:42Z,compare-am-gp-n3-4-16-i-adv-mysql-2,do-agent,-1,cooldown_50_100
2026-08-05T18:04:42Z,compare-am-gp-n3-4-16-i-adv-mysql-2,xtrabackup,24436736,cooldown_50_100
2026-08-05T18:05:15Z,compare-am-gp-n3-4-16-i-adv-mysql-0,mysql,13265367040,load_100tps
2026-08-05T18:05:15Z,compare-am-gp-n3-4-16-i-adv-mysql-0,mysqld-exporter,16457728,load_100tps
2026-08-05T18:05:15Z,compare-am-gp-n3-4-16-i-adv-mysql-0,slow-log-tailer,2179072,load_100tps
2026-08-05T18:05:15Z,compare-am-gp-n3-4-16-i-adv-mysql-0,do-agent,-1,load_100tps
2026-08-05T18:05:15Z,compare-am-gp-n3-4-16-i-adv-mysql-0,xtrabackup,19873792,load_100tps
2026-08-05T18:05:15Z,compare-am-gp-n3-4-16-i-adv-mysql-1,mysql,12850470912,load_100tps
2026-08-05T18:05:15Z,compare-am-gp-n3-4-16-i-adv-mysql-1,mysqld-exporter,15495168,load_100tps
2026-08-05T18:05:15Z,compare-am-gp-n3-4-16-i-adv-mysql-1,slow-log-tailer,6701056,load_100tps
2026-08-05T18:05:15Z,compare-am-gp-n3-4-16-i-adv-mysql-1,do-agent,-1,load_100tps
2026-08-05T18:05:15Z,compare-am-gp-n3-4-16-i-adv-mysql-1,xtrabackup,25337856,load_100tps
2026-08-05T18:05:15Z,compare-am-gp-n3-4-16-i-adv-mysql-2,mysql,13469720576,load_100tps
2026-08-05T18:05:15Z,compare-am-gp-n3-4-16-i-adv-mysql-2,mysqld-exporter,15736832,load_100tps
2026-08-05T18:05:15Z,compare-am-gp-n3-4-16-i-adv-mysql-2,slow-log-tailer,1961984,load_100tps
2026-08-05T18:05:15Z,compare-am-gp-n3-4-16-i-adv-mysql-2,do-agent,-1,load_100tps
2026-08-05T18:05:15Z,compare-am-gp-n3-4-16-i-adv-mysql-2,xtrabackup,24428544,load_100tps
2026-08-05T18:05:48Z,compare-am-gp-n3-4-16-i-adv-mysql-0,mysql,13258375168,load_100tps
2026-08-05T18:05:48Z,compare-am-gp-n3-4-16-i-adv-mysql-0,mysqld-exporter,16478208,load_100tps
2026-08-05T18:05:48Z,compare-am-gp-n3-4-16-i-adv-mysql-0,slow-log-tailer,2019328,load_100tps
2026-08-05T18:05:48Z,compare-am-gp-n3-4-16-i-adv-mysql-0,do-agent,-1,load_100tps
2026-08-05T18:05:48Z,compare-am-gp-n3-4-16-i-adv-mysql-0,xtrabackup,19877888,load_100tps
2026-08-05T18:05:48Z,compare-am-gp-n3-4-16-i-adv-mysql-1,mysql,12913868800,load_100tps
2026-08-05T18:05:48Z,compare-am-gp-n3-4-16-i-adv-mysql-1,mysqld-exporter,15368192,load_100tps
2026-08-05T18:05:48Z,compare-am-gp-n3-4-16-i-adv-mysql-1,slow-log-tailer,6524928,load_100tps
2026-08-05T18:05:48Z,compare-am-gp-n3-4-16-i-adv-mysql-1,do-agent,-1,load_100tps
2026-08-05T18:05:48Z,compare-am-gp-n3-4-16-i-adv-mysql-1,xtrabackup,25497600,load_100tps
2026-08-05T18:05:48Z,compare-am-gp-n3-4-16-i-adv-mysql-2,mysql,13464338432,load_100tps
2026-08-05T18:05:48Z,compare-am-gp-n3-4-16-i-adv-mysql-2,mysqld-exporter,15577088,load_100tps
2026-08-05T18:05:48Z,compare-am-gp-n3-4-16-i-adv-mysql-2,slow-log-tailer,1871872,load_100tps
2026-08-05T18:05:48Z,compare-am-gp-n3-4-16-i-adv-mysql-2,do-agent,-1,load_100tps
2026-08-05T18:05:48Z,compare-am-gp-n3-4-16-i-adv-mysql-2,xtrabackup,24387584,load_100tps
2026-08-05T18:06:20Z,compare-am-gp-n3-4-16-i-adv-mysql-0,mysql,13286780928,load_100tps
2026-08-05T18:06:20Z,compare-am-gp-n3-4-16-i-adv-mysql-0,mysqld-exporter,16384000,load_100tps
2026-08-05T18:06:20Z,compare-am-gp-n3-4-16-i-adv-mysql-0,slow-log-tailer,2158592,load_100tps
2026-08-05T18:06:20Z,compare-am-gp-n3-4-16-i-adv-mysql-0,do-agent,-1,load_100tps
2026-08-05T18:06:20Z,compare-am-gp-n3-4-16-i-adv-mysql-0,xtrabackup,19787776,load_100tps
2026-08-05T18:06:20Z,compare-am-gp-n3-4-16-i-adv-mysql-1,mysql,12969418752,load_100tps
2026-08-05T18:06:20Z,compare-am-gp-n3-4-16-i-adv-mysql-1,mysqld-exporter,15450112,load_100tps
2026-08-05T18:06:20Z,compare-am-gp-n3-4-16-i-adv-mysql-1,slow-log-tailer,6860800,load_100tps
2026-08-05T18:06:20Z,compare-am-gp-n3-4-16-i-adv-mysql-1,do-agent,-1,load_100tps
2026-08-05T18:06:20Z,compare-am-gp-n3-4-16-i-adv-mysql-1,xtrabackup,25522176,load_100tps
2026-08-05T18:06:20Z,compare-am-gp-n3-4-16-i-adv-mysql-2,mysql,13425106944,load_100tps
2026-08-05T18:06:20Z,compare-am-gp-n3-4-16-i-adv-mysql-2,mysqld-exporter,15478784,load_100tps
2026-08-05T18:06:20Z,compare-am-gp-n3-4-16-i-adv-mysql-2,slow-log-tailer,1974272,load_100tps
2026-08-05T18:06:20Z,compare-am-gp-n3-4-16-i-adv-mysql-2,do-agent,-1,load_100tps
2026-08-05T18:06:20Z,compare-am-gp-n3-4-16-i-adv-mysql-2,xtrabackup,24526848,load_100tps
2026-08-05T18:06:54Z,compare-am-gp-n3-4-16-i-adv-mysql-0,mysql,13259132928,load_100tps
2026-08-05T18:06:54Z,compare-am-gp-n3-4-16-i-adv-mysql-0,mysqld-exporter,15880192,load_100tps
2026-08-05T18:06:54Z,compare-am-gp-n3-4-16-i-adv-mysql-0,slow-log-tailer,2064384,load_100tps
2026-08-05T18:06:54Z,compare-am-gp-n3-4-16-i-adv-mysql-0,do-agent,-1,load_100tps
2026-08-05T18:06:54Z,compare-am-gp-n3-4-16-i-adv-mysql-0,xtrabackup,19775488,load_100tps
2026-08-05T18:06:54Z,compare-am-gp-n3-4-16-i-adv-mysql-1,mysql,12998123520,load_100tps
2026-08-05T18:06:54Z,compare-am-gp-n3-4-16-i-adv-mysql-1,mysqld-exporter,14946304,load_100tps
2026-08-05T18:06:54Z,compare-am-gp-n3-4-16-i-adv-mysql-1,slow-log-tailer,6729728,load_100tps
2026-08-05T18:06:54Z,compare-am-gp-n3-4-16-i-adv-mysql-1,do-agent,-1,load_100tps
2026-08-05T18:06:54Z,compare-am-gp-n3-4-16-i-adv-mysql-1,xtrabackup,25313280,load_100tps
2026-08-05T18:06:54Z,compare-am-gp-n3-4-16-i-adv-mysql-2,mysql,13461192704,load_100tps
2026-08-05T18:06:54Z,compare-am-gp-n3-4-16-i-adv-mysql-2,mysqld-exporter,15630336,load_100tps
2026-08-05T18:06:54Z,compare-am-gp-n3-4-16-i-adv-mysql-2,slow-log-tailer,1998848,load_100tps
2026-08-05T18:06:54Z,compare-am-gp-n3-4-16-i-adv-mysql-2,do-agent,-1,load_100tps
2026-08-05T18:06:54Z,compare-am-gp-n3-4-16-i-adv-mysql-2,xtrabackup,24428544,load_100tps
2026-08-05T18:07:27Z,compare-am-gp-n3-4-16-i-adv-mysql-0,mysql,13243408384,load_100tps
2026-08-05T18:07:27Z,compare-am-gp-n3-4-16-i-adv-mysql-0,mysqld-exporter,15785984,load_100tps
2026-08-05T18:07:27Z,compare-am-gp-n3-4-16-i-adv-mysql-0,slow-log-tailer,1970176,load_100tps
2026-08-05T18:07:27Z,compare-am-gp-n3-4-16-i-adv-mysql-0,do-agent,-1,load_100tps
2026-08-05T18:07:27Z,compare-am-gp-n3-4-16-i-adv-mysql-0,xtrabackup,19800064,load_100tps
2026-08-05T18:07:27Z,compare-am-gp-n3-4-16-i-adv-mysql-1,mysql,12810018816,load_100tps
2026-08-05T18:07:27Z,compare-am-gp-n3-4-16-i-adv-mysql-1,mysqld-exporter,15020032,load_100tps
2026-08-05T18:07:27Z,compare-am-gp-n3-4-16-i-adv-mysql-1,slow-log-tailer,6889472,load_100tps
2026-08-05T18:07:27Z,compare-am-gp-n3-4-16-i-adv-mysql-1,do-agent,-1,load_100tps
2026-08-05T18:07:27Z,compare-am-gp-n3-4-16-i-adv-mysql-1,xtrabackup,25645056,load_100tps
2026-08-05T18:07:27Z,compare-am-gp-n3-4-16-i-adv-mysql-2,mysql,13479473152,load_100tps
2026-08-05T18:07:27Z,compare-am-gp-n3-4-16-i-adv-mysql-2,mysqld-exporter,15695872,load_100tps
2026-08-05T18:07:27Z,compare-am-gp-n3-4-16-i-adv-mysql-2,slow-log-tailer,1978368,load_100tps
2026-08-05T18:07:27Z,compare-am-gp-n3-4-16-i-adv-mysql-2,do-agent,-1,load_100tps
2026-08-05T18:07:27Z,compare-am-gp-n3-4-16-i-adv-mysql-2,xtrabackup,24514560,load_100tps
2026-08-05T18:08:00Z,compare-am-gp-n3-4-16-i-adv-mysql-0,mysql,13242675200,load_100tps
2026-08-05T18:08:00Z,compare-am-gp-n3-4-16-i-adv-mysql-0,mysqld-exporter,15941632,load_100tps
2026-08-05T18:08:00Z,compare-am-gp-n3-4-16-i-adv-mysql-0,slow-log-tailer,2158592,load_100tps
2026-08-05T18:08:00Z,compare-am-gp-n3-4-16-i-adv-mysql-0,do-agent,-1,load_100tps
2026-08-05T18:08:00Z,compare-am-gp-n3-4-16-i-adv-mysql-0,xtrabackup,19820544,load_100tps
2026-08-05T18:08:00Z,compare-am-gp-n3-4-16-i-adv-mysql-1,mysql,12868153344,load_100tps
2026-08-05T18:08:00Z,compare-am-gp-n3-4-16-i-adv-mysql-1,mysqld-exporter,15380480,load_100tps
2026-08-05T18:08:00Z,compare-am-gp-n3-4-16-i-adv-mysql-1,slow-log-tailer,6467584,load_100tps
2026-08-05T18:08:00Z,compare-am-gp-n3-4-16-i-adv-mysql-1,do-agent,-1,load_100tps
2026-08-05T18:08:00Z,compare-am-gp-n3-4-16-i-adv-mysql-1,xtrabackup,25534464,load_100tps
2026-08-05T18:08:00Z,compare-am-gp-n3-4-16-i-adv-mysql-2,mysql,13471313920,load_100tps
2026-08-05T18:08:00Z,compare-am-gp-n3-4-16-i-adv-mysql-2,mysqld-exporter,15654912,load_100tps
2026-08-05T18:08:00Z,compare-am-gp-n3-4-16-i-adv-mysql-2,slow-log-tailer,2301952,load_100tps
2026-08-05T18:08:00Z,compare-am-gp-n3-4-16-i-adv-mysql-2,do-agent,-1,load_100tps
2026-08-05T18:08:00Z,compare-am-gp-n3-4-16-i-adv-mysql-2,xtrabackup,24616960,load_100tps
2026-08-05T18:08:34Z,compare-am-gp-n3-4-16-i-adv-mysql-0,mysql,13245710336,load_100tps
2026-08-05T18:08:34Z,compare-am-gp-n3-4-16-i-adv-mysql-0,mysqld-exporter,15773696,load_100tps
2026-08-05T18:08:34Z,compare-am-gp-n3-4-16-i-adv-mysql-0,slow-log-tailer,2052096,load_100tps
2026-08-05T18:08:34Z,compare-am-gp-n3-4-16-i-adv-mysql-0,do-agent,-1,load_100tps
2026-08-05T18:08:34Z,compare-am-gp-n3-4-16-i-adv-mysql-0,xtrabackup,19857408,load_100tps
2026-08-05T18:08:34Z,compare-am-gp-n3-4-16-i-adv-mysql-1,mysql,12923256832,load_100tps
2026-08-05T18:08:34Z,compare-am-gp-n3-4-16-i-adv-mysql-1,mysqld-exporter,14901248,load_100tps
2026-08-05T18:08:34Z,compare-am-gp-n3-4-16-i-adv-mysql-1,slow-log-tailer,7036928,load_100tps
2026-08-05T18:08:34Z,compare-am-gp-n3-4-16-i-adv-mysql-1,do-agent,-1,load_100tps
2026-08-05T18:08:34Z,compare-am-gp-n3-4-16-i-adv-mysql-1,xtrabackup,25649152,load_100tps
2026-08-05T18:08:34Z,compare-am-gp-n3-4-16-i-adv-mysql-2,mysql,13484576768,load_100tps
2026-08-05T18:08:34Z,compare-am-gp-n3-4-16-i-adv-mysql-2,mysqld-exporter,15290368,load_100tps
2026-08-05T18:08:34Z,compare-am-gp-n3-4-16-i-adv-mysql-2,slow-log-tailer,1978368,load_100tps
2026-08-05T18:08:34Z,compare-am-gp-n3-4-16-i-adv-mysql-2,do-agent,-1,load_100tps
2026-08-05T18:08:34Z,compare-am-gp-n3-4-16-i-adv-mysql-2,xtrabackup,24305664,load_100tps
2026-08-05T18:09:06Z,compare-am-gp-n3-4-16-i-adv-mysql-0,mysql,13245947904,load_100tps
2026-08-05T18:09:06Z,compare-am-gp-n3-4-16-i-adv-mysql-0,mysqld-exporter,15839232,load_100tps
2026-08-05T18:09:06Z,compare-am-gp-n3-4-16-i-adv-mysql-0,slow-log-tailer,1847296,load_100tps
2026-08-05T18:09:06Z,compare-am-gp-n3-4-16-i-adv-mysql-0,do-agent,-1,load_100tps
2026-08-05T18:09:06Z,compare-am-gp-n3-4-16-i-adv-mysql-0,xtrabackup,19816448,load_100tps
2026-08-05T18:09:06Z,compare-am-gp-n3-4-16-i-adv-mysql-1,mysql,13011570688,load_100tps
2026-08-05T18:09:06Z,compare-am-gp-n3-4-16-i-adv-mysql-1,mysqld-exporter,15106048,load_100tps
2026-08-05T18:09:06Z,compare-am-gp-n3-4-16-i-adv-mysql-1,slow-log-tailer,6569984,load_100tps
2026-08-05T18:09:06Z,compare-am-gp-n3-4-16-i-adv-mysql-1,do-agent,-1,load_100tps
2026-08-05T18:09:06Z,compare-am-gp-n3-4-16-i-adv-mysql-1,xtrabackup,25468928,load_100tps
2026-08-05T18:09:06Z,compare-am-gp-n3-4-16-i-adv-mysql-2,mysql,13486211072,load_100tps
2026-08-05T18:09:06Z,compare-am-gp-n3-4-16-i-adv-mysql-2,mysqld-exporter,15523840,load_100tps
2026-08-05T18:09:06Z,compare-am-gp-n3-4-16-i-adv-mysql-2,slow-log-tailer,1880064,load_100tps
2026-08-05T18:09:06Z,compare-am-gp-n3-4-16-i-adv-mysql-2,do-agent,-1,load_100tps
2026-08-05T18:09:06Z,compare-am-gp-n3-4-16-i-adv-mysql-2,xtrabackup,24494080,load_100tps
2026-08-05T18:09:40Z,compare-am-gp-n3-4-16-i-adv-mysql-0,mysql,13251411968,load_100tps
2026-08-05T18:09:40Z,compare-am-gp-n3-4-16-i-adv-mysql-0,mysqld-exporter,15826944,load_100tps
2026-08-05T18:09:40Z,compare-am-gp-n3-4-16-i-adv-mysql-0,slow-log-tailer,2031616,load_100tps
2026-08-05T18:09:40Z,compare-am-gp-n3-4-16-i-adv-mysql-0,do-agent,-1,load_100tps
2026-08-05T18:09:40Z,compare-am-gp-n3-4-16-i-adv-mysql-0,xtrabackup,19828736,load_100tps
2026-08-05T18:09:40Z,compare-am-gp-n3-4-16-i-adv-mysql-1,mysql,12820144128,load_100tps
2026-08-05T18:09:40Z,compare-am-gp-n3-4-16-i-adv-mysql-1,mysqld-exporter,15130624,load_100tps
2026-08-05T18:09:40Z,compare-am-gp-n3-4-16-i-adv-mysql-1,slow-log-tailer,6762496,load_100tps
2026-08-05T18:09:40Z,compare-am-gp-n3-4-16-i-adv-mysql-1,do-agent,-1,load_100tps
2026-08-05T18:09:40Z,compare-am-gp-n3-4-16-i-adv-mysql-1,xtrabackup,25600000,load_100tps
2026-08-05T18:09:40Z,compare-am-gp-n3-4-16-i-adv-mysql-2,mysql,13473304576,load_100tps
2026-08-05T18:09:40Z,compare-am-gp-n3-4-16-i-adv-mysql-2,mysqld-exporter,15720448,load_100tps
2026-08-05T18:09:40Z,compare-am-gp-n3-4-16-i-adv-mysql-2,slow-log-tailer,1994752,load_100tps
2026-08-05T18:09:40Z,compare-am-gp-n3-4-16-i-adv-mysql-2,do-agent,-1,load_100tps
2026-08-05T18:09:40Z,compare-am-gp-n3-4-16-i-adv-mysql-2,xtrabackup,24604672,load_100tps
2026-08-05T18:10:13Z,compare-am-gp-n3-4-16-i-adv-mysql-0,mysql,13247074304,load_100tps
2026-08-05T18:10:13Z,compare-am-gp-n3-4-16-i-adv-mysql-0,mysqld-exporter,15855616,load_100tps
2026-08-05T18:10:13Z,compare-am-gp-n3-4-16-i-adv-mysql-0,slow-log-tailer,1892352,load_100tps
2026-08-05T18:10:13Z,compare-am-gp-n3-4-16-i-adv-mysql-0,do-agent,-1,load_100tps
2026-08-05T18:10:13Z,compare-am-gp-n3-4-16-i-adv-mysql-0,xtrabackup,19726336,load_100tps
2026-08-05T18:10:13Z,compare-am-gp-n3-4-16-i-adv-mysql-1,mysql,12886859776,load_100tps
2026-08-05T18:10:13Z,compare-am-gp-n3-4-16-i-adv-mysql-1,mysqld-exporter,14966784,load_100tps
2026-08-05T18:10:13Z,compare-am-gp-n3-4-16-i-adv-mysql-1,slow-log-tailer,6758400,load_100tps
2026-08-05T18:10:13Z,compare-am-gp-n3-4-16-i-adv-mysql-1,do-agent,-1,load_100tps
2026-08-05T18:10:13Z,compare-am-gp-n3-4-16-i-adv-mysql-1,xtrabackup,25321472,load_100tps
2026-08-05T18:10:13Z,compare-am-gp-n3-4-16-i-adv-mysql-2,mysql,13475536896,load_100tps
2026-08-05T18:10:13Z,compare-am-gp-n3-4-16-i-adv-mysql-2,mysqld-exporter,15622144,load_100tps
2026-08-05T18:10:13Z,compare-am-gp-n3-4-16-i-adv-mysql-2,slow-log-tailer,1863680,load_100tps
2026-08-05T18:10:13Z,compare-am-gp-n3-4-16-i-adv-mysql-2,do-agent,-1,load_100tps
2026-08-05T18:10:13Z,compare-am-gp-n3-4-16-i-adv-mysql-2,xtrabackup,24420352,load_100tps
2026-08-05T18:10:46Z,compare-am-gp-n3-4-16-i-adv-mysql-0,mysql,13240614912,load_100tps
2026-08-05T18:10:46Z,compare-am-gp-n3-4-16-i-adv-mysql-0,mysqld-exporter,16162816,load_100tps
2026-08-05T18:10:46Z,compare-am-gp-n3-4-16-i-adv-mysql-0,slow-log-tailer,2338816,load_100tps
2026-08-05T18:10:46Z,compare-am-gp-n3-4-16-i-adv-mysql-0,do-agent,-1,load_100tps
2026-08-05T18:10:46Z,compare-am-gp-n3-4-16-i-adv-mysql-0,xtrabackup,19812352,load_100tps
2026-08-05T18:10:46Z,compare-am-gp-n3-4-16-i-adv-mysql-1,mysql,12850352128,load_100tps
2026-08-05T18:10:46Z,compare-am-gp-n3-4-16-i-adv-mysql-1,mysqld-exporter,15257600,load_100tps
2026-08-05T18:10:46Z,compare-am-gp-n3-4-16-i-adv-mysql-1,slow-log-tailer,6668288,load_100tps
2026-08-05T18:10:46Z,compare-am-gp-n3-4-16-i-adv-mysql-1,do-agent,-1,load_100tps
2026-08-05T18:10:46Z,compare-am-gp-n3-4-16-i-adv-mysql-1,xtrabackup,25403392,load_100tps
2026-08-05T18:10:46Z,compare-am-gp-n3-4-16-i-adv-mysql-2,mysql,13480845312,load_100tps
2026-08-05T18:10:46Z,compare-am-gp-n3-4-16-i-adv-mysql-2,mysqld-exporter,15802368,load_100tps
2026-08-05T18:10:46Z,compare-am-gp-n3-4-16-i-adv-mysql-2,slow-log-tailer,1966080,load_100tps
2026-08-05T18:10:46Z,compare-am-gp-n3-4-16-i-adv-mysql-2,do-agent,-1,load_100tps
2026-08-05T18:10:46Z,compare-am-gp-n3-4-16-i-adv-mysql-2,xtrabackup,24408064,load_100tps
2026-08-05T18:11:19Z,compare-am-gp-n3-4-16-i-adv-mysql-0,mysql,13259558912,load_100tps
2026-08-05T18:11:19Z,compare-am-gp-n3-4-16-i-adv-mysql-0,mysqld-exporter,16080896,load_100tps
2026-08-05T18:11:19Z,compare-am-gp-n3-4-16-i-adv-mysql-0,slow-log-tailer,1851392,load_100tps
2026-08-05T18:11:19Z,compare-am-gp-n3-4-16-i-adv-mysql-0,do-agent,-1,load_100tps
2026-08-05T18:11:19Z,compare-am-gp-n3-4-16-i-adv-mysql-0,xtrabackup,19714048,load_100tps
2026-08-05T18:11:19Z,compare-am-gp-n3-4-16-i-adv-mysql-1,mysql,12913975296,load_100tps
2026-08-05T18:11:19Z,compare-am-gp-n3-4-16-i-adv-mysql-1,mysqld-exporter,14974976,load_100tps
2026-08-05T18:11:19Z,compare-am-gp-n3-4-16-i-adv-mysql-1,slow-log-tailer,6664192,load_100tps
2026-08-05T18:11:19Z,compare-am-gp-n3-4-16-i-adv-mysql-1,do-agent,-1,load_100tps
2026-08-05T18:11:19Z,compare-am-gp-n3-4-16-i-adv-mysql-1,xtrabackup,25518080,load_100tps
2026-08-05T18:11:19Z,compare-am-gp-n3-4-16-i-adv-mysql-2,mysql,13484294144,load_100tps
2026-08-05T18:11:19Z,compare-am-gp-n3-4-16-i-adv-mysql-2,mysqld-exporter,15036416,load_100tps
2026-08-05T18:11:19Z,compare-am-gp-n3-4-16-i-adv-mysql-2,slow-log-tailer,1769472,load_100tps
2026-08-05T18:11:19Z,compare-am-gp-n3-4-16-i-adv-mysql-2,do-agent,-1,load_100tps
2026-08-05T18:11:19Z,compare-am-gp-n3-4-16-i-adv-mysql-2,xtrabackup,24649728,load_100tps
2026-08-05T18:11:52Z,compare-am-gp-n3-4-16-i-adv-mysql-0,mysql,13260767232,load_100tps
2026-08-05T18:11:52Z,compare-am-gp-n3-4-16-i-adv-mysql-0,mysqld-exporter,16072704,load_100tps
2026-08-05T18:11:52Z,compare-am-gp-n3-4-16-i-adv-mysql-0,slow-log-tailer,2117632,load_100tps
2026-08-05T18:11:52Z,compare-am-gp-n3-4-16-i-adv-mysql-0,do-agent,-1,load_100tps
2026-08-05T18:11:52Z,compare-am-gp-n3-4-16-i-adv-mysql-0,xtrabackup,19828736,load_100tps
2026-08-05T18:11:52Z,compare-am-gp-n3-4-16-i-adv-mysql-1,mysql,12978348032,load_100tps
2026-08-05T18:11:52Z,compare-am-gp-n3-4-16-i-adv-mysql-1,mysqld-exporter,14761984,load_100tps
2026-08-05T18:11:52Z,compare-am-gp-n3-4-16-i-adv-mysql-1,slow-log-tailer,6684672,load_100tps
2026-08-05T18:11:52Z,compare-am-gp-n3-4-16-i-adv-mysql-1,do-agent,-1,load_100tps
2026-08-05T18:11:52Z,compare-am-gp-n3-4-16-i-adv-mysql-1,xtrabackup,25522176,load_100tps
2026-08-05T18:11:52Z,compare-am-gp-n3-4-16-i-adv-mysql-2,mysql,13478907904,load_100tps
2026-08-05T18:11:52Z,compare-am-gp-n3-4-16-i-adv-mysql-2,mysqld-exporter,15020032,load_100tps
2026-08-05T18:11:52Z,compare-am-gp-n3-4-16-i-adv-mysql-2,slow-log-tailer,1863680,load_100tps
2026-08-05T18:11:52Z,compare-am-gp-n3-4-16-i-adv-mysql-2,do-agent,-1,load_100tps
2026-08-05T18:11:52Z,compare-am-gp-n3-4-16-i-adv-mysql-2,xtrabackup,24506368,load_100tps
2026-08-05T18:12:25Z,compare-am-gp-n3-4-16-i-adv-mysql-0,mysql,13268000768,load_100tps
2026-08-05T18:12:25Z,compare-am-gp-n3-4-16-i-adv-mysql-0,mysqld-exporter,16113664,load_100tps
2026-08-05T18:12:25Z,compare-am-gp-n3-4-16-i-adv-mysql-0,slow-log-tailer,1859584,load_100tps
2026-08-05T18:12:25Z,compare-am-gp-n3-4-16-i-adv-mysql-0,do-agent,-1,load_100tps
2026-08-05T18:12:25Z,compare-am-gp-n3-4-16-i-adv-mysql-0,xtrabackup,19865600,load_100tps
2026-08-05T18:12:25Z,compare-am-gp-n3-4-16-i-adv-mysql-1,mysql,12970102784,load_100tps
2026-08-05T18:12:25Z,compare-am-gp-n3-4-16-i-adv-mysql-1,mysqld-exporter,14991360,load_100tps
2026-08-05T18:12:25Z,compare-am-gp-n3-4-16-i-adv-mysql-1,slow-log-tailer,6877184,load_100tps
2026-08-05T18:12:25Z,compare-am-gp-n3-4-16-i-adv-mysql-1,do-agent,-1,load_100tps
2026-08-05T18:12:25Z,compare-am-gp-n3-4-16-i-adv-mysql-1,xtrabackup,25378816,load_100tps
2026-08-05T18:12:25Z,compare-am-gp-n3-4-16-i-adv-mysql-2,mysql,13471518720,load_100tps
2026-08-05T18:12:25Z,compare-am-gp-n3-4-16-i-adv-mysql-2,mysqld-exporter,15003648,load_100tps
2026-08-05T18:12:25Z,compare-am-gp-n3-4-16-i-adv-mysql-2,slow-log-tailer,1769472,load_100tps
2026-08-05T18:12:25Z,compare-am-gp-n3-4-16-i-adv-mysql-2,do-agent,-1,load_100tps
2026-08-05T18:12:25Z,compare-am-gp-n3-4-16-i-adv-mysql-2,xtrabackup,24313856,load_100tps
2026-08-05T18:12:59Z,compare-am-gp-n3-4-16-i-adv-mysql-0,mysql,13261766656,load_100tps
2026-08-05T18:12:59Z,compare-am-gp-n3-4-16-i-adv-mysql-0,mysqld-exporter,15769600,load_100tps
2026-08-05T18:12:59Z,compare-am-gp-n3-4-16-i-adv-mysql-0,slow-log-tailer,2023424,load_100tps
2026-08-05T18:12:59Z,compare-am-gp-n3-4-16-i-adv-mysql-0,do-agent,-1,load_100tps
2026-08-05T18:12:59Z,compare-am-gp-n3-4-16-i-adv-mysql-0,xtrabackup,19812352,load_100tps
2026-08-05T18:12:59Z,compare-am-gp-n3-4-16-i-adv-mysql-1,mysql,12853407744,load_100tps
2026-08-05T18:12:59Z,compare-am-gp-n3-4-16-i-adv-mysql-1,mysqld-exporter,15069184,load_100tps
2026-08-05T18:12:59Z,compare-am-gp-n3-4-16-i-adv-mysql-1,slow-log-tailer,6758400,load_100tps
2026-08-05T18:12:59Z,compare-am-gp-n3-4-16-i-adv-mysql-1,do-agent,-1,load_100tps
2026-08-05T18:12:59Z,compare-am-gp-n3-4-16-i-adv-mysql-1,xtrabackup,25612288,load_100tps
2026-08-05T18:12:59Z,compare-am-gp-n3-4-16-i-adv-mysql-2,mysql,13468823552,load_100tps
2026-08-05T18:12:59Z,compare-am-gp-n3-4-16-i-adv-mysql-2,mysqld-exporter,15425536,load_100tps
2026-08-05T18:12:59Z,compare-am-gp-n3-4-16-i-adv-mysql-2,slow-log-tailer,1785856,load_100tps
2026-08-05T18:12:59Z,compare-am-gp-n3-4-16-i-adv-mysql-2,do-agent,-1,load_100tps
2026-08-05T18:12:59Z,compare-am-gp-n3-4-16-i-adv-mysql-2,xtrabackup,24342528,load_100tps
2026-08-05T18:13:32Z,compare-am-gp-n3-4-16-i-adv-mysql-0,mysql,13289332736,load_100tps
2026-08-05T18:13:32Z,compare-am-gp-n3-4-16-i-adv-mysql-0,mysqld-exporter,15769600,load_100tps
2026-08-05T18:13:32Z,compare-am-gp-n3-4-16-i-adv-mysql-0,slow-log-tailer,1929216,load_100tps
2026-08-05T18:13:32Z,compare-am-gp-n3-4-16-i-adv-mysql-0,do-agent,-1,load_100tps
2026-08-05T18:13:32Z,compare-am-gp-n3-4-16-i-adv-mysql-0,xtrabackup,19861504,load_100tps
2026-08-05T18:13:32Z,compare-am-gp-n3-4-16-i-adv-mysql-1,mysql,12849881088,load_100tps
2026-08-05T18:13:32Z,compare-am-gp-n3-4-16-i-adv-mysql-1,mysqld-exporter,14970880,load_100tps
2026-08-05T18:13:32Z,compare-am-gp-n3-4-16-i-adv-mysql-1,slow-log-tailer,6541312,load_100tps
2026-08-05T18:13:32Z,compare-am-gp-n3-4-16-i-adv-mysql-1,do-agent,-1,load_100tps
2026-08-05T18:13:32Z,compare-am-gp-n3-4-16-i-adv-mysql-1,xtrabackup,25399296,load_100tps
2026-08-05T18:13:32Z,compare-am-gp-n3-4-16-i-adv-mysql-2,mysql,13471002624,load_100tps
2026-08-05T18:13:32Z,compare-am-gp-n3-4-16-i-adv-mysql-2,mysqld-exporter,14774272,load_100tps
2026-08-05T18:13:32Z,compare-am-gp-n3-4-16-i-adv-mysql-2,slow-log-tailer,1773568,load_100tps
2026-08-05T18:13:32Z,compare-am-gp-n3-4-16-i-adv-mysql-2,do-agent,-1,load_100tps
2026-08-05T18:13:32Z,compare-am-gp-n3-4-16-i-adv-mysql-2,xtrabackup,24313856,load_100tps
2026-08-05T18:14:05Z,compare-am-gp-n3-4-16-i-adv-mysql-0,mysql,13283684352,load_100tps
2026-08-05T18:14:05Z,compare-am-gp-n3-4-16-i-adv-mysql-0,mysqld-exporter,15667200,load_100tps
2026-08-05T18:14:05Z,compare-am-gp-n3-4-16-i-adv-mysql-0,slow-log-tailer,2023424,load_100tps
2026-08-05T18:14:05Z,compare-am-gp-n3-4-16-i-adv-mysql-0,do-agent,-1,load_100tps
2026-08-05T18:14:05Z,compare-am-gp-n3-4-16-i-adv-mysql-0,xtrabackup,19832832,load_100tps
2026-08-05T18:14:05Z,compare-am-gp-n3-4-16-i-adv-mysql-1,mysql,12916408320,load_100tps
2026-08-05T18:14:05Z,compare-am-gp-n3-4-16-i-adv-mysql-1,mysqld-exporter,15110144,load_100tps
2026-08-05T18:14:05Z,compare-am-gp-n3-4-16-i-adv-mysql-1,slow-log-tailer,6610944,load_100tps
2026-08-05T18:14:05Z,compare-am-gp-n3-4-16-i-adv-mysql-1,do-agent,-1,load_100tps
2026-08-05T18:14:05Z,compare-am-gp-n3-4-16-i-adv-mysql-1,xtrabackup,25518080,load_100tps
2026-08-05T18:14:05Z,compare-am-gp-n3-4-16-i-adv-mysql-2,mysql,13460168704,load_100tps
2026-08-05T18:14:05Z,compare-am-gp-n3-4-16-i-adv-mysql-2,mysqld-exporter,14651392,load_100tps
2026-08-05T18:14:05Z,compare-am-gp-n3-4-16-i-adv-mysql-2,slow-log-tailer,1974272,load_100tps
2026-08-05T18:14:05Z,compare-am-gp-n3-4-16-i-adv-mysql-2,do-agent,-1,load_100tps
2026-08-05T18:14:05Z,compare-am-gp-n3-4-16-i-adv-mysql-2,xtrabackup,24113152,load_100tps
2026-08-05T18:14:38Z,compare-am-gp-n3-4-16-i-adv-mysql-0,mysql,13271412736,load_100tps
2026-08-05T18:14:38Z,compare-am-gp-n3-4-16-i-adv-mysql-0,mysqld-exporter,15806464,load_100tps
2026-08-05T18:14:38Z,compare-am-gp-n3-4-16-i-adv-mysql-0,slow-log-tailer,1982464,load_100tps
2026-08-05T18:14:38Z,compare-am-gp-n3-4-16-i-adv-mysql-0,do-agent,-1,load_100tps
2026-08-05T18:14:38Z,compare-am-gp-n3-4-16-i-adv-mysql-0,xtrabackup,19755008,load_100tps
2026-08-05T18:14:38Z,compare-am-gp-n3-4-16-i-adv-mysql-1,mysql,12948328448,load_100tps
2026-08-05T18:14:38Z,compare-am-gp-n3-4-16-i-adv-mysql-1,mysqld-exporter,15126528,load_100tps
2026-08-05T18:14:38Z,compare-am-gp-n3-4-16-i-adv-mysql-1,slow-log-tailer,6545408,load_100tps
2026-08-05T18:14:38Z,compare-am-gp-n3-4-16-i-adv-mysql-1,do-agent,-1,load_100tps
2026-08-05T18:14:38Z,compare-am-gp-n3-4-16-i-adv-mysql-1,xtrabackup,25423872,load_100tps
2026-08-05T18:14:38Z,compare-am-gp-n3-4-16-i-adv-mysql-2,mysql,13475278848,load_100tps
2026-08-05T18:14:38Z,compare-am-gp-n3-4-16-i-adv-mysql-2,mysqld-exporter,14774272,load_100tps
2026-08-05T18:14:38Z,compare-am-gp-n3-4-16-i-adv-mysql-2,slow-log-tailer,2048000,load_100tps
2026-08-05T18:14:38Z,compare-am-gp-n3-4-16-i-adv-mysql-2,do-agent,-1,load_100tps
2026-08-05T18:14:38Z,compare-am-gp-n3-4-16-i-adv-mysql-2,xtrabackup,24113152,load_100tps
2026-08-05T18:15:11Z,compare-am-gp-n3-4-16-i-adv-mysql-0,mysql,13239373824,load_100tps
2026-08-05T18:15:11Z,compare-am-gp-n3-4-16-i-adv-mysql-0,mysqld-exporter,16084992,load_100tps
2026-08-05T18:15:11Z,compare-am-gp-n3-4-16-i-adv-mysql-0,slow-log-tailer,1875968,load_100tps
2026-08-05T18:15:11Z,compare-am-gp-n3-4-16-i-adv-mysql-0,do-agent,-1,load_100tps
2026-08-05T18:15:11Z,compare-am-gp-n3-4-16-i-adv-mysql-0,xtrabackup,19800064,load_100tps
2026-08-05T18:15:11Z,compare-am-gp-n3-4-16-i-adv-mysql-1,mysql,12934713344,load_100tps
2026-08-05T18:15:11Z,compare-am-gp-n3-4-16-i-adv-mysql-1,mysqld-exporter,14987264,load_100tps
2026-08-05T18:15:11Z,compare-am-gp-n3-4-16-i-adv-mysql-1,slow-log-tailer,6623232,load_100tps
2026-08-05T18:15:11Z,compare-am-gp-n3-4-16-i-adv-mysql-1,do-agent,-1,load_100tps
2026-08-05T18:15:11Z,compare-am-gp-n3-4-16-i-adv-mysql-1,xtrabackup,25595904,load_100tps
2026-08-05T18:15:11Z,compare-am-gp-n3-4-16-i-adv-mysql-2,mysql,13465546752,load_100tps
2026-08-05T18:15:11Z,compare-am-gp-n3-4-16-i-adv-mysql-2,mysqld-exporter,14893056,load_100tps
2026-08-05T18:15:11Z,compare-am-gp-n3-4-16-i-adv-mysql-2,slow-log-tailer,2187264,load_100tps
2026-08-05T18:15:11Z,compare-am-gp-n3-4-16-i-adv-mysql-2,do-agent,-1,load_100tps
2026-08-05T18:15:11Z,compare-am-gp-n3-4-16-i-adv-mysql-2,xtrabackup,24145920,load_100tps
2026-08-05T18:15:44Z,compare-am-gp-n3-4-16-i-adv-mysql-0,mysql,13248339968,load_100tps
2026-08-05T18:15:44Z,compare-am-gp-n3-4-16-i-adv-mysql-0,mysqld-exporter,16031744,load_100tps
2026-08-05T18:15:44Z,compare-am-gp-n3-4-16-i-adv-mysql-0,slow-log-tailer,1953792,load_100tps
2026-08-05T18:15:44Z,compare-am-gp-n3-4-16-i-adv-mysql-0,do-agent,-1,load_100tps
2026-08-05T18:15:44Z,compare-am-gp-n3-4-16-i-adv-mysql-0,xtrabackup,19849216,load_100tps
2026-08-05T18:15:44Z,compare-am-gp-n3-4-16-i-adv-mysql-1,mysql,12969119744,load_100tps
2026-08-05T18:15:44Z,compare-am-gp-n3-4-16-i-adv-mysql-1,mysqld-exporter,15245312,load_100tps
2026-08-05T18:15:44Z,compare-am-gp-n3-4-16-i-adv-mysql-1,slow-log-tailer,6746112,load_100tps
2026-08-05T18:15:44Z,compare-am-gp-n3-4-16-i-adv-mysql-1,do-agent,-1,load_100tps
2026-08-05T18:15:44Z,compare-am-gp-n3-4-16-i-adv-mysql-1,xtrabackup,25432064,load_100tps
2026-08-05T18:15:44Z,compare-am-gp-n3-4-16-i-adv-mysql-2,mysql,13466439680,load_100tps
2026-08-05T18:15:44Z,compare-am-gp-n3-4-16-i-adv-mysql-2,mysqld-exporter,15015936,load_100tps
2026-08-05T18:15:44Z,compare-am-gp-n3-4-16-i-adv-mysql-2,slow-log-tailer,2109440,load_100tps
2026-08-05T18:15:44Z,compare-am-gp-n3-4-16-i-adv-mysql-2,do-agent,-1,load_100tps
2026-08-05T18:15:44Z,compare-am-gp-n3-4-16-i-adv-mysql-2,xtrabackup,24080384,load_100tps
2026-08-05T18:16:17Z,compare-am-gp-n3-4-16-i-adv-mysql-0,mysql,13238280192,load_100tps
2026-08-05T18:16:17Z,compare-am-gp-n3-4-16-i-adv-mysql-0,mysqld-exporter,16171008,load_100tps
2026-08-05T18:16:17Z,compare-am-gp-n3-4-16-i-adv-mysql-0,slow-log-tailer,1839104,load_100tps
2026-08-05T18:16:17Z,compare-am-gp-n3-4-16-i-adv-mysql-0,do-agent,-1,load_100tps
2026-08-05T18:16:17Z,compare-am-gp-n3-4-16-i-adv-mysql-0,xtrabackup,19857408,load_100tps
2026-08-05T18:16:17Z,compare-am-gp-n3-4-16-i-adv-mysql-1,mysql,12819963904,load_100tps
2026-08-05T18:16:17Z,compare-am-gp-n3-4-16-i-adv-mysql-1,mysqld-exporter,15155200,load_100tps
2026-08-05T18:16:17Z,compare-am-gp-n3-4-16-i-adv-mysql-1,slow-log-tailer,6758400,load_100tps
2026-08-05T18:16:17Z,compare-am-gp-n3-4-16-i-adv-mysql-1,do-agent,-1,load_100tps
2026-08-05T18:16:17Z,compare-am-gp-n3-4-16-i-adv-mysql-1,xtrabackup,25538560,load_100tps
2026-08-05T18:16:17Z,compare-am-gp-n3-4-16-i-adv-mysql-2,mysql,13470593024,load_100tps
2026-08-05T18:16:17Z,compare-am-gp-n3-4-16-i-adv-mysql-2,mysqld-exporter,15032320,load_100tps
2026-08-05T18:16:17Z,compare-am-gp-n3-4-16-i-adv-mysql-2,slow-log-tailer,1830912,load_100tps
2026-08-05T18:16:17Z,compare-am-gp-n3-4-16-i-adv-mysql-2,do-agent,-1,load_100tps
2026-08-05T18:16:17Z,compare-am-gp-n3-4-16-i-adv-mysql-2,xtrabackup,24088576,load_100tps
2026-08-05T18:16:50Z,compare-am-gp-n3-4-16-i-adv-mysql-0,mysql,13247217664,load_100tps
2026-08-05T18:16:50Z,compare-am-gp-n3-4-16-i-adv-mysql-0,mysqld-exporter,16224256,load_100tps
2026-08-05T18:16:50Z,compare-am-gp-n3-4-16-i-adv-mysql-0,slow-log-tailer,2076672,load_100tps
2026-08-05T18:16:50Z,compare-am-gp-n3-4-16-i-adv-mysql-0,do-agent,-1,load_100tps
2026-08-05T18:16:50Z,compare-am-gp-n3-4-16-i-adv-mysql-0,xtrabackup,19816448,load_100tps
2026-08-05T18:16:50Z,compare-am-gp-n3-4-16-i-adv-mysql-1,mysql,12887707648,load_100tps
2026-08-05T18:16:50Z,compare-am-gp-n3-4-16-i-adv-mysql-1,mysqld-exporter,15597568,load_100tps
2026-08-05T18:16:50Z,compare-am-gp-n3-4-16-i-adv-mysql-1,slow-log-tailer,6590464,load_100tps
2026-08-05T18:16:50Z,compare-am-gp-n3-4-16-i-adv-mysql-1,do-agent,-1,load_100tps
2026-08-05T18:16:50Z,compare-am-gp-n3-4-16-i-adv-mysql-1,xtrabackup,25341952,load_100tps
2026-08-05T18:16:50Z,compare-am-gp-n3-4-16-i-adv-mysql-2,mysql,13463224320,load_100tps
2026-08-05T18:16:50Z,compare-am-gp-n3-4-16-i-adv-mysql-2,mysqld-exporter,14925824,load_100tps
2026-08-05T18:16:50Z,compare-am-gp-n3-4-16-i-adv-mysql-2,slow-log-tailer,1769472,load_100tps
2026-08-05T18:16:50Z,compare-am-gp-n3-4-16-i-adv-mysql-2,do-agent,-1,load_100tps
2026-08-05T18:16:50Z,compare-am-gp-n3-4-16-i-adv-mysql-2,xtrabackup,24154112,load_100tps
2026-08-05T18:17:23Z,compare-am-gp-n3-4-16-i-adv-mysql-0,mysql,13254447104,load_100tps
2026-08-05T18:17:23Z,compare-am-gp-n3-4-16-i-adv-mysql-0,mysqld-exporter,16289792,load_100tps
2026-08-05T18:17:23Z,compare-am-gp-n3-4-16-i-adv-mysql-0,slow-log-tailer,2097152,load_100tps
2026-08-05T18:17:23Z,compare-am-gp-n3-4-16-i-adv-mysql-0,do-agent,-1,load_100tps
2026-08-05T18:17:23Z,compare-am-gp-n3-4-16-i-adv-mysql-0,xtrabackup,19726336,load_100tps
2026-08-05T18:17:23Z,compare-am-gp-n3-4-16-i-adv-mysql-1,mysql,12951384064,load_100tps
2026-08-05T18:17:23Z,compare-am-gp-n3-4-16-i-adv-mysql-1,mysqld-exporter,15601664,load_100tps
2026-08-05T18:17:23Z,compare-am-gp-n3-4-16-i-adv-mysql-1,slow-log-tailer,6508544,load_100tps
2026-08-05T18:17:23Z,compare-am-gp-n3-4-16-i-adv-mysql-1,do-agent,-1,load_100tps
2026-08-05T18:17:23Z,compare-am-gp-n3-4-16-i-adv-mysql-1,xtrabackup,25600000,load_100tps
2026-08-05T18:17:23Z,compare-am-gp-n3-4-16-i-adv-mysql-2,mysql,13469401088,load_100tps
2026-08-05T18:17:23Z,compare-am-gp-n3-4-16-i-adv-mysql-2,mysqld-exporter,15130624,load_100tps
2026-08-05T18:17:23Z,compare-am-gp-n3-4-16-i-adv-mysql-2,slow-log-tailer,1884160,load_100tps
2026-08-05T18:17:23Z,compare-am-gp-n3-4-16-i-adv-mysql-2,do-agent,-1,load_100tps
2026-08-05T18:17:23Z,compare-am-gp-n3-4-16-i-adv-mysql-2,xtrabackup,24113152,load_100tps
2026-08-05T18:17:56Z,compare-am-gp-n3-4-16-i-adv-mysql-0,mysql,13251457024,load_100tps
2026-08-05T18:17:56Z,compare-am-gp-n3-4-16-i-adv-mysql-0,mysqld-exporter,16187392,load_100tps
2026-08-05T18:17:56Z,compare-am-gp-n3-4-16-i-adv-mysql-0,slow-log-tailer,2064384,load_100tps
2026-08-05T18:17:56Z,compare-am-gp-n3-4-16-i-adv-mysql-0,do-agent,-1,load_100tps
2026-08-05T18:17:56Z,compare-am-gp-n3-4-16-i-adv-mysql-0,xtrabackup,19623936,load_100tps
2026-08-05T18:17:56Z,compare-am-gp-n3-4-16-i-adv-mysql-1,mysql,12979576832,load_100tps
2026-08-05T18:17:56Z,compare-am-gp-n3-4-16-i-adv-mysql-1,mysqld-exporter,16838656,load_100tps
2026-08-05T18:17:56Z,compare-am-gp-n3-4-16-i-adv-mysql-1,slow-log-tailer,6959104,load_100tps
2026-08-05T18:17:56Z,compare-am-gp-n3-4-16-i-adv-mysql-1,do-agent,-1,load_100tps
2026-08-05T18:17:56Z,compare-am-gp-n3-4-16-i-adv-mysql-1,xtrabackup,25337856,load_100tps
2026-08-05T18:17:56Z,compare-am-gp-n3-4-16-i-adv-mysql-2,mysql,13472432128,load_100tps
2026-08-05T18:17:56Z,compare-am-gp-n3-4-16-i-adv-mysql-2,mysqld-exporter,15110144,load_100tps
2026-08-05T18:17:56Z,compare-am-gp-n3-4-16-i-adv-mysql-2,slow-log-tailer,1880064,load_100tps
2026-08-05T18:17:56Z,compare-am-gp-n3-4-16-i-adv-mysql-2,do-agent,-1,load_100tps
2026-08-05T18:17:56Z,compare-am-gp-n3-4-16-i-adv-mysql-2,xtrabackup,24018944,load_100tps
2026-08-05T18:18:29Z,compare-am-gp-n3-4-16-i-adv-mysql-0,mysql,13255127040,load_100tps
2026-08-05T18:18:29Z,compare-am-gp-n3-4-16-i-adv-mysql-0,mysqld-exporter,16429056,load_100tps
2026-08-05T18:18:29Z,compare-am-gp-n3-4-16-i-adv-mysql-0,slow-log-tailer,2027520,load_100tps
2026-08-05T18:18:29Z,compare-am-gp-n3-4-16-i-adv-mysql-0,do-agent,-1,load_100tps
2026-08-05T18:18:29Z,compare-am-gp-n3-4-16-i-adv-mysql-0,xtrabackup,19914752,load_100tps
2026-08-05T18:18:29Z,compare-am-gp-n3-4-16-i-adv-mysql-1,mysql,12734631936,load_100tps
2026-08-05T18:18:29Z,compare-am-gp-n3-4-16-i-adv-mysql-1,mysqld-exporter,15810560,load_100tps
2026-08-05T18:18:29Z,compare-am-gp-n3-4-16-i-adv-mysql-1,slow-log-tailer,6582272,load_100tps
2026-08-05T18:18:29Z,compare-am-gp-n3-4-16-i-adv-mysql-1,do-agent,-1,load_100tps
2026-08-05T18:18:29Z,compare-am-gp-n3-4-16-i-adv-mysql-1,xtrabackup,25513984,load_100tps
2026-08-05T18:18:29Z,compare-am-gp-n3-4-16-i-adv-mysql-2,mysql,13470720000,load_100tps
2026-08-05T18:18:29Z,compare-am-gp-n3-4-16-i-adv-mysql-2,mysqld-exporter,15110144,load_100tps
2026-08-05T18:18:29Z,compare-am-gp-n3-4-16-i-adv-mysql-2,slow-log-tailer,1830912,load_100tps
2026-08-05T18:18:29Z,compare-am-gp-n3-4-16-i-adv-mysql-2,do-agent,-1,load_100tps
2026-08-05T18:18:29Z,compare-am-gp-n3-4-16-i-adv-mysql-2,xtrabackup,24043520,load_100tps
2026-08-05T18:19:02Z,compare-am-gp-n3-4-16-i-adv-mysql-0,mysql,13250011136,load_100tps
2026-08-05T18:19:02Z,compare-am-gp-n3-4-16-i-adv-mysql-0,mysqld-exporter,16052224,load_100tps
2026-08-05T18:19:02Z,compare-am-gp-n3-4-16-i-adv-mysql-0,slow-log-tailer,1908736,load_100tps
2026-08-05T18:19:02Z,compare-am-gp-n3-4-16-i-adv-mysql-0,do-agent,-1,load_100tps
2026-08-05T18:19:02Z,compare-am-gp-n3-4-16-i-adv-mysql-0,xtrabackup,19705856,load_100tps
2026-08-05T18:19:02Z,compare-am-gp-n3-4-16-i-adv-mysql-1,mysql,12811882496,load_100tps
2026-08-05T18:19:02Z,compare-am-gp-n3-4-16-i-adv-mysql-1,mysqld-exporter,15253504,load_100tps
2026-08-05T18:19:02Z,compare-am-gp-n3-4-16-i-adv-mysql-1,slow-log-tailer,6594560,load_100tps
2026-08-05T18:19:02Z,compare-am-gp-n3-4-16-i-adv-mysql-1,do-agent,-1,load_100tps
2026-08-05T18:19:02Z,compare-am-gp-n3-4-16-i-adv-mysql-1,xtrabackup,25530368,load_100tps
2026-08-05T18:19:02Z,compare-am-gp-n3-4-16-i-adv-mysql-2,mysql,13472481280,load_100tps
2026-08-05T18:19:02Z,compare-am-gp-n3-4-16-i-adv-mysql-2,mysqld-exporter,15060992,load_100tps
2026-08-05T18:19:02Z,compare-am-gp-n3-4-16-i-adv-mysql-2,slow-log-tailer,2011136,load_100tps
2026-08-05T18:19:02Z,compare-am-gp-n3-4-16-i-adv-mysql-2,do-agent,-1,load_100tps
2026-08-05T18:19:02Z,compare-am-gp-n3-4-16-i-adv-mysql-2,xtrabackup,23932928,load_100tps
2026-08-05T18:19:35Z,compare-am-gp-n3-4-16-i-adv-mysql-0,mysql,13284069376,load_100tps
2026-08-05T18:19:35Z,compare-am-gp-n3-4-16-i-adv-mysql-0,mysqld-exporter,16191488,load_100tps
2026-08-05T18:19:35Z,compare-am-gp-n3-4-16-i-adv-mysql-0,slow-log-tailer,1945600,load_100tps
2026-08-05T18:19:35Z,compare-am-gp-n3-4-16-i-adv-mysql-0,do-agent,-1,load_100tps
2026-08-05T18:19:35Z,compare-am-gp-n3-4-16-i-adv-mysql-0,xtrabackup,19804160,load_100tps
2026-08-05T18:19:35Z,compare-am-gp-n3-4-16-i-adv-mysql-1,mysql,12835966976,load_100tps
2026-08-05T18:19:35Z,compare-am-gp-n3-4-16-i-adv-mysql-1,mysqld-exporter,15478784,load_100tps
2026-08-05T18:19:35Z,compare-am-gp-n3-4-16-i-adv-mysql-1,slow-log-tailer,6635520,load_100tps
2026-08-05T18:19:35Z,compare-am-gp-n3-4-16-i-adv-mysql-1,do-agent,-1,load_100tps
2026-08-05T18:19:35Z,compare-am-gp-n3-4-16-i-adv-mysql-1,xtrabackup,25518080,load_100tps
2026-08-05T18:19:35Z,compare-am-gp-n3-4-16-i-adv-mysql-2,mysql,13467860992,load_100tps
2026-08-05T18:19:35Z,compare-am-gp-n3-4-16-i-adv-mysql-2,mysqld-exporter,15642624,load_100tps
2026-08-05T18:19:35Z,compare-am-gp-n3-4-16-i-adv-mysql-2,slow-log-tailer,1777664,load_100tps
2026-08-05T18:19:35Z,compare-am-gp-n3-4-16-i-adv-mysql-2,do-agent,-1,load_100tps
2026-08-05T18:19:35Z,compare-am-gp-n3-4-16-i-adv-mysql-2,xtrabackup,24219648,load_100tps
2026-08-05T18:20:08Z,compare-am-gp-n3-4-16-i-adv-mysql-0,mysql,13211222016,load_100tps
2026-08-05T18:20:08Z,compare-am-gp-n3-4-16-i-adv-mysql-0,mysqld-exporter,16252928,load_100tps
2026-08-05T18:20:08Z,compare-am-gp-n3-4-16-i-adv-mysql-0,slow-log-tailer,2027520,load_100tps
2026-08-05T18:20:08Z,compare-am-gp-n3-4-16-i-adv-mysql-0,do-agent,-1,load_100tps
2026-08-05T18:20:08Z,compare-am-gp-n3-4-16-i-adv-mysql-0,xtrabackup,19804160,load_100tps
2026-08-05T18:20:08Z,compare-am-gp-n3-4-16-i-adv-mysql-1,mysql,12903714816,load_100tps
2026-08-05T18:20:08Z,compare-am-gp-n3-4-16-i-adv-mysql-1,mysqld-exporter,15233024,load_100tps
2026-08-05T18:20:08Z,compare-am-gp-n3-4-16-i-adv-mysql-1,slow-log-tailer,6533120,load_100tps
2026-08-05T18:20:08Z,compare-am-gp-n3-4-16-i-adv-mysql-1,do-agent,-1,load_100tps
2026-08-05T18:20:08Z,compare-am-gp-n3-4-16-i-adv-mysql-1,xtrabackup,25526272,load_100tps
2026-08-05T18:20:08Z,compare-am-gp-n3-4-16-i-adv-mysql-2,mysql,13473894400,load_100tps
2026-08-05T18:20:08Z,compare-am-gp-n3-4-16-i-adv-mysql-2,mysqld-exporter,15323136,load_100tps
2026-08-05T18:20:08Z,compare-am-gp-n3-4-16-i-adv-mysql-2,slow-log-tailer,1990656,load_100tps
2026-08-05T18:20:08Z,compare-am-gp-n3-4-16-i-adv-mysql-2,do-agent,-1,load_100tps
2026-08-05T18:20:08Z,compare-am-gp-n3-4-16-i-adv-mysql-2,xtrabackup,23818240,load_100tps
2026-08-05T18:20:41Z,compare-am-gp-n3-4-16-i-adv-mysql-0,mysql,13210812416,load_100tps
2026-08-05T18:20:41Z,compare-am-gp-n3-4-16-i-adv-mysql-0,mysqld-exporter,16232448,load_100tps
2026-08-05T18:20:41Z,compare-am-gp-n3-4-16-i-adv-mysql-0,slow-log-tailer,1961984,load_100tps
2026-08-05T18:20:41Z,compare-am-gp-n3-4-16-i-adv-mysql-0,do-agent,-1,load_100tps
2026-08-05T18:20:41Z,compare-am-gp-n3-4-16-i-adv-mysql-0,xtrabackup,19869696,load_100tps
2026-08-05T18:20:41Z,compare-am-gp-n3-4-16-i-adv-mysql-1,mysql,12971286528,load_100tps
2026-08-05T18:20:41Z,compare-am-gp-n3-4-16-i-adv-mysql-1,mysqld-exporter,15257600,load_100tps
2026-08-05T18:20:41Z,compare-am-gp-n3-4-16-i-adv-mysql-1,slow-log-tailer,6717440,load_100tps
2026-08-05T18:20:41Z,compare-am-gp-n3-4-16-i-adv-mysql-1,do-agent,-1,load_100tps
2026-08-05T18:20:41Z,compare-am-gp-n3-4-16-i-adv-mysql-1,xtrabackup,25550848,load_100tps
2026-08-05T18:20:41Z,compare-am-gp-n3-4-16-i-adv-mysql-2,mysql,13478584320,load_100tps
2026-08-05T18:20:41Z,compare-am-gp-n3-4-16-i-adv-mysql-2,mysqld-exporter,15261696,load_100tps
2026-08-05T18:20:41Z,compare-am-gp-n3-4-16-i-adv-mysql-2,slow-log-tailer,1789952,load_100tps
2026-08-05T18:20:41Z,compare-am-gp-n3-4-16-i-adv-mysql-2,do-agent,-1,load_100tps
2026-08-05T18:20:41Z,compare-am-gp-n3-4-16-i-adv-mysql-2,xtrabackup,23969792,load_100tps
2026-08-05T18:21:14Z,compare-am-gp-n3-4-16-i-adv-mysql-0,mysql,13228556288,load_100tps
2026-08-05T18:21:14Z,compare-am-gp-n3-4-16-i-adv-mysql-0,mysqld-exporter,15716352,load_100tps
2026-08-05T18:21:14Z,compare-am-gp-n3-4-16-i-adv-mysql-0,slow-log-tailer,1884160,load_100tps
2026-08-05T18:21:14Z,compare-am-gp-n3-4-16-i-adv-mysql-0,do-agent,-1,load_100tps
2026-08-05T18:21:14Z,compare-am-gp-n3-4-16-i-adv-mysql-0,xtrabackup,19722240,load_100tps
2026-08-05T18:21:14Z,compare-am-gp-n3-4-16-i-adv-mysql-1,mysql,12723580928,load_100tps
2026-08-05T18:21:14Z,compare-am-gp-n3-4-16-i-adv-mysql-1,mysqld-exporter,15482880,load_100tps
2026-08-05T18:21:14Z,compare-am-gp-n3-4-16-i-adv-mysql-1,slow-log-tailer,6631424,load_100tps
2026-08-05T18:21:14Z,compare-am-gp-n3-4-16-i-adv-mysql-1,do-agent,-1,load_100tps
2026-08-05T18:21:14Z,compare-am-gp-n3-4-16-i-adv-mysql-1,xtrabackup,25575424,load_100tps
2026-08-05T18:21:14Z,compare-am-gp-n3-4-16-i-adv-mysql-2,mysql,13459894272,load_100tps
2026-08-05T18:21:14Z,compare-am-gp-n3-4-16-i-adv-mysql-2,mysqld-exporter,15245312,load_100tps
2026-08-05T18:21:14Z,compare-am-gp-n3-4-16-i-adv-mysql-2,slow-log-tailer,1773568,load_100tps
2026-08-05T18:21:14Z,compare-am-gp-n3-4-16-i-adv-mysql-2,do-agent,-1,load_100tps
2026-08-05T18:21:14Z,compare-am-gp-n3-4-16-i-adv-mysql-2,xtrabackup,24006656,load_100tps
2026-08-05T18:21:46Z,compare-am-gp-n3-4-16-i-adv-mysql-0,mysql,13225766912,load_100tps
2026-08-05T18:21:46Z,compare-am-gp-n3-4-16-i-adv-mysql-0,mysqld-exporter,15785984,load_100tps
2026-08-05T18:21:46Z,compare-am-gp-n3-4-16-i-adv-mysql-0,slow-log-tailer,1855488,load_100tps
2026-08-05T18:21:46Z,compare-am-gp-n3-4-16-i-adv-mysql-0,do-agent,-1,load_100tps
2026-08-05T18:21:46Z,compare-am-gp-n3-4-16-i-adv-mysql-0,xtrabackup,19738624,load_100tps
2026-08-05T18:21:46Z,compare-am-gp-n3-4-16-i-adv-mysql-1,mysql,12788408320,load_100tps
2026-08-05T18:21:46Z,compare-am-gp-n3-4-16-i-adv-mysql-1,mysqld-exporter,15495168,load_100tps
2026-08-05T18:21:46Z,compare-am-gp-n3-4-16-i-adv-mysql-1,slow-log-tailer,7004160,load_100tps
2026-08-05T18:21:46Z,compare-am-gp-n3-4-16-i-adv-mysql-1,do-agent,-1,load_100tps
2026-08-05T18:21:46Z,compare-am-gp-n3-4-16-i-adv-mysql-1,xtrabackup,25530368,load_100tps
2026-08-05T18:21:46Z,compare-am-gp-n3-4-16-i-adv-mysql-2,mysql,13454544896,load_100tps
2026-08-05T18:21:46Z,compare-am-gp-n3-4-16-i-adv-mysql-2,mysqld-exporter,14934016,load_100tps
2026-08-05T18:21:46Z,compare-am-gp-n3-4-16-i-adv-mysql-2,slow-log-tailer,1945600,load_100tps
2026-08-05T18:21:46Z,compare-am-gp-n3-4-16-i-adv-mysql-2,do-agent,-1,load_100tps
2026-08-05T18:21:46Z,compare-am-gp-n3-4-16-i-adv-mysql-2,xtrabackup,24018944,load_100tps
2026-08-05T18:22:20Z,compare-am-gp-n3-4-16-i-adv-mysql-0,mysql,13220405248,load_100tps
2026-08-05T18:22:20Z,compare-am-gp-n3-4-16-i-adv-mysql-0,mysqld-exporter,15949824,load_100tps
2026-08-05T18:22:20Z,compare-am-gp-n3-4-16-i-adv-mysql-0,slow-log-tailer,1843200,load_100tps
2026-08-05T18:22:20Z,compare-am-gp-n3-4-16-i-adv-mysql-0,do-agent,-1,load_100tps
2026-08-05T18:22:20Z,compare-am-gp-n3-4-16-i-adv-mysql-0,xtrabackup,19742720,load_100tps
2026-08-05T18:22:20Z,compare-am-gp-n3-4-16-i-adv-mysql-1,mysql,12858310656,load_100tps
2026-08-05T18:22:20Z,compare-am-gp-n3-4-16-i-adv-mysql-1,mysqld-exporter,15564800,load_100tps
2026-08-05T18:22:20Z,compare-am-gp-n3-4-16-i-adv-mysql-1,slow-log-tailer,6991872,load_100tps
2026-08-05T18:22:20Z,compare-am-gp-n3-4-16-i-adv-mysql-1,do-agent,-1,load_100tps
2026-08-05T18:22:20Z,compare-am-gp-n3-4-16-i-adv-mysql-1,xtrabackup,25587712,load_100tps
2026-08-05T18:22:20Z,compare-am-gp-n3-4-16-i-adv-mysql-2,mysql,13464195072,load_100tps
2026-08-05T18:22:20Z,compare-am-gp-n3-4-16-i-adv-mysql-2,mysqld-exporter,15134720,load_100tps
2026-08-05T18:22:20Z,compare-am-gp-n3-4-16-i-adv-mysql-2,slow-log-tailer,1851392,load_100tps
2026-08-05T18:22:20Z,compare-am-gp-n3-4-16-i-adv-mysql-2,do-agent,-1,load_100tps
2026-08-05T18:22:20Z,compare-am-gp-n3-4-16-i-adv-mysql-2,xtrabackup,24059904,load_100tps
2026-08-05T18:22:52Z,compare-am-gp-n3-4-16-i-adv-mysql-0,mysql,13256732672,load_100tps
2026-08-05T18:22:52Z,compare-am-gp-n3-4-16-i-adv-mysql-0,mysqld-exporter,15675392,load_100tps
2026-08-05T18:22:52Z,compare-am-gp-n3-4-16-i-adv-mysql-0,slow-log-tailer,2052096,load_100tps
2026-08-05T18:22:52Z,compare-am-gp-n3-4-16-i-adv-mysql-0,do-agent,-1,load_100tps
2026-08-05T18:22:52Z,compare-am-gp-n3-4-16-i-adv-mysql-0,xtrabackup,19714048,load_100tps
2026-08-05T18:22:52Z,compare-am-gp-n3-4-16-i-adv-mysql-1,mysql,12925214720,load_100tps
2026-08-05T18:22:52Z,compare-am-gp-n3-4-16-i-adv-mysql-1,mysqld-exporter,15478784,load_100tps
2026-08-05T18:22:52Z,compare-am-gp-n3-4-16-i-adv-mysql-1,slow-log-tailer,6799360,load_100tps
2026-08-05T18:22:52Z,compare-am-gp-n3-4-16-i-adv-mysql-1,do-agent,-1,load_100tps
2026-08-05T18:22:52Z,compare-am-gp-n3-4-16-i-adv-mysql-1,xtrabackup,25366528,load_100tps
2026-08-05T18:22:52Z,compare-am-gp-n3-4-16-i-adv-mysql-2,mysql,13466914816,load_100tps
2026-08-05T18:22:52Z,compare-am-gp-n3-4-16-i-adv-mysql-2,mysqld-exporter,14970880,load_100tps
2026-08-05T18:22:52Z,compare-am-gp-n3-4-16-i-adv-mysql-2,slow-log-tailer,1777664,load_100tps
2026-08-05T18:22:52Z,compare-am-gp-n3-4-16-i-adv-mysql-2,do-agent,-1,load_100tps
2026-08-05T18:22:52Z,compare-am-gp-n3-4-16-i-adv-mysql-2,xtrabackup,24010752,load_100tps
2026-08-05T18:23:25Z,compare-am-gp-n3-4-16-i-adv-mysql-0,mysql,13236338688,load_100tps
2026-08-05T18:23:25Z,compare-am-gp-n3-4-16-i-adv-mysql-0,mysqld-exporter,15712256,load_100tps
2026-08-05T18:23:25Z,compare-am-gp-n3-4-16-i-adv-mysql-0,slow-log-tailer,2035712,load_100tps
2026-08-05T18:23:25Z,compare-am-gp-n3-4-16-i-adv-mysql-0,do-agent,-1,load_100tps
2026-08-05T18:23:25Z,compare-am-gp-n3-4-16-i-adv-mysql-0,xtrabackup,19824640,load_100tps
2026-08-05T18:23:25Z,compare-am-gp-n3-4-16-i-adv-mysql-1,mysql,12921217024,load_100tps
2026-08-05T18:23:25Z,compare-am-gp-n3-4-16-i-adv-mysql-1,mysqld-exporter,15323136,load_100tps
2026-08-05T18:23:25Z,compare-am-gp-n3-4-16-i-adv-mysql-1,slow-log-tailer,6565888,load_100tps
2026-08-05T18:23:25Z,compare-am-gp-n3-4-16-i-adv-mysql-1,do-agent,-1,load_100tps
2026-08-05T18:23:25Z,compare-am-gp-n3-4-16-i-adv-mysql-1,xtrabackup,25874432,load_100tps
2026-08-05T18:23:25Z,compare-am-gp-n3-4-16-i-adv-mysql-2,mysql,13453385728,load_100tps
2026-08-05T18:23:25Z,compare-am-gp-n3-4-16-i-adv-mysql-2,mysqld-exporter,15249408,load_100tps
2026-08-05T18:23:25Z,compare-am-gp-n3-4-16-i-adv-mysql-2,slow-log-tailer,1994752,load_100tps
2026-08-05T18:23:25Z,compare-am-gp-n3-4-16-i-adv-mysql-2,do-agent,-1,load_100tps
2026-08-05T18:23:25Z,compare-am-gp-n3-4-16-i-adv-mysql-2,xtrabackup,24039424,load_100tps
2026-08-05T18:23:58Z,compare-am-gp-n3-4-16-i-adv-mysql-0,mysql,13218586624,load_100tps
2026-08-05T18:23:58Z,compare-am-gp-n3-4-16-i-adv-mysql-0,mysqld-exporter,15929344,load_100tps
2026-08-05T18:23:58Z,compare-am-gp-n3-4-16-i-adv-mysql-0,slow-log-tailer,2068480,load_100tps
2026-08-05T18:23:58Z,compare-am-gp-n3-4-16-i-adv-mysql-0,do-agent,-1,load_100tps
2026-08-05T18:23:58Z,compare-am-gp-n3-4-16-i-adv-mysql-0,xtrabackup,19853312,load_100tps
2026-08-05T18:23:58Z,compare-am-gp-n3-4-16-i-adv-mysql-1,mysql,12910137344,load_100tps
2026-08-05T18:23:58Z,compare-am-gp-n3-4-16-i-adv-mysql-1,mysqld-exporter,15237120,load_100tps
2026-08-05T18:23:58Z,compare-am-gp-n3-4-16-i-adv-mysql-1,slow-log-tailer,6492160,load_100tps
2026-08-05T18:23:58Z,compare-am-gp-n3-4-16-i-adv-mysql-1,do-agent,-1,load_100tps
2026-08-05T18:23:58Z,compare-am-gp-n3-4-16-i-adv-mysql-1,xtrabackup,25341952,load_100tps
2026-08-05T18:23:58Z,compare-am-gp-n3-4-16-i-adv-mysql-2,mysql,13466820608,load_100tps
2026-08-05T18:23:58Z,compare-am-gp-n3-4-16-i-adv-mysql-2,mysqld-exporter,15441920,load_100tps
2026-08-05T18:23:58Z,compare-am-gp-n3-4-16-i-adv-mysql-2,slow-log-tailer,2125824,load_100tps
2026-08-05T18:23:58Z,compare-am-gp-n3-4-16-i-adv-mysql-2,do-agent,-1,load_100tps
2026-08-05T18:23:58Z,compare-am-gp-n3-4-16-i-adv-mysql-2,xtrabackup,24010752,load_100tps
2026-08-05T18:24:31Z,compare-am-gp-n3-4-16-i-adv-mysql-0,mysql,13217595392,load_100tps
2026-08-05T18:24:31Z,compare-am-gp-n3-4-16-i-adv-mysql-0,mysqld-exporter,15454208,load_100tps
2026-08-05T18:24:31Z,compare-am-gp-n3-4-16-i-adv-mysql-0,slow-log-tailer,2048000,load_100tps
2026-08-05T18:24:31Z,compare-am-gp-n3-4-16-i-adv-mysql-0,do-agent,-1,load_100tps
2026-08-05T18:24:31Z,compare-am-gp-n3-4-16-i-adv-mysql-0,xtrabackup,19623936,load_100tps
2026-08-05T18:24:31Z,compare-am-gp-n3-4-16-i-adv-mysql-1,mysql,12674404352,load_100tps
2026-08-05T18:24:31Z,compare-am-gp-n3-4-16-i-adv-mysql-1,mysqld-exporter,15253504,load_100tps
2026-08-05T18:24:31Z,compare-am-gp-n3-4-16-i-adv-mysql-1,slow-log-tailer,6606848,load_100tps
2026-08-05T18:24:31Z,compare-am-gp-n3-4-16-i-adv-mysql-1,do-agent,-1,load_100tps
2026-08-05T18:24:31Z,compare-am-gp-n3-4-16-i-adv-mysql-1,xtrabackup,25538560,load_100tps
2026-08-05T18:24:31Z,compare-am-gp-n3-4-16-i-adv-mysql-2,mysql,13466013696,load_100tps
2026-08-05T18:24:31Z,compare-am-gp-n3-4-16-i-adv-mysql-2,mysqld-exporter,15310848,load_100tps
2026-08-05T18:24:31Z,compare-am-gp-n3-4-16-i-adv-mysql-2,slow-log-tailer,2011136,load_100tps
2026-08-05T18:24:31Z,compare-am-gp-n3-4-16-i-adv-mysql-2,do-agent,-1,load_100tps
2026-08-05T18:24:31Z,compare-am-gp-n3-4-16-i-adv-mysql-2,xtrabackup,24064000,load_100tps
2026-08-05T18:25:04Z,compare-am-gp-n3-4-16-i-adv-mysql-0,mysql,13223358464,load_100tps
2026-08-05T18:25:04Z,compare-am-gp-n3-4-16-i-adv-mysql-0,mysqld-exporter,16293888,load_100tps
2026-08-05T18:25:04Z,compare-am-gp-n3-4-16-i-adv-mysql-0,slow-log-tailer,1851392,load_100tps
2026-08-05T18:25:04Z,compare-am-gp-n3-4-16-i-adv-mysql-0,do-agent,-1,load_100tps
2026-08-05T18:25:04Z,compare-am-gp-n3-4-16-i-adv-mysql-0,xtrabackup,19853312,load_100tps
2026-08-05T18:25:04Z,compare-am-gp-n3-4-16-i-adv-mysql-1,mysql,12741984256,load_100tps
2026-08-05T18:25:04Z,compare-am-gp-n3-4-16-i-adv-mysql-1,mysqld-exporter,14897152,load_100tps
2026-08-05T18:25:04Z,compare-am-gp-n3-4-16-i-adv-mysql-1,slow-log-tailer,6668288,load_100tps
2026-08-05T18:25:04Z,compare-am-gp-n3-4-16-i-adv-mysql-1,do-agent,-1,load_100tps
2026-08-05T18:25:04Z,compare-am-gp-n3-4-16-i-adv-mysql-1,xtrabackup,25333760,load_100tps
2026-08-05T18:25:04Z,compare-am-gp-n3-4-16-i-adv-mysql-2,mysql,13466071040,load_100tps
2026-08-05T18:25:04Z,compare-am-gp-n3-4-16-i-adv-mysql-2,mysqld-exporter,15269888,load_100tps
2026-08-05T18:25:04Z,compare-am-gp-n3-4-16-i-adv-mysql-2,slow-log-tailer,1830912,load_100tps
2026-08-05T18:25:04Z,compare-am-gp-n3-4-16-i-adv-mysql-2,do-agent,-1,load_100tps
2026-08-05T18:25:04Z,compare-am-gp-n3-4-16-i-adv-mysql-2,xtrabackup,24059904,load_100tps
2026-08-05T18:25:37Z,compare-am-gp-n3-4-16-i-adv-mysql-0,mysql,13209174016,load_100tps
2026-08-05T18:25:37Z,compare-am-gp-n3-4-16-i-adv-mysql-0,mysqld-exporter,16261120,load_100tps
2026-08-05T18:25:37Z,compare-am-gp-n3-4-16-i-adv-mysql-0,slow-log-tailer,2039808,load_100tps
2026-08-05T18:25:37Z,compare-am-gp-n3-4-16-i-adv-mysql-0,do-agent,-1,load_100tps
2026-08-05T18:25:37Z,compare-am-gp-n3-4-16-i-adv-mysql-0,xtrabackup,19804160,load_100tps
2026-08-05T18:25:37Z,compare-am-gp-n3-4-16-i-adv-mysql-1,mysql,12811735040,load_100tps
2026-08-05T18:25:37Z,compare-am-gp-n3-4-16-i-adv-mysql-1,mysqld-exporter,14675968,load_100tps
2026-08-05T18:25:37Z,compare-am-gp-n3-4-16-i-adv-mysql-1,slow-log-tailer,6995968,load_100tps
2026-08-05T18:25:37Z,compare-am-gp-n3-4-16-i-adv-mysql-1,do-agent,-1,load_100tps
2026-08-05T18:25:37Z,compare-am-gp-n3-4-16-i-adv-mysql-1,xtrabackup,25460736,load_100tps
2026-08-05T18:25:37Z,compare-am-gp-n3-4-16-i-adv-mysql-2,mysql,13457514496,load_100tps
2026-08-05T18:25:37Z,compare-am-gp-n3-4-16-i-adv-mysql-2,mysqld-exporter,14893056,load_100tps
2026-08-05T18:25:37Z,compare-am-gp-n3-4-16-i-adv-mysql-2,slow-log-tailer,1773568,load_100tps
2026-08-05T18:25:37Z,compare-am-gp-n3-4-16-i-adv-mysql-2,do-agent,-1,load_100tps
2026-08-05T18:25:37Z,compare-am-gp-n3-4-16-i-adv-mysql-2,xtrabackup,23891968,load_100tps
2026-08-05T18:26:10Z,compare-am-gp-n3-4-16-i-adv-mysql-0,mysql,13225250816,load_100tps
2026-08-05T18:26:10Z,compare-am-gp-n3-4-16-i-adv-mysql-0,mysqld-exporter,16224256,load_100tps
2026-08-05T18:26:10Z,compare-am-gp-n3-4-16-i-adv-mysql-0,slow-log-tailer,2023424,load_100tps
2026-08-05T18:26:10Z,compare-am-gp-n3-4-16-i-adv-mysql-0,do-agent,-1,load_100tps
2026-08-05T18:26:10Z,compare-am-gp-n3-4-16-i-adv-mysql-0,xtrabackup,20099072,load_100tps
2026-08-05T18:26:10Z,compare-am-gp-n3-4-16-i-adv-mysql-1,mysql,12875223040,load_100tps
2026-08-05T18:26:10Z,compare-am-gp-n3-4-16-i-adv-mysql-1,mysqld-exporter,14753792,load_100tps
2026-08-05T18:26:10Z,compare-am-gp-n3-4-16-i-adv-mysql-1,slow-log-tailer,6844416,load_100tps
2026-08-05T18:26:10Z,compare-am-gp-n3-4-16-i-adv-mysql-1,do-agent,-1,load_100tps
2026-08-05T18:26:10Z,compare-am-gp-n3-4-16-i-adv-mysql-1,xtrabackup,25391104,load_100tps
2026-08-05T18:26:10Z,compare-am-gp-n3-4-16-i-adv-mysql-2,mysql,13456261120,load_100tps
2026-08-05T18:26:10Z,compare-am-gp-n3-4-16-i-adv-mysql-2,mysqld-exporter,15192064,load_100tps
2026-08-05T18:26:10Z,compare-am-gp-n3-4-16-i-adv-mysql-2,slow-log-tailer,2007040,load_100tps
2026-08-05T18:26:10Z,compare-am-gp-n3-4-16-i-adv-mysql-2,do-agent,-1,load_100tps
2026-08-05T18:26:10Z,compare-am-gp-n3-4-16-i-adv-mysql-2,xtrabackup,24182784,load_100tps
2026-08-05T18:26:43Z,compare-am-gp-n3-4-16-i-adv-mysql-0,mysql,13211512832,load_100tps
2026-08-05T18:26:43Z,compare-am-gp-n3-4-16-i-adv-mysql-0,mysqld-exporter,16158720,load_100tps
2026-08-05T18:26:43Z,compare-am-gp-n3-4-16-i-adv-mysql-0,slow-log-tailer,1978368,load_100tps
2026-08-05T18:26:43Z,compare-am-gp-n3-4-16-i-adv-mysql-0,do-agent,-1,load_100tps
2026-08-05T18:26:43Z,compare-am-gp-n3-4-16-i-adv-mysql-0,xtrabackup,19820544,load_100tps
2026-08-05T18:26:43Z,compare-am-gp-n3-4-16-i-adv-mysql-1,mysql,12870561792,load_100tps
2026-08-05T18:26:43Z,compare-am-gp-n3-4-16-i-adv-mysql-1,mysqld-exporter,15040512,load_100tps
2026-08-05T18:26:43Z,compare-am-gp-n3-4-16-i-adv-mysql-1,slow-log-tailer,6569984,load_100tps
2026-08-05T18:26:43Z,compare-am-gp-n3-4-16-i-adv-mysql-1,do-agent,-1,load_100tps
2026-08-05T18:26:43Z,compare-am-gp-n3-4-16-i-adv-mysql-1,xtrabackup,25538560,load_100tps
2026-08-05T18:26:43Z,compare-am-gp-n3-4-16-i-adv-mysql-2,mysql,13453590528,load_100tps
2026-08-05T18:26:43Z,compare-am-gp-n3-4-16-i-adv-mysql-2,mysqld-exporter,15179776,load_100tps
2026-08-05T18:26:43Z,compare-am-gp-n3-4-16-i-adv-mysql-2,slow-log-tailer,1925120,load_100tps
2026-08-05T18:26:43Z,compare-am-gp-n3-4-16-i-adv-mysql-2,do-agent,-1,load_100tps
2026-08-05T18:26:43Z,compare-am-gp-n3-4-16-i-adv-mysql-2,xtrabackup,24023040,load_100tps
2026-08-05T18:27:16Z,compare-am-gp-n3-4-16-i-adv-mysql-0,mysql,13221662720,load_100tps
2026-08-05T18:27:16Z,compare-am-gp-n3-4-16-i-adv-mysql-0,mysqld-exporter,16482304,load_100tps
2026-08-05T18:27:16Z,compare-am-gp-n3-4-16-i-adv-mysql-0,slow-log-tailer,2076672,load_100tps
2026-08-05T18:27:16Z,compare-am-gp-n3-4-16-i-adv-mysql-0,do-agent,-1,load_100tps
2026-08-05T18:27:16Z,compare-am-gp-n3-4-16-i-adv-mysql-0,xtrabackup,19611648,load_100tps
2026-08-05T18:27:16Z,compare-am-gp-n3-4-16-i-adv-mysql-1,mysql,12725927936,load_100tps
2026-08-05T18:27:16Z,compare-am-gp-n3-4-16-i-adv-mysql-1,mysqld-exporter,15020032,load_100tps
2026-08-05T18:27:16Z,compare-am-gp-n3-4-16-i-adv-mysql-1,slow-log-tailer,6500352,load_100tps
2026-08-05T18:27:16Z,compare-am-gp-n3-4-16-i-adv-mysql-1,do-agent,-1,load_100tps
2026-08-05T18:27:16Z,compare-am-gp-n3-4-16-i-adv-mysql-1,xtrabackup,25661440,load_100tps
2026-08-05T18:27:16Z,compare-am-gp-n3-4-16-i-adv-mysql-2,mysql,13469331456,load_100tps
2026-08-05T18:27:16Z,compare-am-gp-n3-4-16-i-adv-mysql-2,mysqld-exporter,15233024,load_100tps
2026-08-05T18:27:16Z,compare-am-gp-n3-4-16-i-adv-mysql-2,slow-log-tailer,1777664,load_100tps
2026-08-05T18:27:16Z,compare-am-gp-n3-4-16-i-adv-mysql-2,do-agent,-1,load_100tps
2026-08-05T18:27:16Z,compare-am-gp-n3-4-16-i-adv-mysql-2,xtrabackup,23851008,load_100tps
2026-08-05T18:27:49Z,compare-am-gp-n3-4-16-i-adv-mysql-0,mysql,13188136960,load_100tps
2026-08-05T18:27:49Z,compare-am-gp-n3-4-16-i-adv-mysql-0,mysqld-exporter,16539648,load_100tps
2026-08-05T18:27:49Z,compare-am-gp-n3-4-16-i-adv-mysql-0,slow-log-tailer,1847296,load_100tps
2026-08-05T18:27:49Z,compare-am-gp-n3-4-16-i-adv-mysql-0,do-agent,-1,load_100tps
2026-08-05T18:27:49Z,compare-am-gp-n3-4-16-i-adv-mysql-0,xtrabackup,19881984,load_100tps
2026-08-05T18:27:49Z,compare-am-gp-n3-4-16-i-adv-mysql-1,mysql,12796067840,load_100tps
2026-08-05T18:27:49Z,compare-am-gp-n3-4-16-i-adv-mysql-1,mysqld-exporter,15040512,load_100tps
2026-08-05T18:27:49Z,compare-am-gp-n3-4-16-i-adv-mysql-1,slow-log-tailer,6742016,load_100tps
2026-08-05T18:27:49Z,compare-am-gp-n3-4-16-i-adv-mysql-1,do-agent,-1,load_100tps
2026-08-05T18:27:49Z,compare-am-gp-n3-4-16-i-adv-mysql-1,xtrabackup,25370624,load_100tps
2026-08-05T18:27:49Z,compare-am-gp-n3-4-16-i-adv-mysql-2,mysql,13468913664,load_100tps
2026-08-05T18:27:49Z,compare-am-gp-n3-4-16-i-adv-mysql-2,mysqld-exporter,15110144,load_100tps
2026-08-05T18:27:49Z,compare-am-gp-n3-4-16-i-adv-mysql-2,slow-log-tailer,1769472,load_100tps
2026-08-05T18:27:49Z,compare-am-gp-n3-4-16-i-adv-mysql-2,do-agent,-1,load_100tps
2026-08-05T18:27:49Z,compare-am-gp-n3-4-16-i-adv-mysql-2,xtrabackup,24043520,load_100tps
2026-08-05T18:28:22Z,compare-am-gp-n3-4-16-i-adv-mysql-0,mysql,13228089344,load_100tps
2026-08-05T18:28:22Z,compare-am-gp-n3-4-16-i-adv-mysql-0,mysqld-exporter,16482304,load_100tps
2026-08-05T18:28:22Z,compare-am-gp-n3-4-16-i-adv-mysql-0,slow-log-tailer,2551808,load_100tps
2026-08-05T18:28:22Z,compare-am-gp-n3-4-16-i-adv-mysql-0,do-agent,-1,load_100tps
2026-08-05T18:28:22Z,compare-am-gp-n3-4-16-i-adv-mysql-0,xtrabackup,19722240,load_100tps
2026-08-05T18:28:22Z,compare-am-gp-n3-4-16-i-adv-mysql-1,mysql,12861640704,load_100tps
2026-08-05T18:28:22Z,compare-am-gp-n3-4-16-i-adv-mysql-1,mysqld-exporter,14917632,load_100tps
2026-08-05T18:28:22Z,compare-am-gp-n3-4-16-i-adv-mysql-1,slow-log-tailer,6660096,load_100tps
2026-08-05T18:28:22Z,compare-am-gp-n3-4-16-i-adv-mysql-1,do-agent,-1,load_100tps
2026-08-05T18:28:22Z,compare-am-gp-n3-4-16-i-adv-mysql-1,xtrabackup,25575424,load_100tps
2026-08-05T18:28:22Z,compare-am-gp-n3-4-16-i-adv-mysql-2,mysql,13457088512,load_100tps
2026-08-05T18:28:22Z,compare-am-gp-n3-4-16-i-adv-mysql-2,mysqld-exporter,14798848,load_100tps
2026-08-05T18:28:22Z,compare-am-gp-n3-4-16-i-adv-mysql-2,slow-log-tailer,1982464,load_100tps
2026-08-05T18:28:22Z,compare-am-gp-n3-4-16-i-adv-mysql-2,do-agent,-1,load_100tps
2026-08-05T18:28:22Z,compare-am-gp-n3-4-16-i-adv-mysql-2,xtrabackup,23875584,load_100tps
2026-08-05T18:28:55Z,compare-am-gp-n3-4-16-i-adv-mysql-0,mysql,13226618880,load_100tps
2026-08-05T18:28:55Z,compare-am-gp-n3-4-16-i-adv-mysql-0,mysqld-exporter,16302080,load_100tps
2026-08-05T18:28:55Z,compare-am-gp-n3-4-16-i-adv-mysql-0,slow-log-tailer,1863680,load_100tps
2026-08-05T18:28:55Z,compare-am-gp-n3-4-16-i-adv-mysql-0,do-agent,-1,load_100tps
2026-08-05T18:28:55Z,compare-am-gp-n3-4-16-i-adv-mysql-0,xtrabackup,19820544,load_100tps
2026-08-05T18:28:55Z,compare-am-gp-n3-4-16-i-adv-mysql-1,mysql,12895133696,load_100tps
2026-08-05T18:28:55Z,compare-am-gp-n3-4-16-i-adv-mysql-1,mysqld-exporter,15052800,load_100tps
2026-08-05T18:28:55Z,compare-am-gp-n3-4-16-i-adv-mysql-1,slow-log-tailer,6524928,load_100tps
2026-08-05T18:28:55Z,compare-am-gp-n3-4-16-i-adv-mysql-1,do-agent,-1,load_100tps
2026-08-05T18:28:55Z,compare-am-gp-n3-4-16-i-adv-mysql-1,xtrabackup,25624576,load_100tps
2026-08-05T18:28:55Z,compare-am-gp-n3-4-16-i-adv-mysql-2,mysql,13466492928,load_100tps
2026-08-05T18:28:55Z,compare-am-gp-n3-4-16-i-adv-mysql-2,mysqld-exporter,14798848,load_100tps
2026-08-05T18:28:55Z,compare-am-gp-n3-4-16-i-adv-mysql-2,slow-log-tailer,1810432,load_100tps
2026-08-05T18:28:55Z,compare-am-gp-n3-4-16-i-adv-mysql-2,do-agent,-1,load_100tps
2026-08-05T18:28:55Z,compare-am-gp-n3-4-16-i-adv-mysql-2,xtrabackup,24129536,load_100tps
2026-08-05T18:29:28Z,compare-am-gp-n3-4-16-i-adv-mysql-0,mysql,13210689536,load_100tps
2026-08-05T18:29:28Z,compare-am-gp-n3-4-16-i-adv-mysql-0,mysqld-exporter,16211968,load_100tps
2026-08-05T18:29:28Z,compare-am-gp-n3-4-16-i-adv-mysql-0,slow-log-tailer,2056192,load_100tps
2026-08-05T18:29:28Z,compare-am-gp-n3-4-16-i-adv-mysql-0,do-agent,-1,load_100tps
2026-08-05T18:29:28Z,compare-am-gp-n3-4-16-i-adv-mysql-0,xtrabackup,19861504,load_100tps
2026-08-05T18:29:28Z,compare-am-gp-n3-4-16-i-adv-mysql-1,mysql,12889845760,load_100tps
2026-08-05T18:29:28Z,compare-am-gp-n3-4-16-i-adv-mysql-1,mysqld-exporter,15106048,load_100tps
2026-08-05T18:29:28Z,compare-am-gp-n3-4-16-i-adv-mysql-1,slow-log-tailer,6729728,load_100tps
2026-08-05T18:29:28Z,compare-am-gp-n3-4-16-i-adv-mysql-1,do-agent,-1,load_100tps
2026-08-05T18:29:28Z,compare-am-gp-n3-4-16-i-adv-mysql-1,xtrabackup,25788416,load_100tps
2026-08-05T18:29:28Z,compare-am-gp-n3-4-16-i-adv-mysql-2,mysql,13450477568,load_100tps
2026-08-05T18:29:28Z,compare-am-gp-n3-4-16-i-adv-mysql-2,mysqld-exporter,15183872,load_100tps
2026-08-05T18:29:28Z,compare-am-gp-n3-4-16-i-adv-mysql-2,slow-log-tailer,1830912,load_100tps
2026-08-05T18:29:28Z,compare-am-gp-n3-4-16-i-adv-mysql-2,do-agent,-1,load_100tps
2026-08-05T18:29:28Z,compare-am-gp-n3-4-16-i-adv-mysql-2,xtrabackup,24113152,load_100tps
2026-08-05T18:30:00Z,compare-am-gp-n3-4-16-i-adv-mysql-0,mysql,13227298816,load_100tps
2026-08-05T18:30:00Z,compare-am-gp-n3-4-16-i-adv-mysql-0,mysqld-exporter,16248832,load_100tps
2026-08-05T18:30:00Z,compare-am-gp-n3-4-16-i-adv-mysql-0,slow-log-tailer,1892352,load_100tps
2026-08-05T18:30:00Z,compare-am-gp-n3-4-16-i-adv-mysql-0,do-agent,-1,load_100tps
2026-08-05T18:30:00Z,compare-am-gp-n3-4-16-i-adv-mysql-0,xtrabackup,19832832,load_100tps
2026-08-05T18:30:00Z,compare-am-gp-n3-4-16-i-adv-mysql-1,mysql,12783890432,load_100tps
2026-08-05T18:30:00Z,compare-am-gp-n3-4-16-i-adv-mysql-1,mysqld-exporter,14946304,load_100tps
2026-08-05T18:30:00Z,compare-am-gp-n3-4-16-i-adv-mysql-1,slow-log-tailer,6574080,load_100tps
2026-08-05T18:30:00Z,compare-am-gp-n3-4-16-i-adv-mysql-1,do-agent,-1,load_100tps
2026-08-05T18:30:00Z,compare-am-gp-n3-4-16-i-adv-mysql-1,xtrabackup,25538560,load_100tps
2026-08-05T18:30:00Z,compare-am-gp-n3-4-16-i-adv-mysql-2,mysql,13461520384,load_100tps
2026-08-05T18:30:00Z,compare-am-gp-n3-4-16-i-adv-mysql-2,mysqld-exporter,15024128,load_100tps
2026-08-05T18:30:00Z,compare-am-gp-n3-4-16-i-adv-mysql-2,slow-log-tailer,2027520,load_100tps
2026-08-05T18:30:00Z,compare-am-gp-n3-4-16-i-adv-mysql-2,do-agent,-1,load_100tps
2026-08-05T18:30:00Z,compare-am-gp-n3-4-16-i-adv-mysql-2,xtrabackup,23998464,load_100tps
2026-08-05T18:30:35Z,compare-am-gp-n3-4-16-i-adv-mysql-0,mysql,13232992256,load_100tps
2026-08-05T18:30:35Z,compare-am-gp-n3-4-16-i-adv-mysql-0,mysqld-exporter,16138240,load_100tps
2026-08-05T18:30:35Z,compare-am-gp-n3-4-16-i-adv-mysql-0,slow-log-tailer,1908736,load_100tps
2026-08-05T18:30:35Z,compare-am-gp-n3-4-16-i-adv-mysql-0,do-agent,-1,load_100tps
2026-08-05T18:30:35Z,compare-am-gp-n3-4-16-i-adv-mysql-0,xtrabackup,19775488,load_100tps
2026-08-05T18:30:35Z,compare-am-gp-n3-4-16-i-adv-mysql-1,mysql,12850020352,load_100tps
2026-08-05T18:30:35Z,compare-am-gp-n3-4-16-i-adv-mysql-1,mysqld-exporter,15040512,load_100tps
2026-08-05T18:30:35Z,compare-am-gp-n3-4-16-i-adv-mysql-1,slow-log-tailer,6660096,load_100tps
2026-08-05T18:30:35Z,compare-am-gp-n3-4-16-i-adv-mysql-1,do-agent,-1,load_100tps
2026-08-05T18:30:35Z,compare-am-gp-n3-4-16-i-adv-mysql-1,xtrabackup,25530368,load_100tps
2026-08-05T18:30:35Z,compare-am-gp-n3-4-16-i-adv-mysql-2,mysql,13467496448,load_100tps
2026-08-05T18:30:35Z,compare-am-gp-n3-4-16-i-adv-mysql-2,mysqld-exporter,15106048,load_100tps
2026-08-05T18:30:35Z,compare-am-gp-n3-4-16-i-adv-mysql-2,slow-log-tailer,1843200,load_100tps
2026-08-05T18:30:35Z,compare-am-gp-n3-4-16-i-adv-mysql-2,do-agent,-1,load_100tps
2026-08-05T18:30:35Z,compare-am-gp-n3-4-16-i-adv-mysql-2,xtrabackup,24018944,load_100tps
2026-08-05T18:31:07Z,compare-am-gp-n3-4-16-i-adv-mysql-0,mysql,13234040832,load_100tps
2026-08-05T18:31:07Z,compare-am-gp-n3-4-16-i-adv-mysql-0,mysqld-exporter,15958016,load_100tps
2026-08-05T18:31:07Z,compare-am-gp-n3-4-16-i-adv-mysql-0,slow-log-tailer,2015232,load_100tps
2026-08-05T18:31:07Z,compare-am-gp-n3-4-16-i-adv-mysql-0,do-agent,-1,load_100tps
2026-08-05T18:31:07Z,compare-am-gp-n3-4-16-i-adv-mysql-0,xtrabackup,19914752,load_100tps
2026-08-05T18:31:07Z,compare-am-gp-n3-4-16-i-adv-mysql-1,mysql,12916789248,load_100tps
2026-08-05T18:31:07Z,compare-am-gp-n3-4-16-i-adv-mysql-1,mysqld-exporter,15405056,load_100tps
2026-08-05T18:31:07Z,compare-am-gp-n3-4-16-i-adv-mysql-1,slow-log-tailer,6545408,load_100tps
2026-08-05T18:31:07Z,compare-am-gp-n3-4-16-i-adv-mysql-1,do-agent,-1,load_100tps
2026-08-05T18:31:07Z,compare-am-gp-n3-4-16-i-adv-mysql-1,xtrabackup,25612288,load_100tps
2026-08-05T18:31:07Z,compare-am-gp-n3-4-16-i-adv-mysql-2,mysql,13456687104,load_100tps
2026-08-05T18:31:07Z,compare-am-gp-n3-4-16-i-adv-mysql-2,mysqld-exporter,15060992,load_100tps
2026-08-05T18:31:07Z,compare-am-gp-n3-4-16-i-adv-mysql-2,slow-log-tailer,1728512,load_100tps
2026-08-05T18:31:07Z,compare-am-gp-n3-4-16-i-adv-mysql-2,do-agent,-1,load_100tps
2026-08-05T18:31:07Z,compare-am-gp-n3-4-16-i-adv-mysql-2,xtrabackup,24018944,load_100tps
2026-08-05T18:31:40Z,compare-am-gp-n3-4-16-i-adv-mysql-0,mysql,13236633600,load_100tps
2026-08-05T18:31:40Z,compare-am-gp-n3-4-16-i-adv-mysql-0,mysqld-exporter,15896576,load_100tps
2026-08-05T18:31:40Z,compare-am-gp-n3-4-16-i-adv-mysql-0,slow-log-tailer,2023424,load_100tps
2026-08-05T18:31:40Z,compare-am-gp-n3-4-16-i-adv-mysql-0,do-agent,-1,load_100tps
2026-08-05T18:31:40Z,compare-am-gp-n3-4-16-i-adv-mysql-0,xtrabackup,19910656,load_100tps
2026-08-05T18:31:40Z,compare-am-gp-n3-4-16-i-adv-mysql-1,mysql,12873326592,load_100tps
2026-08-05T18:31:40Z,compare-am-gp-n3-4-16-i-adv-mysql-1,mysqld-exporter,15335424,load_100tps
2026-08-05T18:31:40Z,compare-am-gp-n3-4-16-i-adv-mysql-1,slow-log-tailer,6696960,load_100tps
2026-08-05T18:31:40Z,compare-am-gp-n3-4-16-i-adv-mysql-1,do-agent,-1,load_100tps
2026-08-05T18:31:40Z,compare-am-gp-n3-4-16-i-adv-mysql-1,xtrabackup,25559040,load_100tps
2026-08-05T18:31:40Z,compare-am-gp-n3-4-16-i-adv-mysql-2,mysql,13475414016,load_100tps
2026-08-05T18:31:40Z,compare-am-gp-n3-4-16-i-adv-mysql-2,mysqld-exporter,15257600,load_100tps
2026-08-05T18:31:40Z,compare-am-gp-n3-4-16-i-adv-mysql-2,slow-log-tailer,1810432,load_100tps
2026-08-05T18:31:40Z,compare-am-gp-n3-4-16-i-adv-mysql-2,do-agent,-1,load_100tps
2026-08-05T18:31:40Z,compare-am-gp-n3-4-16-i-adv-mysql-2,xtrabackup,24121344,load_100tps
2026-08-05T18:32:13Z,compare-am-gp-n3-4-16-i-adv-mysql-0,mysql,13191233536,load_100tps
2026-08-05T18:32:13Z,compare-am-gp-n3-4-16-i-adv-mysql-0,mysqld-exporter,16130048,load_100tps
2026-08-05T18:32:13Z,compare-am-gp-n3-4-16-i-adv-mysql-0,slow-log-tailer,2052096,load_100tps
2026-08-05T18:32:13Z,compare-am-gp-n3-4-16-i-adv-mysql-0,do-agent,-1,load_100tps
2026-08-05T18:32:13Z,compare-am-gp-n3-4-16-i-adv-mysql-0,xtrabackup,19955712,load_100tps
2026-08-05T18:32:13Z,compare-am-gp-n3-4-16-i-adv-mysql-1,mysql,12871901184,load_100tps
2026-08-05T18:32:13Z,compare-am-gp-n3-4-16-i-adv-mysql-1,mysqld-exporter,15523840,load_100tps
2026-08-05T18:32:13Z,compare-am-gp-n3-4-16-i-adv-mysql-1,slow-log-tailer,6676480,load_100tps
2026-08-05T18:32:13Z,compare-am-gp-n3-4-16-i-adv-mysql-1,do-agent,-1,load_100tps
2026-08-05T18:32:13Z,compare-am-gp-n3-4-16-i-adv-mysql-1,xtrabackup,25513984,load_100tps
2026-08-05T18:32:13Z,compare-am-gp-n3-4-16-i-adv-mysql-2,mysql,13488095232,load_100tps
2026-08-05T18:32:13Z,compare-am-gp-n3-4-16-i-adv-mysql-2,mysqld-exporter,15060992,load_100tps
2026-08-05T18:32:13Z,compare-am-gp-n3-4-16-i-adv-mysql-2,slow-log-tailer,1785856,load_100tps
2026-08-05T18:32:13Z,compare-am-gp-n3-4-16-i-adv-mysql-2,do-agent,-1,load_100tps
2026-08-05T18:32:13Z,compare-am-gp-n3-4-16-i-adv-mysql-2,xtrabackup,23953408,load_100tps
2026-08-05T18:32:46Z,compare-am-gp-n3-4-16-i-adv-mysql-0,mysql,13192007680,load_100tps
2026-08-05T18:32:46Z,compare-am-gp-n3-4-16-i-adv-mysql-0,mysqld-exporter,15958016,load_100tps
2026-08-05T18:32:46Z,compare-am-gp-n3-4-16-i-adv-mysql-0,slow-log-tailer,2351104,load_100tps
2026-08-05T18:32:46Z,compare-am-gp-n3-4-16-i-adv-mysql-0,do-agent,-1,load_100tps
2026-08-05T18:32:46Z,compare-am-gp-n3-4-16-i-adv-mysql-0,xtrabackup,19812352,load_100tps
2026-08-05T18:32:46Z,compare-am-gp-n3-4-16-i-adv-mysql-1,mysql,12736933888,load_100tps
2026-08-05T18:32:46Z,compare-am-gp-n3-4-16-i-adv-mysql-1,mysqld-exporter,15093760,load_100tps
2026-08-05T18:32:46Z,compare-am-gp-n3-4-16-i-adv-mysql-1,slow-log-tailer,6615040,load_100tps
2026-08-05T18:32:46Z,compare-am-gp-n3-4-16-i-adv-mysql-1,do-agent,-1,load_100tps
2026-08-05T18:32:46Z,compare-am-gp-n3-4-16-i-adv-mysql-1,xtrabackup,25329664,load_100tps
2026-08-05T18:32:46Z,compare-am-gp-n3-4-16-i-adv-mysql-2,mysql,13482332160,load_100tps
2026-08-05T18:32:46Z,compare-am-gp-n3-4-16-i-adv-mysql-2,mysqld-exporter,15167488,load_100tps
2026-08-05T18:32:46Z,compare-am-gp-n3-4-16-i-adv-mysql-2,slow-log-tailer,2011136,load_100tps
2026-08-05T18:32:46Z,compare-am-gp-n3-4-16-i-adv-mysql-2,do-agent,-1,load_100tps
2026-08-05T18:32:46Z,compare-am-gp-n3-4-16-i-adv-mysql-2,xtrabackup,24010752,load_100tps
2026-08-05T18:33:19Z,compare-am-gp-n3-4-16-i-adv-mysql-0,mysql,13198417920,load_100tps
2026-08-05T18:33:19Z,compare-am-gp-n3-4-16-i-adv-mysql-0,mysqld-exporter,15929344,load_100tps
2026-08-05T18:33:19Z,compare-am-gp-n3-4-16-i-adv-mysql-0,slow-log-tailer,2068480,load_100tps
2026-08-05T18:33:19Z,compare-am-gp-n3-4-16-i-adv-mysql-0,do-agent,-1,load_100tps
2026-08-05T18:33:19Z,compare-am-gp-n3-4-16-i-adv-mysql-0,xtrabackup,19906560,load_100tps
2026-08-05T18:33:19Z,compare-am-gp-n3-4-16-i-adv-mysql-1,mysql,12805369856,load_100tps
2026-08-05T18:33:19Z,compare-am-gp-n3-4-16-i-adv-mysql-1,mysqld-exporter,15052800,load_100tps
2026-08-05T18:33:19Z,compare-am-gp-n3-4-16-i-adv-mysql-1,slow-log-tailer,6938624,load_100tps
2026-08-05T18:33:19Z,compare-am-gp-n3-4-16-i-adv-mysql-1,do-agent,-1,load_100tps
2026-08-05T18:33:19Z,compare-am-gp-n3-4-16-i-adv-mysql-1,xtrabackup,25587712,load_100tps
2026-08-05T18:33:19Z,compare-am-gp-n3-4-16-i-adv-mysql-2,mysql,13439905792,load_100tps
2026-08-05T18:33:19Z,compare-am-gp-n3-4-16-i-adv-mysql-2,mysqld-exporter,15278080,load_100tps
2026-08-05T18:33:19Z,compare-am-gp-n3-4-16-i-adv-mysql-2,slow-log-tailer,1777664,load_100tps
2026-08-05T18:33:19Z,compare-am-gp-n3-4-16-i-adv-mysql-2,do-agent,-1,load_100tps
2026-08-05T18:33:19Z,compare-am-gp-n3-4-16-i-adv-mysql-2,xtrabackup,24215552,load_100tps
2026-08-05T18:33:52Z,compare-am-gp-n3-4-16-i-adv-mysql-0,mysql,13205131264,load_100tps
2026-08-05T18:33:52Z,compare-am-gp-n3-4-16-i-adv-mysql-0,mysqld-exporter,15941632,load_100tps
2026-08-05T18:33:52Z,compare-am-gp-n3-4-16-i-adv-mysql-0,slow-log-tailer,2031616,load_100tps
2026-08-05T18:33:52Z,compare-am-gp-n3-4-16-i-adv-mysql-0,do-agent,-1,load_100tps
2026-08-05T18:33:52Z,compare-am-gp-n3-4-16-i-adv-mysql-0,xtrabackup,19931136,load_100tps
2026-08-05T18:33:52Z,compare-am-gp-n3-4-16-i-adv-mysql-1,mysql,12873502720,load_100tps
2026-08-05T18:33:52Z,compare-am-gp-n3-4-16-i-adv-mysql-1,mysqld-exporter,15441920,load_100tps
2026-08-05T18:33:52Z,compare-am-gp-n3-4-16-i-adv-mysql-1,slow-log-tailer,6922240,load_100tps
2026-08-05T18:33:52Z,compare-am-gp-n3-4-16-i-adv-mysql-1,do-agent,-1,load_100tps
2026-08-05T18:33:52Z,compare-am-gp-n3-4-16-i-adv-mysql-1,xtrabackup,25546752,load_100tps
2026-08-05T18:33:52Z,compare-am-gp-n3-4-16-i-adv-mysql-2,mysql,13459660800,load_100tps
2026-08-05T18:33:52Z,compare-am-gp-n3-4-16-i-adv-mysql-2,mysqld-exporter,15138816,load_100tps
2026-08-05T18:33:52Z,compare-am-gp-n3-4-16-i-adv-mysql-2,slow-log-tailer,1835008,load_100tps
2026-08-05T18:33:52Z,compare-am-gp-n3-4-16-i-adv-mysql-2,do-agent,-1,load_100tps
2026-08-05T18:33:52Z,compare-am-gp-n3-4-16-i-adv-mysql-2,xtrabackup,23830528,load_100tps
2026-08-05T18:34:24Z,compare-am-gp-n3-4-16-i-adv-mysql-0,mysql,13183139840,load_100tps
2026-08-05T18:34:24Z,compare-am-gp-n3-4-16-i-adv-mysql-0,mysqld-exporter,15929344,load_100tps
2026-08-05T18:34:24Z,compare-am-gp-n3-4-16-i-adv-mysql-0,slow-log-tailer,1888256,load_100tps
2026-08-05T18:34:24Z,compare-am-gp-n3-4-16-i-adv-mysql-0,do-agent,-1,load_100tps
2026-08-05T18:34:24Z,compare-am-gp-n3-4-16-i-adv-mysql-0,xtrabackup,20049920,load_100tps
2026-08-05T18:34:24Z,compare-am-gp-n3-4-16-i-adv-mysql-1,mysql,12823425024,load_100tps
2026-08-05T18:34:24Z,compare-am-gp-n3-4-16-i-adv-mysql-1,mysqld-exporter,15314944,load_100tps
2026-08-05T18:34:24Z,compare-am-gp-n3-4-16-i-adv-mysql-1,slow-log-tailer,6508544,load_100tps
2026-08-05T18:34:24Z,compare-am-gp-n3-4-16-i-adv-mysql-1,do-agent,-1,load_100tps
2026-08-05T18:34:24Z,compare-am-gp-n3-4-16-i-adv-mysql-1,xtrabackup,25526272,load_100tps
2026-08-05T18:34:24Z,compare-am-gp-n3-4-16-i-adv-mysql-2,mysql,13469425664,load_100tps
2026-08-05T18:34:24Z,compare-am-gp-n3-4-16-i-adv-mysql-2,mysqld-exporter,15171584,load_100tps
2026-08-05T18:34:24Z,compare-am-gp-n3-4-16-i-adv-mysql-2,slow-log-tailer,1937408,load_100tps
2026-08-05T18:34:24Z,compare-am-gp-n3-4-16-i-adv-mysql-2,do-agent,-1,load_100tps
2026-08-05T18:34:24Z,compare-am-gp-n3-4-16-i-adv-mysql-2,xtrabackup,23818240,load_100tps
2026-08-05T18:34:58Z,compare-am-gp-n3-4-16-i-adv-mysql-0,mysql,13222912000,load_100tps
2026-08-05T18:34:58Z,compare-am-gp-n3-4-16-i-adv-mysql-0,mysqld-exporter,16494592,load_100tps
2026-08-05T18:34:58Z,compare-am-gp-n3-4-16-i-adv-mysql-0,slow-log-tailer,2183168,load_100tps
2026-08-05T18:34:58Z,compare-am-gp-n3-4-16-i-adv-mysql-0,do-agent,-1,load_100tps
2026-08-05T18:34:58Z,compare-am-gp-n3-4-16-i-adv-mysql-0,xtrabackup,19767296,load_100tps
2026-08-05T18:34:58Z,compare-am-gp-n3-4-16-i-adv-mysql-1,mysql,12854484992,load_100tps
2026-08-05T18:34:58Z,compare-am-gp-n3-4-16-i-adv-mysql-1,mysqld-exporter,15663104,load_100tps
2026-08-05T18:34:58Z,compare-am-gp-n3-4-16-i-adv-mysql-1,slow-log-tailer,7024640,load_100tps
2026-08-05T18:34:58Z,compare-am-gp-n3-4-16-i-adv-mysql-1,do-agent,-1,load_100tps
2026-08-05T18:34:58Z,compare-am-gp-n3-4-16-i-adv-mysql-1,xtrabackup,25673728,load_100tps
2026-08-05T18:34:58Z,compare-am-gp-n3-4-16-i-adv-mysql-2,mysql,13471047680,load_100tps
2026-08-05T18:34:58Z,compare-am-gp-n3-4-16-i-adv-mysql-2,mysqld-exporter,15130624,load_100tps
2026-08-05T18:34:58Z,compare-am-gp-n3-4-16-i-adv-mysql-2,slow-log-tailer,2056192,load_100tps
2026-08-05T18:34:58Z,compare-am-gp-n3-4-16-i-adv-mysql-2,do-agent,-1,load_100tps
2026-08-05T18:34:58Z,compare-am-gp-n3-4-16-i-adv-mysql-2,xtrabackup,23969792,load_100tps
2026-08-05T18:35:30Z,compare-am-gp-n3-4-16-i-adv-mysql-0,mysql,13167931392,cooldown_100_200
2026-08-05T18:35:30Z,compare-am-gp-n3-4-16-i-adv-mysql-0,mysqld-exporter,16699392,cooldown_100_200
2026-08-05T18:35:30Z,compare-am-gp-n3-4-16-i-adv-mysql-0,slow-log-tailer,2076672,cooldown_100_200
2026-08-05T18:35:30Z,compare-am-gp-n3-4-16-i-adv-mysql-0,do-agent,-1,cooldown_100_200
2026-08-05T18:35:30Z,compare-am-gp-n3-4-16-i-adv-mysql-0,xtrabackup,19886080,cooldown_100_200
2026-08-05T18:35:30Z,compare-am-gp-n3-4-16-i-adv-mysql-1,mysql,12542550016,cooldown_100_200
2026-08-05T18:35:30Z,compare-am-gp-n3-4-16-i-adv-mysql-1,mysqld-exporter,15630336,cooldown_100_200
2026-08-05T18:35:30Z,compare-am-gp-n3-4-16-i-adv-mysql-1,slow-log-tailer,6709248,cooldown_100_200
2026-08-05T18:35:30Z,compare-am-gp-n3-4-16-i-adv-mysql-1,do-agent,-1,cooldown_100_200
2026-08-05T18:35:30Z,compare-am-gp-n3-4-16-i-adv-mysql-1,xtrabackup,25341952,cooldown_100_200
2026-08-05T18:35:30Z,compare-am-gp-n3-4-16-i-adv-mysql-2,mysql,13472387072,cooldown_100_200
2026-08-05T18:35:30Z,compare-am-gp-n3-4-16-i-adv-mysql-2,mysqld-exporter,14929920,cooldown_100_200
2026-08-05T18:35:30Z,compare-am-gp-n3-4-16-i-adv-mysql-2,slow-log-tailer,2011136,cooldown_100_200
2026-08-05T18:35:30Z,compare-am-gp-n3-4-16-i-adv-mysql-2,do-agent,-1,cooldown_100_200
2026-08-05T18:35:30Z,compare-am-gp-n3-4-16-i-adv-mysql-2,xtrabackup,24076288,cooldown_100_200
2026-08-05T18:36:03Z,compare-am-gp-n3-4-16-i-adv-mysql-0,mysql,13168357376,cooldown_100_200
2026-08-05T18:36:03Z,compare-am-gp-n3-4-16-i-adv-mysql-0,mysqld-exporter,16740352,cooldown_100_200
2026-08-05T18:36:03Z,compare-am-gp-n3-4-16-i-adv-mysql-0,slow-log-tailer,1978368,cooldown_100_200
2026-08-05T18:36:03Z,compare-am-gp-n3-4-16-i-adv-mysql-0,do-agent,-1,cooldown_100_200
2026-08-05T18:36:03Z,compare-am-gp-n3-4-16-i-adv-mysql-0,xtrabackup,19968000,cooldown_100_200
2026-08-05T18:36:03Z,compare-am-gp-n3-4-16-i-adv-mysql-1,mysql,12542619648,cooldown_100_200
2026-08-05T18:36:03Z,compare-am-gp-n3-4-16-i-adv-mysql-1,mysqld-exporter,15482880,cooldown_100_200
2026-08-05T18:36:03Z,compare-am-gp-n3-4-16-i-adv-mysql-1,slow-log-tailer,6594560,cooldown_100_200
2026-08-05T18:36:03Z,compare-am-gp-n3-4-16-i-adv-mysql-1,do-agent,-1,cooldown_100_200
2026-08-05T18:36:03Z,compare-am-gp-n3-4-16-i-adv-mysql-1,xtrabackup,25542656,cooldown_100_200
2026-08-05T18:36:03Z,compare-am-gp-n3-4-16-i-adv-mysql-2,mysql,13461471232,cooldown_100_200
2026-08-05T18:36:03Z,compare-am-gp-n3-4-16-i-adv-mysql-2,mysqld-exporter,14880768,cooldown_100_200
2026-08-05T18:36:03Z,compare-am-gp-n3-4-16-i-adv-mysql-2,slow-log-tailer,2084864,cooldown_100_200
2026-08-05T18:36:03Z,compare-am-gp-n3-4-16-i-adv-mysql-2,do-agent,-1,cooldown_100_200
2026-08-05T18:36:03Z,compare-am-gp-n3-4-16-i-adv-mysql-2,xtrabackup,24100864,cooldown_100_200
2026-08-05T18:36:35Z,compare-am-gp-n3-4-16-i-adv-mysql-0,mysql,13168902144,cooldown_100_200
2026-08-05T18:36:35Z,compare-am-gp-n3-4-16-i-adv-mysql-0,mysqld-exporter,16596992,cooldown_100_200
2026-08-05T18:36:35Z,compare-am-gp-n3-4-16-i-adv-mysql-0,slow-log-tailer,2093056,cooldown_100_200
2026-08-05T18:36:35Z,compare-am-gp-n3-4-16-i-adv-mysql-0,do-agent,-1,cooldown_100_200
2026-08-05T18:36:35Z,compare-am-gp-n3-4-16-i-adv-mysql-0,xtrabackup,19890176,cooldown_100_200
2026-08-05T18:36:35Z,compare-am-gp-n3-4-16-i-adv-mysql-1,mysql,12542771200,cooldown_100_200
2026-08-05T18:36:35Z,compare-am-gp-n3-4-16-i-adv-mysql-1,mysqld-exporter,15474688,cooldown_100_200
2026-08-05T18:36:35Z,compare-am-gp-n3-4-16-i-adv-mysql-1,slow-log-tailer,6742016,cooldown_100_200
2026-08-05T18:36:35Z,compare-am-gp-n3-4-16-i-adv-mysql-1,do-agent,-1,cooldown_100_200
2026-08-05T18:36:35Z,compare-am-gp-n3-4-16-i-adv-mysql-1,xtrabackup,25702400,cooldown_100_200
2026-08-05T18:36:35Z,compare-am-gp-n3-4-16-i-adv-mysql-2,mysql,13461700608,cooldown_100_200
2026-08-05T18:36:35Z,compare-am-gp-n3-4-16-i-adv-mysql-2,mysqld-exporter,15056896,cooldown_100_200
2026-08-05T18:36:35Z,compare-am-gp-n3-4-16-i-adv-mysql-2,slow-log-tailer,2056192,cooldown_100_200
2026-08-05T18:36:35Z,compare-am-gp-n3-4-16-i-adv-mysql-2,do-agent,-1,cooldown_100_200
2026-08-05T18:36:35Z,compare-am-gp-n3-4-16-i-adv-mysql-2,xtrabackup,24170496,cooldown_100_200
2026-08-05T18:37:08Z,compare-am-gp-n3-4-16-i-adv-mysql-0,mysql,13171699712,cooldown_100_200
2026-08-05T18:37:08Z,compare-am-gp-n3-4-16-i-adv-mysql-0,mysqld-exporter,16117760,cooldown_100_200
2026-08-05T18:37:08Z,compare-am-gp-n3-4-16-i-adv-mysql-0,slow-log-tailer,2129920,cooldown_100_200
2026-08-05T18:37:08Z,compare-am-gp-n3-4-16-i-adv-mysql-0,do-agent,-1,cooldown_100_200
2026-08-05T18:37:08Z,compare-am-gp-n3-4-16-i-adv-mysql-0,xtrabackup,19804160,cooldown_100_200
2026-08-05T18:37:08Z,compare-am-gp-n3-4-16-i-adv-mysql-1,mysql,12545495040,cooldown_100_200
2026-08-05T18:37:08Z,compare-am-gp-n3-4-16-i-adv-mysql-1,mysqld-exporter,15147008,cooldown_100_200
2026-08-05T18:37:08Z,compare-am-gp-n3-4-16-i-adv-mysql-1,slow-log-tailer,6725632,cooldown_100_200
2026-08-05T18:37:08Z,compare-am-gp-n3-4-16-i-adv-mysql-1,do-agent,-1,cooldown_100_200
2026-08-05T18:37:08Z,compare-am-gp-n3-4-16-i-adv-mysql-1,xtrabackup,25620480,cooldown_100_200
2026-08-05T18:37:08Z,compare-am-gp-n3-4-16-i-adv-mysql-2,mysql,13461413888,cooldown_100_200
2026-08-05T18:37:08Z,compare-am-gp-n3-4-16-i-adv-mysql-2,mysqld-exporter,15032320,cooldown_100_200
2026-08-05T18:37:08Z,compare-am-gp-n3-4-16-i-adv-mysql-2,slow-log-tailer,2031616,cooldown_100_200
2026-08-05T18:37:08Z,compare-am-gp-n3-4-16-i-adv-mysql-2,do-agent,-1,cooldown_100_200
2026-08-05T18:37:08Z,compare-am-gp-n3-4-16-i-adv-mysql-2,xtrabackup,24023040,cooldown_100_200
2026-08-05T18:37:40Z,compare-am-gp-n3-4-16-i-adv-mysql-0,mysql,13211918336,load_200tps
2026-08-05T18:37:40Z,compare-am-gp-n3-4-16-i-adv-mysql-0,mysqld-exporter,15638528,load_200tps
2026-08-05T18:37:40Z,compare-am-gp-n3-4-16-i-adv-mysql-0,slow-log-tailer,2105344,load_200tps
2026-08-05T18:37:40Z,compare-am-gp-n3-4-16-i-adv-mysql-0,do-agent,-1,load_200tps
2026-08-05T18:37:40Z,compare-am-gp-n3-4-16-i-adv-mysql-0,xtrabackup,19828736,load_200tps
2026-08-05T18:37:40Z,compare-am-gp-n3-4-16-i-adv-mysql-1,mysql,12613189632,load_200tps
2026-08-05T18:37:40Z,compare-am-gp-n3-4-16-i-adv-mysql-1,mysqld-exporter,14794752,load_200tps
2026-08-05T18:37:40Z,compare-am-gp-n3-4-16-i-adv-mysql-1,slow-log-tailer,6623232,load_200tps
2026-08-05T18:37:40Z,compare-am-gp-n3-4-16-i-adv-mysql-1,do-agent,-1,load_200tps
2026-08-05T18:37:40Z,compare-am-gp-n3-4-16-i-adv-mysql-1,xtrabackup,25579520,load_200tps
2026-08-05T18:37:40Z,compare-am-gp-n3-4-16-i-adv-mysql-2,mysql,13481099264,load_200tps
2026-08-05T18:37:40Z,compare-am-gp-n3-4-16-i-adv-mysql-2,mysqld-exporter,15331328,load_200tps
2026-08-05T18:37:40Z,compare-am-gp-n3-4-16-i-adv-mysql-2,slow-log-tailer,1785856,load_200tps
2026-08-05T18:37:40Z,compare-am-gp-n3-4-16-i-adv-mysql-2,do-agent,-1,load_200tps
2026-08-05T18:37:40Z,compare-am-gp-n3-4-16-i-adv-mysql-2,xtrabackup,24014848,load_200tps
2026-08-05T18:38:13Z,compare-am-gp-n3-4-16-i-adv-mysql-0,mysql,13207740416,load_200tps
2026-08-05T18:38:13Z,compare-am-gp-n3-4-16-i-adv-mysql-0,mysqld-exporter,15761408,load_200tps
2026-08-05T18:38:13Z,compare-am-gp-n3-4-16-i-adv-mysql-0,slow-log-tailer,2056192,load_200tps
2026-08-05T18:38:13Z,compare-am-gp-n3-4-16-i-adv-mysql-0,do-agent,-1,load_200tps
2026-08-05T18:38:13Z,compare-am-gp-n3-4-16-i-adv-mysql-0,xtrabackup,19804160,load_200tps
2026-08-05T18:38:13Z,compare-am-gp-n3-4-16-i-adv-mysql-1,mysql,12751171584,load_200tps
2026-08-05T18:38:13Z,compare-am-gp-n3-4-16-i-adv-mysql-1,mysqld-exporter,14487552,load_200tps
2026-08-05T18:38:13Z,compare-am-gp-n3-4-16-i-adv-mysql-1,slow-log-tailer,6922240,load_200tps
2026-08-05T18:38:13Z,compare-am-gp-n3-4-16-i-adv-mysql-1,do-agent,-1,load_200tps
2026-08-05T18:38:13Z,compare-am-gp-n3-4-16-i-adv-mysql-1,xtrabackup,25538560,load_200tps
2026-08-05T18:38:13Z,compare-am-gp-n3-4-16-i-adv-mysql-2,mysql,13453148160,load_200tps
2026-08-05T18:38:13Z,compare-am-gp-n3-4-16-i-adv-mysql-2,mysqld-exporter,15351808,load_200tps
2026-08-05T18:38:13Z,compare-am-gp-n3-4-16-i-adv-mysql-2,slow-log-tailer,1757184,load_200tps
2026-08-05T18:38:13Z,compare-am-gp-n3-4-16-i-adv-mysql-2,do-agent,-1,load_200tps
2026-08-05T18:38:13Z,compare-am-gp-n3-4-16-i-adv-mysql-2,xtrabackup,24059904,load_200tps
2026-08-05T18:38:47Z,compare-am-gp-n3-4-16-i-adv-mysql-0,mysql,13203734528,load_200tps
2026-08-05T18:38:47Z,compare-am-gp-n3-4-16-i-adv-mysql-0,mysqld-exporter,15753216,load_200tps
2026-08-05T18:38:47Z,compare-am-gp-n3-4-16-i-adv-mysql-0,slow-log-tailer,2076672,load_200tps
2026-08-05T18:38:47Z,compare-am-gp-n3-4-16-i-adv-mysql-0,do-agent,-1,load_200tps
2026-08-05T18:38:47Z,compare-am-gp-n3-4-16-i-adv-mysql-0,xtrabackup,19824640,load_200tps
2026-08-05T18:38:47Z,compare-am-gp-n3-4-16-i-adv-mysql-1,mysql,12753686528,load_200tps
2026-08-05T18:38:47Z,compare-am-gp-n3-4-16-i-adv-mysql-1,mysqld-exporter,15175680,load_200tps
2026-08-05T18:38:47Z,compare-am-gp-n3-4-16-i-adv-mysql-1,slow-log-tailer,6819840,load_200tps
2026-08-05T18:38:47Z,compare-am-gp-n3-4-16-i-adv-mysql-1,do-agent,-1,load_200tps
2026-08-05T18:38:47Z,compare-am-gp-n3-4-16-i-adv-mysql-1,xtrabackup,25534464,load_200tps
2026-08-05T18:38:47Z,compare-am-gp-n3-4-16-i-adv-mysql-2,mysql,13437030400,load_200tps
2026-08-05T18:38:47Z,compare-am-gp-n3-4-16-i-adv-mysql-2,mysqld-exporter,15261696,load_200tps
2026-08-05T18:38:47Z,compare-am-gp-n3-4-16-i-adv-mysql-2,slow-log-tailer,2015232,load_200tps
2026-08-05T18:38:47Z,compare-am-gp-n3-4-16-i-adv-mysql-2,do-agent,-1,load_200tps
2026-08-05T18:38:47Z,compare-am-gp-n3-4-16-i-adv-mysql-2,xtrabackup,24047616,load_200tps
2026-08-05T18:39:20Z,compare-am-gp-n3-4-16-i-adv-mysql-0,mysql,13236486144,load_200tps
2026-08-05T18:39:20Z,compare-am-gp-n3-4-16-i-adv-mysql-0,mysqld-exporter,16412672,load_200tps
2026-08-05T18:39:20Z,compare-am-gp-n3-4-16-i-adv-mysql-0,slow-log-tailer,2060288,load_200tps
2026-08-05T18:39:20Z,compare-am-gp-n3-4-16-i-adv-mysql-0,do-agent,-1,load_200tps
2026-08-05T18:39:20Z,compare-am-gp-n3-4-16-i-adv-mysql-0,xtrabackup,19849216,load_200tps
2026-08-05T18:39:20Z,compare-am-gp-n3-4-16-i-adv-mysql-1,mysql,12889563136,load_200tps
2026-08-05T18:39:20Z,compare-am-gp-n3-4-16-i-adv-mysql-1,mysqld-exporter,15286272,load_200tps
2026-08-05T18:39:20Z,compare-am-gp-n3-4-16-i-adv-mysql-1,slow-log-tailer,6701056,load_200tps
2026-08-05T18:39:20Z,compare-am-gp-n3-4-16-i-adv-mysql-1,do-agent,-1,load_200tps
2026-08-05T18:39:20Z,compare-am-gp-n3-4-16-i-adv-mysql-1,xtrabackup,25546752,load_200tps
2026-08-05T18:39:20Z,compare-am-gp-n3-4-16-i-adv-mysql-2,mysql,13405114368,load_200tps
2026-08-05T18:39:20Z,compare-am-gp-n3-4-16-i-adv-mysql-2,mysqld-exporter,15138816,load_200tps
2026-08-05T18:39:20Z,compare-am-gp-n3-4-16-i-adv-mysql-2,slow-log-tailer,2027520,load_200tps
2026-08-05T18:39:20Z,compare-am-gp-n3-4-16-i-adv-mysql-2,do-agent,-1,load_200tps
2026-08-05T18:39:20Z,compare-am-gp-n3-4-16-i-adv-mysql-2,xtrabackup,23977984,load_200tps
2026-08-05T18:39:53Z,compare-am-gp-n3-4-16-i-adv-mysql-0,mysql,13197832192,load_200tps
2026-08-05T18:39:53Z,compare-am-gp-n3-4-16-i-adv-mysql-0,mysqld-exporter,16232448,load_200tps
2026-08-05T18:39:53Z,compare-am-gp-n3-4-16-i-adv-mysql-0,slow-log-tailer,2113536,load_200tps
2026-08-05T18:39:53Z,compare-am-gp-n3-4-16-i-adv-mysql-0,do-agent,-1,load_200tps
2026-08-05T18:39:53Z,compare-am-gp-n3-4-16-i-adv-mysql-0,xtrabackup,19865600,load_200tps
2026-08-05T18:39:53Z,compare-am-gp-n3-4-16-i-adv-mysql-1,mysql,12844040192,load_200tps
2026-08-05T18:39:53Z,compare-am-gp-n3-4-16-i-adv-mysql-1,mysqld-exporter,15187968,load_200tps
2026-08-05T18:39:53Z,compare-am-gp-n3-4-16-i-adv-mysql-1,slow-log-tailer,6656000,load_200tps
2026-08-05T18:39:53Z,compare-am-gp-n3-4-16-i-adv-mysql-1,do-agent,-1,load_200tps
2026-08-05T18:39:53Z,compare-am-gp-n3-4-16-i-adv-mysql-1,xtrabackup,25493504,load_200tps
2026-08-05T18:39:53Z,compare-am-gp-n3-4-16-i-adv-mysql-2,mysql,13377015808,load_200tps
2026-08-05T18:39:53Z,compare-am-gp-n3-4-16-i-adv-mysql-2,mysqld-exporter,15114240,load_200tps
2026-08-05T18:39:53Z,compare-am-gp-n3-4-16-i-adv-mysql-2,slow-log-tailer,2113536,load_200tps
2026-08-05T18:39:53Z,compare-am-gp-n3-4-16-i-adv-mysql-2,do-agent,-1,load_200tps
2026-08-05T18:39:53Z,compare-am-gp-n3-4-16-i-adv-mysql-2,xtrabackup,23867392,load_200tps
2026-08-05T18:40:26Z,compare-am-gp-n3-4-16-i-adv-mysql-0,mysql,13207187456,load_200tps
2026-08-05T18:40:26Z,compare-am-gp-n3-4-16-i-adv-mysql-0,mysqld-exporter,16203776,load_200tps
2026-08-05T18:40:26Z,compare-am-gp-n3-4-16-i-adv-mysql-0,slow-log-tailer,2125824,load_200tps
2026-08-05T18:40:26Z,compare-am-gp-n3-4-16-i-adv-mysql-0,do-agent,-1,load_200tps
2026-08-05T18:40:26Z,compare-am-gp-n3-4-16-i-adv-mysql-0,xtrabackup,19861504,load_200tps
2026-08-05T18:40:26Z,compare-am-gp-n3-4-16-i-adv-mysql-1,mysql,12743409664,load_200tps
2026-08-05T18:40:26Z,compare-am-gp-n3-4-16-i-adv-mysql-1,mysqld-exporter,15265792,load_200tps
2026-08-05T18:40:26Z,compare-am-gp-n3-4-16-i-adv-mysql-1,slow-log-tailer,6582272,load_200tps
2026-08-05T18:40:26Z,compare-am-gp-n3-4-16-i-adv-mysql-1,do-agent,-1,load_200tps
2026-08-05T18:40:26Z,compare-am-gp-n3-4-16-i-adv-mysql-1,xtrabackup,25780224,load_200tps
2026-08-05T18:40:26Z,compare-am-gp-n3-4-16-i-adv-mysql-2,mysql,13368295424,load_200tps
2026-08-05T18:40:26Z,compare-am-gp-n3-4-16-i-adv-mysql-2,mysqld-exporter,14868480,load_200tps
2026-08-05T18:40:26Z,compare-am-gp-n3-4-16-i-adv-mysql-2,slow-log-tailer,1773568,load_200tps
2026-08-05T18:40:26Z,compare-am-gp-n3-4-16-i-adv-mysql-2,do-agent,-1,load_200tps
2026-08-05T18:40:26Z,compare-am-gp-n3-4-16-i-adv-mysql-2,xtrabackup,24018944,load_200tps
2026-08-05T18:41:00Z,compare-am-gp-n3-4-16-i-adv-mysql-0,mysql,13232709632,load_200tps
2026-08-05T18:41:00Z,compare-am-gp-n3-4-16-i-adv-mysql-0,mysqld-exporter,16113664,load_200tps
2026-08-05T18:41:00Z,compare-am-gp-n3-4-16-i-adv-mysql-0,slow-log-tailer,2093056,load_200tps
2026-08-05T18:41:00Z,compare-am-gp-n3-4-16-i-adv-mysql-0,do-agent,-1,load_200tps
2026-08-05T18:41:00Z,compare-am-gp-n3-4-16-i-adv-mysql-0,xtrabackup,19832832,load_200tps
2026-08-05T18:41:00Z,compare-am-gp-n3-4-16-i-adv-mysql-1,mysql,12841992192,load_200tps
2026-08-05T18:41:00Z,compare-am-gp-n3-4-16-i-adv-mysql-1,mysqld-exporter,15060992,load_200tps
2026-08-05T18:41:00Z,compare-am-gp-n3-4-16-i-adv-mysql-1,slow-log-tailer,6885376,load_200tps
2026-08-05T18:41:00Z,compare-am-gp-n3-4-16-i-adv-mysql-1,do-agent,-1,load_200tps
2026-08-05T18:41:00Z,compare-am-gp-n3-4-16-i-adv-mysql-1,xtrabackup,25382912,load_200tps
2026-08-05T18:41:00Z,compare-am-gp-n3-4-16-i-adv-mysql-2,mysql,13343191040,load_200tps
2026-08-05T18:41:00Z,compare-am-gp-n3-4-16-i-adv-mysql-2,mysqld-exporter,15118336,load_200tps
2026-08-05T18:41:00Z,compare-am-gp-n3-4-16-i-adv-mysql-2,slow-log-tailer,1978368,load_200tps
2026-08-05T18:41:00Z,compare-am-gp-n3-4-16-i-adv-mysql-2,do-agent,-1,load_200tps
2026-08-05T18:41:00Z,compare-am-gp-n3-4-16-i-adv-mysql-2,xtrabackup,24113152,load_200tps
2026-08-05T18:41:33Z,compare-am-gp-n3-4-16-i-adv-mysql-0,mysql,13233725440,load_200tps
2026-08-05T18:41:33Z,compare-am-gp-n3-4-16-i-adv-mysql-0,mysqld-exporter,16371712,load_200tps
2026-08-05T18:41:33Z,compare-am-gp-n3-4-16-i-adv-mysql-0,slow-log-tailer,2199552,load_200tps
2026-08-05T18:41:33Z,compare-am-gp-n3-4-16-i-adv-mysql-0,do-agent,-1,load_200tps
2026-08-05T18:41:33Z,compare-am-gp-n3-4-16-i-adv-mysql-0,xtrabackup,19824640,load_200tps
2026-08-05T18:41:33Z,compare-am-gp-n3-4-16-i-adv-mysql-1,mysql,12742279168,load_200tps
2026-08-05T18:41:33Z,compare-am-gp-n3-4-16-i-adv-mysql-1,mysqld-exporter,15036416,load_200tps
2026-08-05T18:41:33Z,compare-am-gp-n3-4-16-i-adv-mysql-1,slow-log-tailer,6656000,load_200tps
2026-08-05T18:41:33Z,compare-am-gp-n3-4-16-i-adv-mysql-1,do-agent,-1,load_200tps
2026-08-05T18:41:33Z,compare-am-gp-n3-4-16-i-adv-mysql-1,xtrabackup,25456640,load_200tps
2026-08-05T18:41:33Z,compare-am-gp-n3-4-16-i-adv-mysql-2,mysql,13328056320,load_200tps
2026-08-05T18:41:33Z,compare-am-gp-n3-4-16-i-adv-mysql-2,mysqld-exporter,15441920,load_200tps
2026-08-05T18:41:33Z,compare-am-gp-n3-4-16-i-adv-mysql-2,slow-log-tailer,1863680,load_200tps
2026-08-05T18:41:33Z,compare-am-gp-n3-4-16-i-adv-mysql-2,do-agent,-1,load_200tps
2026-08-05T18:41:33Z,compare-am-gp-n3-4-16-i-adv-mysql-2,xtrabackup,24018944,load_200tps
2026-08-05T18:42:07Z,compare-am-gp-n3-4-16-i-adv-mysql-0,mysql,13220114432,load_200tps
2026-08-05T18:42:07Z,compare-am-gp-n3-4-16-i-adv-mysql-0,mysqld-exporter,16195584,load_200tps
2026-08-05T18:42:07Z,compare-am-gp-n3-4-16-i-adv-mysql-0,slow-log-tailer,3076096,load_200tps
2026-08-05T18:42:07Z,compare-am-gp-n3-4-16-i-adv-mysql-0,do-agent,-1,load_200tps
2026-08-05T18:42:07Z,compare-am-gp-n3-4-16-i-adv-mysql-0,xtrabackup,19816448,load_200tps
2026-08-05T18:42:07Z,compare-am-gp-n3-4-16-i-adv-mysql-1,mysql,12878651392,load_200tps
2026-08-05T18:42:07Z,compare-am-gp-n3-4-16-i-adv-mysql-1,mysqld-exporter,15298560,load_200tps
2026-08-05T18:42:07Z,compare-am-gp-n3-4-16-i-adv-mysql-1,slow-log-tailer,6660096,load_200tps
2026-08-05T18:42:07Z,compare-am-gp-n3-4-16-i-adv-mysql-1,do-agent,-1,load_200tps
2026-08-05T18:42:07Z,compare-am-gp-n3-4-16-i-adv-mysql-1,xtrabackup,25587712,load_200tps
2026-08-05T18:42:07Z,compare-am-gp-n3-4-16-i-adv-mysql-2,mysql,13328384000,load_200tps
2026-08-05T18:42:07Z,compare-am-gp-n3-4-16-i-adv-mysql-2,mysqld-exporter,15724544,load_200tps
2026-08-05T18:42:07Z,compare-am-gp-n3-4-16-i-adv-mysql-2,slow-log-tailer,1966080,load_200tps
2026-08-05T18:42:07Z,compare-am-gp-n3-4-16-i-adv-mysql-2,do-agent,-1,load_200tps
2026-08-05T18:42:07Z,compare-am-gp-n3-4-16-i-adv-mysql-2,xtrabackup,23986176,load_200tps
2026-08-05T18:42:40Z,compare-am-gp-n3-4-16-i-adv-mysql-0,mysql,13218435072,load_200tps
2026-08-05T18:42:40Z,compare-am-gp-n3-4-16-i-adv-mysql-0,mysqld-exporter,16109568,load_200tps
2026-08-05T18:42:40Z,compare-am-gp-n3-4-16-i-adv-mysql-0,slow-log-tailer,2224128,load_200tps
2026-08-05T18:42:40Z,compare-am-gp-n3-4-16-i-adv-mysql-0,do-agent,-1,load_200tps
2026-08-05T18:42:40Z,compare-am-gp-n3-4-16-i-adv-mysql-0,xtrabackup,19886080,load_200tps
2026-08-05T18:42:40Z,compare-am-gp-n3-4-16-i-adv-mysql-1,mysql,12835704832,load_200tps
2026-08-05T18:42:40Z,compare-am-gp-n3-4-16-i-adv-mysql-1,mysqld-exporter,15183872,load_200tps
2026-08-05T18:42:40Z,compare-am-gp-n3-4-16-i-adv-mysql-1,slow-log-tailer,6684672,load_200tps
2026-08-05T18:42:40Z,compare-am-gp-n3-4-16-i-adv-mysql-1,do-agent,-1,load_200tps
2026-08-05T18:42:40Z,compare-am-gp-n3-4-16-i-adv-mysql-1,xtrabackup,25567232,load_200tps
2026-08-05T18:42:40Z,compare-am-gp-n3-4-16-i-adv-mysql-2,mysql,13309263872,load_200tps
2026-08-05T18:42:40Z,compare-am-gp-n3-4-16-i-adv-mysql-2,mysqld-exporter,15372288,load_200tps
2026-08-05T18:42:40Z,compare-am-gp-n3-4-16-i-adv-mysql-2,slow-log-tailer,2052096,load_200tps
2026-08-05T18:42:40Z,compare-am-gp-n3-4-16-i-adv-mysql-2,do-agent,-1,load_200tps
2026-08-05T18:42:40Z,compare-am-gp-n3-4-16-i-adv-mysql-2,xtrabackup,24117248,load_200tps
2026-08-05T18:43:13Z,compare-am-gp-n3-4-16-i-adv-mysql-0,mysql,13211791360,load_200tps
2026-08-05T18:43:13Z,compare-am-gp-n3-4-16-i-adv-mysql-0,mysqld-exporter,15831040,load_200tps
2026-08-05T18:43:13Z,compare-am-gp-n3-4-16-i-adv-mysql-0,slow-log-tailer,2224128,load_200tps
2026-08-05T18:43:13Z,compare-am-gp-n3-4-16-i-adv-mysql-0,do-agent,-1,load_200tps
2026-08-05T18:43:13Z,compare-am-gp-n3-4-16-i-adv-mysql-0,xtrabackup,19812352,load_200tps
2026-08-05T18:43:13Z,compare-am-gp-n3-4-16-i-adv-mysql-1,mysql,12833345536,load_200tps
2026-08-05T18:43:13Z,compare-am-gp-n3-4-16-i-adv-mysql-1,mysqld-exporter,15556608,load_200tps
2026-08-05T18:43:13Z,compare-am-gp-n3-4-16-i-adv-mysql-1,slow-log-tailer,6590464,load_200tps
2026-08-05T18:43:13Z,compare-am-gp-n3-4-16-i-adv-mysql-1,do-agent,-1,load_200tps
2026-08-05T18:43:13Z,compare-am-gp-n3-4-16-i-adv-mysql-1,xtrabackup,25354240,load_200tps
2026-08-05T18:43:13Z,compare-am-gp-n3-4-16-i-adv-mysql-2,mysql,13304770560,load_200tps
2026-08-05T18:43:13Z,compare-am-gp-n3-4-16-i-adv-mysql-2,mysqld-exporter,15015936,load_200tps
2026-08-05T18:43:13Z,compare-am-gp-n3-4-16-i-adv-mysql-2,slow-log-tailer,1769472,load_200tps
2026-08-05T18:43:13Z,compare-am-gp-n3-4-16-i-adv-mysql-2,do-agent,-1,load_200tps
2026-08-05T18:43:13Z,compare-am-gp-n3-4-16-i-adv-mysql-2,xtrabackup,24260608,load_200tps
2026-08-05T18:43:46Z,compare-am-gp-n3-4-16-i-adv-mysql-0,mysql,13153173504,load_200tps
2026-08-05T18:43:46Z,compare-am-gp-n3-4-16-i-adv-mysql-0,mysqld-exporter,16023552,load_200tps
2026-08-05T18:43:46Z,compare-am-gp-n3-4-16-i-adv-mysql-0,slow-log-tailer,2129920,load_200tps
2026-08-05T18:43:46Z,compare-am-gp-n3-4-16-i-adv-mysql-0,do-agent,-1,load_200tps
2026-08-05T18:43:46Z,compare-am-gp-n3-4-16-i-adv-mysql-0,xtrabackup,19677184,load_200tps
2026-08-05T18:43:46Z,compare-am-gp-n3-4-16-i-adv-mysql-1,mysql,12846432256,load_200tps
2026-08-05T18:43:46Z,compare-am-gp-n3-4-16-i-adv-mysql-1,mysqld-exporter,15572992,load_200tps
2026-08-05T18:43:46Z,compare-am-gp-n3-4-16-i-adv-mysql-1,slow-log-tailer,6467584,load_200tps
2026-08-05T18:43:46Z,compare-am-gp-n3-4-16-i-adv-mysql-1,do-agent,-1,load_200tps
2026-08-05T18:43:46Z,compare-am-gp-n3-4-16-i-adv-mysql-1,xtrabackup,25677824,load_200tps
2026-08-05T18:43:46Z,compare-am-gp-n3-4-16-i-adv-mysql-2,mysql,13294923776,load_200tps
2026-08-05T18:43:46Z,compare-am-gp-n3-4-16-i-adv-mysql-2,mysqld-exporter,14880768,load_200tps
2026-08-05T18:43:46Z,compare-am-gp-n3-4-16-i-adv-mysql-2,slow-log-tailer,1892352,load_200tps
2026-08-05T18:43:46Z,compare-am-gp-n3-4-16-i-adv-mysql-2,do-agent,-1,load_200tps
2026-08-05T18:43:46Z,compare-am-gp-n3-4-16-i-adv-mysql-2,xtrabackup,23912448,load_200tps
2026-08-05T18:44:19Z,compare-am-gp-n3-4-16-i-adv-mysql-0,mysql,13147893760,load_200tps
2026-08-05T18:44:19Z,compare-am-gp-n3-4-16-i-adv-mysql-0,mysqld-exporter,15851520,load_200tps
2026-08-05T18:44:19Z,compare-am-gp-n3-4-16-i-adv-mysql-0,slow-log-tailer,2199552,load_200tps
2026-08-05T18:44:19Z,compare-am-gp-n3-4-16-i-adv-mysql-0,do-agent,-1,load_200tps
2026-08-05T18:44:19Z,compare-am-gp-n3-4-16-i-adv-mysql-0,xtrabackup,19656704,load_200tps
2026-08-05T18:44:19Z,compare-am-gp-n3-4-16-i-adv-mysql-1,mysql,12633382912,load_200tps
2026-08-05T18:44:19Z,compare-am-gp-n3-4-16-i-adv-mysql-1,mysqld-exporter,15810560,load_200tps
2026-08-05T18:44:19Z,compare-am-gp-n3-4-16-i-adv-mysql-1,slow-log-tailer,6561792,load_200tps
2026-08-05T18:44:19Z,compare-am-gp-n3-4-16-i-adv-mysql-1,do-agent,-1,load_200tps
2026-08-05T18:44:19Z,compare-am-gp-n3-4-16-i-adv-mysql-1,xtrabackup,25530368,load_200tps
2026-08-05T18:44:19Z,compare-am-gp-n3-4-16-i-adv-mysql-2,mysql,13293264896,load_200tps
2026-08-05T18:44:19Z,compare-am-gp-n3-4-16-i-adv-mysql-2,mysqld-exporter,15036416,load_200tps
2026-08-05T18:44:19Z,compare-am-gp-n3-4-16-i-adv-mysql-2,slow-log-tailer,1966080,load_200tps
2026-08-05T18:44:19Z,compare-am-gp-n3-4-16-i-adv-mysql-2,do-agent,-1,load_200tps
2026-08-05T18:44:19Z,compare-am-gp-n3-4-16-i-adv-mysql-2,xtrabackup,24059904,load_200tps
2026-08-05T18:44:52Z,compare-am-gp-n3-4-16-i-adv-mysql-0,mysql,13152124928,load_200tps
2026-08-05T18:44:52Z,compare-am-gp-n3-4-16-i-adv-mysql-0,mysqld-exporter,16502784,load_200tps
2026-08-05T18:44:52Z,compare-am-gp-n3-4-16-i-adv-mysql-0,slow-log-tailer,2244608,load_200tps
2026-08-05T18:44:52Z,compare-am-gp-n3-4-16-i-adv-mysql-0,do-agent,-1,load_200tps
2026-08-05T18:44:52Z,compare-am-gp-n3-4-16-i-adv-mysql-0,xtrabackup,19812352,load_200tps
2026-08-05T18:44:52Z,compare-am-gp-n3-4-16-i-adv-mysql-1,mysql,12742504448,load_200tps
2026-08-05T18:44:52Z,compare-am-gp-n3-4-16-i-adv-mysql-1,mysqld-exporter,15728640,load_200tps
2026-08-05T18:44:52Z,compare-am-gp-n3-4-16-i-adv-mysql-1,slow-log-tailer,6680576,load_200tps
2026-08-05T18:44:52Z,compare-am-gp-n3-4-16-i-adv-mysql-1,do-agent,-1,load_200tps
2026-08-05T18:44:52Z,compare-am-gp-n3-4-16-i-adv-mysql-1,xtrabackup,25485312,load_200tps
2026-08-05T18:44:52Z,compare-am-gp-n3-4-16-i-adv-mysql-2,mysql,13305561088,load_200tps
2026-08-05T18:44:52Z,compare-am-gp-n3-4-16-i-adv-mysql-2,mysqld-exporter,14876672,load_200tps
2026-08-05T18:44:52Z,compare-am-gp-n3-4-16-i-adv-mysql-2,slow-log-tailer,1974272,load_200tps
2026-08-05T18:44:52Z,compare-am-gp-n3-4-16-i-adv-mysql-2,do-agent,-1,load_200tps
2026-08-05T18:44:52Z,compare-am-gp-n3-4-16-i-adv-mysql-2,xtrabackup,24064000,load_200tps
2026-08-05T18:45:25Z,compare-am-gp-n3-4-16-i-adv-mysql-0,mysql,13146271744,load_200tps
2026-08-05T18:45:25Z,compare-am-gp-n3-4-16-i-adv-mysql-0,mysqld-exporter,16535552,load_200tps
2026-08-05T18:45:25Z,compare-am-gp-n3-4-16-i-adv-mysql-0,slow-log-tailer,2293760,load_200tps
2026-08-05T18:45:25Z,compare-am-gp-n3-4-16-i-adv-mysql-0,do-agent,-1,load_200tps
2026-08-05T18:45:25Z,compare-am-gp-n3-4-16-i-adv-mysql-0,xtrabackup,19619840,load_200tps
2026-08-05T18:45:25Z,compare-am-gp-n3-4-16-i-adv-mysql-1,mysql,12863336448,load_200tps
2026-08-05T18:45:25Z,compare-am-gp-n3-4-16-i-adv-mysql-1,mysqld-exporter,15826944,load_200tps
2026-08-05T18:45:25Z,compare-am-gp-n3-4-16-i-adv-mysql-1,slow-log-tailer,6586368,load_200tps
2026-08-05T18:45:25Z,compare-am-gp-n3-4-16-i-adv-mysql-1,do-agent,-1,load_200tps
2026-08-05T18:45:25Z,compare-am-gp-n3-4-16-i-adv-mysql-1,xtrabackup,25559040,load_200tps
2026-08-05T18:45:25Z,compare-am-gp-n3-4-16-i-adv-mysql-2,mysql,13290065920,load_200tps
2026-08-05T18:45:25Z,compare-am-gp-n3-4-16-i-adv-mysql-2,mysqld-exporter,15646720,load_200tps
2026-08-05T18:45:25Z,compare-am-gp-n3-4-16-i-adv-mysql-2,slow-log-tailer,1859584,load_200tps
2026-08-05T18:45:25Z,compare-am-gp-n3-4-16-i-adv-mysql-2,do-agent,-1,load_200tps
2026-08-05T18:45:25Z,compare-am-gp-n3-4-16-i-adv-mysql-2,xtrabackup,24223744,load_200tps
2026-08-05T18:45:58Z,compare-am-gp-n3-4-16-i-adv-mysql-0,mysql,13152956416,load_200tps
2026-08-05T18:45:58Z,compare-am-gp-n3-4-16-i-adv-mysql-0,mysqld-exporter,16539648,load_200tps
2026-08-05T18:45:58Z,compare-am-gp-n3-4-16-i-adv-mysql-0,slow-log-tailer,2260992,load_200tps
2026-08-05T18:45:58Z,compare-am-gp-n3-4-16-i-adv-mysql-0,do-agent,-1,load_200tps
2026-08-05T18:45:58Z,compare-am-gp-n3-4-16-i-adv-mysql-0,xtrabackup,19791872,load_200tps
2026-08-05T18:45:58Z,compare-am-gp-n3-4-16-i-adv-mysql-1,mysql,12700577792,load_200tps
2026-08-05T18:45:58Z,compare-am-gp-n3-4-16-i-adv-mysql-1,mysqld-exporter,15880192,load_200tps
2026-08-05T18:45:58Z,compare-am-gp-n3-4-16-i-adv-mysql-1,slow-log-tailer,6660096,load_200tps
2026-08-05T18:45:58Z,compare-am-gp-n3-4-16-i-adv-mysql-1,do-agent,-1,load_200tps
2026-08-05T18:45:58Z,compare-am-gp-n3-4-16-i-adv-mysql-1,xtrabackup,25399296,load_200tps
2026-08-05T18:45:58Z,compare-am-gp-n3-4-16-i-adv-mysql-2,mysql,13306335232,load_200tps
2026-08-05T18:45:58Z,compare-am-gp-n3-4-16-i-adv-mysql-2,mysqld-exporter,15712256,load_200tps
2026-08-05T18:45:58Z,compare-am-gp-n3-4-16-i-adv-mysql-2,slow-log-tailer,1957888,load_200tps
2026-08-05T18:45:58Z,compare-am-gp-n3-4-16-i-adv-mysql-2,do-agent,-1,load_200tps
2026-08-05T18:45:58Z,compare-am-gp-n3-4-16-i-adv-mysql-2,xtrabackup,23957504,load_200tps
2026-08-05T18:46:31Z,compare-am-gp-n3-4-16-i-adv-mysql-0,mysql,13145579520,load_200tps
2026-08-05T18:46:31Z,compare-am-gp-n3-4-16-i-adv-mysql-0,mysqld-exporter,16433152,load_200tps
2026-08-05T18:46:31Z,compare-am-gp-n3-4-16-i-adv-mysql-0,slow-log-tailer,2252800,load_200tps
2026-08-05T18:46:31Z,compare-am-gp-n3-4-16-i-adv-mysql-0,do-agent,-1,load_200tps
2026-08-05T18:46:31Z,compare-am-gp-n3-4-16-i-adv-mysql-0,xtrabackup,19800064,load_200tps
2026-08-05T18:46:31Z,compare-am-gp-n3-4-16-i-adv-mysql-1,mysql,12813369344,load_200tps
2026-08-05T18:46:31Z,compare-am-gp-n3-4-16-i-adv-mysql-1,mysqld-exporter,15757312,load_200tps
2026-08-05T18:46:31Z,compare-am-gp-n3-4-16-i-adv-mysql-1,slow-log-tailer,6520832,load_200tps
2026-08-05T18:46:31Z,compare-am-gp-n3-4-16-i-adv-mysql-1,do-agent,-1,load_200tps
2026-08-05T18:46:31Z,compare-am-gp-n3-4-16-i-adv-mysql-1,xtrabackup,25370624,load_200tps
2026-08-05T18:46:31Z,compare-am-gp-n3-4-16-i-adv-mysql-2,mysql,13293920256,load_200tps
2026-08-05T18:46:31Z,compare-am-gp-n3-4-16-i-adv-mysql-2,mysqld-exporter,15749120,load_200tps
2026-08-05T18:46:31Z,compare-am-gp-n3-4-16-i-adv-mysql-2,slow-log-tailer,1826816,load_200tps
2026-08-05T18:46:31Z,compare-am-gp-n3-4-16-i-adv-mysql-2,do-agent,-1,load_200tps
2026-08-05T18:46:31Z,compare-am-gp-n3-4-16-i-adv-mysql-2,xtrabackup,24129536,load_200tps
2026-08-05T18:47:04Z,compare-am-gp-n3-4-16-i-adv-mysql-0,mysql,12994646016,load_200tps
2026-08-05T18:47:04Z,compare-am-gp-n3-4-16-i-adv-mysql-0,mysqld-exporter,15925248,load_200tps
2026-08-05T18:47:04Z,compare-am-gp-n3-4-16-i-adv-mysql-0,slow-log-tailer,2195456,load_200tps
2026-08-05T18:47:04Z,compare-am-gp-n3-4-16-i-adv-mysql-0,do-agent,-1,load_200tps
2026-08-05T18:47:04Z,compare-am-gp-n3-4-16-i-adv-mysql-0,xtrabackup,19419136,load_200tps
2026-08-05T18:47:04Z,compare-am-gp-n3-4-16-i-adv-mysql-1,mysql,12473720832,load_200tps
2026-08-05T18:47:04Z,compare-am-gp-n3-4-16-i-adv-mysql-1,mysqld-exporter,16187392,load_200tps
2026-08-05T18:47:04Z,compare-am-gp-n3-4-16-i-adv-mysql-1,slow-log-tailer,6651904,load_200tps
2026-08-05T18:47:04Z,compare-am-gp-n3-4-16-i-adv-mysql-1,do-agent,-1,load_200tps
2026-08-05T18:47:04Z,compare-am-gp-n3-4-16-i-adv-mysql-1,xtrabackup,405794816,load_200tps
2026-08-05T18:47:04Z,compare-am-gp-n3-4-16-i-adv-mysql-2,mysql,13281140736,load_200tps
2026-08-05T18:47:04Z,compare-am-gp-n3-4-16-i-adv-mysql-2,mysqld-exporter,15630336,load_200tps
2026-08-05T18:47:04Z,compare-am-gp-n3-4-16-i-adv-mysql-2,slow-log-tailer,2138112,load_200tps
2026-08-05T18:47:04Z,compare-am-gp-n3-4-16-i-adv-mysql-2,do-agent,-1,load_200tps
2026-08-05T18:47:04Z,compare-am-gp-n3-4-16-i-adv-mysql-2,xtrabackup,24166400,load_200tps
2026-08-05T18:47:37Z,compare-am-gp-n3-4-16-i-adv-mysql-0,mysql,13071372288,load_200tps
2026-08-05T18:47:37Z,compare-am-gp-n3-4-16-i-adv-mysql-0,mysqld-exporter,17006592,load_200tps
2026-08-05T18:47:37Z,compare-am-gp-n3-4-16-i-adv-mysql-0,slow-log-tailer,2273280,load_200tps
2026-08-05T18:47:37Z,compare-am-gp-n3-4-16-i-adv-mysql-0,do-agent,-1,load_200tps
2026-08-05T18:47:37Z,compare-am-gp-n3-4-16-i-adv-mysql-0,xtrabackup,19177472,load_200tps
2026-08-05T18:47:37Z,compare-am-gp-n3-4-16-i-adv-mysql-1,mysql,12056281088,load_200tps
2026-08-05T18:47:37Z,compare-am-gp-n3-4-16-i-adv-mysql-1,mysqld-exporter,16027648,load_200tps
2026-08-05T18:47:37Z,compare-am-gp-n3-4-16-i-adv-mysql-1,slow-log-tailer,6488064,load_200tps
2026-08-05T18:47:37Z,compare-am-gp-n3-4-16-i-adv-mysql-1,do-agent,-1,load_200tps
2026-08-05T18:47:37Z,compare-am-gp-n3-4-16-i-adv-mysql-1,xtrabackup,906895360,load_200tps
2026-08-05T18:47:37Z,compare-am-gp-n3-4-16-i-adv-mysql-2,mysql,13303881728,load_200tps
2026-08-05T18:47:37Z,compare-am-gp-n3-4-16-i-adv-mysql-2,mysqld-exporter,15433728,load_200tps
2026-08-05T18:47:37Z,compare-am-gp-n3-4-16-i-adv-mysql-2,slow-log-tailer,1802240,load_200tps
2026-08-05T18:47:37Z,compare-am-gp-n3-4-16-i-adv-mysql-2,do-agent,-1,load_200tps
2026-08-05T18:47:37Z,compare-am-gp-n3-4-16-i-adv-mysql-2,xtrabackup,24006656,load_200tps
2026-08-05T18:48:10Z,compare-am-gp-n3-4-16-i-adv-mysql-0,mysql,13144403968,load_200tps
2026-08-05T18:48:10Z,compare-am-gp-n3-4-16-i-adv-mysql-0,mysqld-exporter,15757312,load_200tps
2026-08-05T18:48:10Z,compare-am-gp-n3-4-16-i-adv-mysql-0,slow-log-tailer,2236416,load_200tps
2026-08-05T18:48:10Z,compare-am-gp-n3-4-16-i-adv-mysql-0,do-agent,-1,load_200tps
2026-08-05T18:48:10Z,compare-am-gp-n3-4-16-i-adv-mysql-0,xtrabackup,19054592,load_200tps
2026-08-05T18:48:10Z,compare-am-gp-n3-4-16-i-adv-mysql-1,mysql,11886387200,load_200tps
2026-08-05T18:48:10Z,compare-am-gp-n3-4-16-i-adv-mysql-1,mysqld-exporter,16207872,load_200tps
2026-08-05T18:48:10Z,compare-am-gp-n3-4-16-i-adv-mysql-1,slow-log-tailer,6672384,load_200tps
2026-08-05T18:48:10Z,compare-am-gp-n3-4-16-i-adv-mysql-1,do-agent,-1,load_200tps
2026-08-05T18:48:10Z,compare-am-gp-n3-4-16-i-adv-mysql-1,xtrabackup,937930752,load_200tps
2026-08-05T18:48:10Z,compare-am-gp-n3-4-16-i-adv-mysql-2,mysql,13289189376,load_200tps
2026-08-05T18:48:10Z,compare-am-gp-n3-4-16-i-adv-mysql-2,mysqld-exporter,15433728,load_200tps
2026-08-05T18:48:10Z,compare-am-gp-n3-4-16-i-adv-mysql-2,slow-log-tailer,1912832,load_200tps
2026-08-05T18:48:10Z,compare-am-gp-n3-4-16-i-adv-mysql-2,do-agent,-1,load_200tps
2026-08-05T18:48:10Z,compare-am-gp-n3-4-16-i-adv-mysql-2,xtrabackup,24313856,load_200tps
2026-08-05T18:48:43Z,compare-am-gp-n3-4-16-i-adv-mysql-0,mysql,13258964992,load_200tps
2026-08-05T18:48:43Z,compare-am-gp-n3-4-16-i-adv-mysql-0,mysqld-exporter,15769600,load_200tps
2026-08-05T18:48:43Z,compare-am-gp-n3-4-16-i-adv-mysql-0,slow-log-tailer,2129920,load_200tps
2026-08-05T18:48:43Z,compare-am-gp-n3-4-16-i-adv-mysql-0,do-agent,-1,load_200tps
2026-08-05T18:48:43Z,compare-am-gp-n3-4-16-i-adv-mysql-0,xtrabackup,19009536,load_200tps
2026-08-05T18:48:43Z,compare-am-gp-n3-4-16-i-adv-mysql-1,mysql,11773186048,load_200tps
2026-08-05T18:48:43Z,compare-am-gp-n3-4-16-i-adv-mysql-1,mysqld-exporter,15990784,load_200tps
2026-08-05T18:48:43Z,compare-am-gp-n3-4-16-i-adv-mysql-1,slow-log-tailer,6488064,load_200tps
2026-08-05T18:48:43Z,compare-am-gp-n3-4-16-i-adv-mysql-1,do-agent,-1,load_200tps
2026-08-05T18:48:43Z,compare-am-gp-n3-4-16-i-adv-mysql-1,xtrabackup,1007345664,load_200tps
2026-08-05T18:48:43Z,compare-am-gp-n3-4-16-i-adv-mysql-2,mysql,13278810112,load_200tps
2026-08-05T18:48:43Z,compare-am-gp-n3-4-16-i-adv-mysql-2,mysqld-exporter,15429632,load_200tps
2026-08-05T18:48:43Z,compare-am-gp-n3-4-16-i-adv-mysql-2,slow-log-tailer,2011136,load_200tps
2026-08-05T18:48:43Z,compare-am-gp-n3-4-16-i-adv-mysql-2,do-agent,-1,load_200tps
2026-08-05T18:48:43Z,compare-am-gp-n3-4-16-i-adv-mysql-2,xtrabackup,24203264,load_200tps
2026-08-05T18:49:16Z,compare-am-gp-n3-4-16-i-adv-mysql-0,mysql,13280014336,load_200tps
2026-08-05T18:49:16Z,compare-am-gp-n3-4-16-i-adv-mysql-0,mysqld-exporter,16154624,load_200tps
2026-08-05T18:49:16Z,compare-am-gp-n3-4-16-i-adv-mysql-0,slow-log-tailer,2232320,load_200tps
2026-08-05T18:49:16Z,compare-am-gp-n3-4-16-i-adv-mysql-0,do-agent,-1,load_200tps
2026-08-05T18:49:16Z,compare-am-gp-n3-4-16-i-adv-mysql-0,xtrabackup,18989056,load_200tps
2026-08-05T18:49:16Z,compare-am-gp-n3-4-16-i-adv-mysql-1,mysql,11904331776,load_200tps
2026-08-05T18:49:16Z,compare-am-gp-n3-4-16-i-adv-mysql-1,mysqld-exporter,14974976,load_200tps
2026-08-05T18:49:16Z,compare-am-gp-n3-4-16-i-adv-mysql-1,slow-log-tailer,6696960,load_200tps
2026-08-05T18:49:16Z,compare-am-gp-n3-4-16-i-adv-mysql-1,do-agent,-1,load_200tps
2026-08-05T18:49:16Z,compare-am-gp-n3-4-16-i-adv-mysql-1,xtrabackup,1006211072,load_200tps
2026-08-05T18:49:16Z,compare-am-gp-n3-4-16-i-adv-mysql-2,mysql,13294100480,load_200tps
2026-08-05T18:49:16Z,compare-am-gp-n3-4-16-i-adv-mysql-2,mysqld-exporter,16244736,load_200tps
2026-08-05T18:49:16Z,compare-am-gp-n3-4-16-i-adv-mysql-2,slow-log-tailer,2252800,load_200tps
2026-08-05T18:49:16Z,compare-am-gp-n3-4-16-i-adv-mysql-2,do-agent,-1,load_200tps
2026-08-05T18:49:16Z,compare-am-gp-n3-4-16-i-adv-mysql-2,xtrabackup,24158208,load_200tps
2026-08-05T18:49:50Z,compare-am-gp-n3-4-16-i-adv-mysql-0,mysql,13318799360,load_200tps
2026-08-05T18:49:50Z,compare-am-gp-n3-4-16-i-adv-mysql-0,mysqld-exporter,16257024,load_200tps
2026-08-05T18:49:50Z,compare-am-gp-n3-4-16-i-adv-mysql-0,slow-log-tailer,2158592,load_200tps
2026-08-05T18:49:50Z,compare-am-gp-n3-4-16-i-adv-mysql-0,do-agent,-1,load_200tps
2026-08-05T18:49:50Z,compare-am-gp-n3-4-16-i-adv-mysql-0,xtrabackup,19030016,load_200tps
2026-08-05T18:49:50Z,compare-am-gp-n3-4-16-i-adv-mysql-1,mysql,11856220160,load_200tps
2026-08-05T18:49:50Z,compare-am-gp-n3-4-16-i-adv-mysql-1,mysqld-exporter,14950400,load_200tps
2026-08-05T18:49:50Z,compare-am-gp-n3-4-16-i-adv-mysql-1,slow-log-tailer,6565888,load_200tps
2026-08-05T18:49:50Z,compare-am-gp-n3-4-16-i-adv-mysql-1,do-agent,-1,load_200tps
2026-08-05T18:49:50Z,compare-am-gp-n3-4-16-i-adv-mysql-1,xtrabackup,1025540096,load_200tps
2026-08-05T18:49:50Z,compare-am-gp-n3-4-16-i-adv-mysql-2,mysql,13288751104,load_200tps
2026-08-05T18:49:50Z,compare-am-gp-n3-4-16-i-adv-mysql-2,mysqld-exporter,16224256,load_200tps
2026-08-05T18:49:50Z,compare-am-gp-n3-4-16-i-adv-mysql-2,slow-log-tailer,1945600,load_200tps
2026-08-05T18:49:50Z,compare-am-gp-n3-4-16-i-adv-mysql-2,do-agent,-1,load_200tps
2026-08-05T18:49:50Z,compare-am-gp-n3-4-16-i-adv-mysql-2,xtrabackup,24432640,load_200tps
2026-08-05T18:50:23Z,compare-am-gp-n3-4-16-i-adv-mysql-0,mysql,13330599936,load_200tps
2026-08-05T18:50:23Z,compare-am-gp-n3-4-16-i-adv-mysql-0,mysqld-exporter,16166912,load_200tps
2026-08-05T18:50:23Z,compare-am-gp-n3-4-16-i-adv-mysql-0,slow-log-tailer,2232320,load_200tps
2026-08-05T18:50:23Z,compare-am-gp-n3-4-16-i-adv-mysql-0,do-agent,-1,load_200tps
2026-08-05T18:50:23Z,compare-am-gp-n3-4-16-i-adv-mysql-0,xtrabackup,19066880,load_200tps
2026-08-05T18:50:23Z,compare-am-gp-n3-4-16-i-adv-mysql-1,mysql,11741540352,load_200tps
2026-08-05T18:50:23Z,compare-am-gp-n3-4-16-i-adv-mysql-1,mysqld-exporter,14880768,load_200tps
2026-08-05T18:50:23Z,compare-am-gp-n3-4-16-i-adv-mysql-1,slow-log-tailer,6656000,load_200tps
2026-08-05T18:50:23Z,compare-am-gp-n3-4-16-i-adv-mysql-1,do-agent,-1,load_200tps
2026-08-05T18:50:23Z,compare-am-gp-n3-4-16-i-adv-mysql-1,xtrabackup,1027436544,load_200tps
2026-08-05T18:50:23Z,compare-am-gp-n3-4-16-i-adv-mysql-2,mysql,13295120384,load_200tps
2026-08-05T18:50:23Z,compare-am-gp-n3-4-16-i-adv-mysql-2,mysqld-exporter,16248832,load_200tps
2026-08-05T18:50:23Z,compare-am-gp-n3-4-16-i-adv-mysql-2,slow-log-tailer,2269184,load_200tps
2026-08-05T18:50:23Z,compare-am-gp-n3-4-16-i-adv-mysql-2,do-agent,-1,load_200tps
2026-08-05T18:50:23Z,compare-am-gp-n3-4-16-i-adv-mysql-2,xtrabackup,24293376,load_200tps
2026-08-05T18:50:56Z,compare-am-gp-n3-4-16-i-adv-mysql-0,mysql,13330395136,load_200tps
2026-08-05T18:50:56Z,compare-am-gp-n3-4-16-i-adv-mysql-0,mysqld-exporter,16232448,load_200tps
2026-08-05T18:50:56Z,compare-am-gp-n3-4-16-i-adv-mysql-0,slow-log-tailer,2142208,load_200tps
2026-08-05T18:50:56Z,compare-am-gp-n3-4-16-i-adv-mysql-0,do-agent,-1,load_200tps
2026-08-05T18:50:56Z,compare-am-gp-n3-4-16-i-adv-mysql-0,xtrabackup,18976768,load_200tps
2026-08-05T18:50:56Z,compare-am-gp-n3-4-16-i-adv-mysql-1,mysql,11863040000,load_200tps
2026-08-05T18:50:56Z,compare-am-gp-n3-4-16-i-adv-mysql-1,mysqld-exporter,15220736,load_200tps
2026-08-05T18:50:56Z,compare-am-gp-n3-4-16-i-adv-mysql-1,slow-log-tailer,6684672,load_200tps
2026-08-05T18:50:56Z,compare-am-gp-n3-4-16-i-adv-mysql-1,do-agent,-1,load_200tps
2026-08-05T18:50:56Z,compare-am-gp-n3-4-16-i-adv-mysql-1,xtrabackup,1034772480,load_200tps
2026-08-05T18:50:56Z,compare-am-gp-n3-4-16-i-adv-mysql-2,mysql,13318373376,load_200tps
2026-08-05T18:50:56Z,compare-am-gp-n3-4-16-i-adv-mysql-2,mysqld-exporter,16207872,load_200tps
2026-08-05T18:50:56Z,compare-am-gp-n3-4-16-i-adv-mysql-2,slow-log-tailer,2129920,load_200tps
2026-08-05T18:50:56Z,compare-am-gp-n3-4-16-i-adv-mysql-2,do-agent,-1,load_200tps
2026-08-05T18:50:56Z,compare-am-gp-n3-4-16-i-adv-mysql-2,xtrabackup,24285184,load_200tps
2026-08-05T18:51:30Z,compare-am-gp-n3-4-16-i-adv-mysql-0,mysql,13322903552,load_200tps
2026-08-05T18:51:30Z,compare-am-gp-n3-4-16-i-adv-mysql-0,mysqld-exporter,16273408,load_200tps
2026-08-05T18:51:30Z,compare-am-gp-n3-4-16-i-adv-mysql-0,slow-log-tailer,2019328,load_200tps
2026-08-05T18:51:30Z,compare-am-gp-n3-4-16-i-adv-mysql-0,do-agent,-1,load_200tps
2026-08-05T18:51:30Z,compare-am-gp-n3-4-16-i-adv-mysql-0,xtrabackup,18903040,load_200tps
2026-08-05T18:51:30Z,compare-am-gp-n3-4-16-i-adv-mysql-1,mysql,11875823616,load_200tps
2026-08-05T18:51:30Z,compare-am-gp-n3-4-16-i-adv-mysql-1,mysqld-exporter,15659008,load_200tps
2026-08-05T18:51:30Z,compare-am-gp-n3-4-16-i-adv-mysql-1,slow-log-tailer,6594560,load_200tps
2026-08-05T18:51:30Z,compare-am-gp-n3-4-16-i-adv-mysql-1,do-agent,-1,load_200tps
2026-08-05T18:51:30Z,compare-am-gp-n3-4-16-i-adv-mysql-1,xtrabackup,1029091328,load_200tps
2026-08-05T18:51:30Z,compare-am-gp-n3-4-16-i-adv-mysql-2,mysql,13281353728,load_200tps
2026-08-05T18:51:30Z,compare-am-gp-n3-4-16-i-adv-mysql-2,mysqld-exporter,14995456,load_200tps
2026-08-05T18:51:30Z,compare-am-gp-n3-4-16-i-adv-mysql-2,slow-log-tailer,1867776,load_200tps
2026-08-05T18:51:30Z,compare-am-gp-n3-4-16-i-adv-mysql-2,do-agent,-1,load_200tps
2026-08-05T18:51:30Z,compare-am-gp-n3-4-16-i-adv-mysql-2,xtrabackup,24702976,load_200tps
2026-08-05T18:52:03Z,compare-am-gp-n3-4-16-i-adv-mysql-0,mysql,13360726016,load_200tps
2026-08-05T18:52:03Z,compare-am-gp-n3-4-16-i-adv-mysql-0,mysqld-exporter,16134144,load_200tps
2026-08-05T18:52:03Z,compare-am-gp-n3-4-16-i-adv-mysql-0,slow-log-tailer,2105344,load_200tps
2026-08-05T18:52:03Z,compare-am-gp-n3-4-16-i-adv-mysql-0,do-agent,-1,load_200tps
2026-08-05T18:52:03Z,compare-am-gp-n3-4-16-i-adv-mysql-0,xtrabackup,18898944,load_200tps
2026-08-05T18:52:03Z,compare-am-gp-n3-4-16-i-adv-mysql-1,mysql,11783888896,load_200tps
2026-08-05T18:52:03Z,compare-am-gp-n3-4-16-i-adv-mysql-1,mysqld-exporter,15364096,load_200tps
2026-08-05T18:52:03Z,compare-am-gp-n3-4-16-i-adv-mysql-1,slow-log-tailer,6672384,load_200tps
2026-08-05T18:52:03Z,compare-am-gp-n3-4-16-i-adv-mysql-1,do-agent,-1,load_200tps
2026-08-05T18:52:03Z,compare-am-gp-n3-4-16-i-adv-mysql-1,xtrabackup,1044414464,load_200tps
2026-08-05T18:52:03Z,compare-am-gp-n3-4-16-i-adv-mysql-2,mysql,13303877632,load_200tps
2026-08-05T18:52:03Z,compare-am-gp-n3-4-16-i-adv-mysql-2,mysqld-exporter,14917632,load_200tps
2026-08-05T18:52:03Z,compare-am-gp-n3-4-16-i-adv-mysql-2,slow-log-tailer,2105344,load_200tps
2026-08-05T18:52:03Z,compare-am-gp-n3-4-16-i-adv-mysql-2,do-agent,-1,load_200tps
2026-08-05T18:52:03Z,compare-am-gp-n3-4-16-i-adv-mysql-2,xtrabackup,24555520,load_200tps
2026-08-05T18:52:36Z,compare-am-gp-n3-4-16-i-adv-mysql-0,mysql,13328719872,load_200tps
2026-08-05T18:52:36Z,compare-am-gp-n3-4-16-i-adv-mysql-0,mysqld-exporter,16191488,load_200tps
2026-08-05T18:52:36Z,compare-am-gp-n3-4-16-i-adv-mysql-0,slow-log-tailer,2236416,load_200tps
2026-08-05T18:52:36Z,compare-am-gp-n3-4-16-i-adv-mysql-0,do-agent,-1,load_200tps
2026-08-05T18:52:36Z,compare-am-gp-n3-4-16-i-adv-mysql-0,xtrabackup,18857984,load_200tps
2026-08-05T18:52:36Z,compare-am-gp-n3-4-16-i-adv-mysql-1,mysql,11790225408,load_200tps
2026-08-05T18:52:36Z,compare-am-gp-n3-4-16-i-adv-mysql-1,mysqld-exporter,15421440,load_200tps
2026-08-05T18:52:36Z,compare-am-gp-n3-4-16-i-adv-mysql-1,slow-log-tailer,6664192,load_200tps
2026-08-05T18:52:36Z,compare-am-gp-n3-4-16-i-adv-mysql-1,do-agent,-1,load_200tps
2026-08-05T18:52:36Z,compare-am-gp-n3-4-16-i-adv-mysql-1,xtrabackup,939982848,load_200tps
2026-08-05T18:52:36Z,compare-am-gp-n3-4-16-i-adv-mysql-2,mysql,13294874624,load_200tps
2026-08-05T18:52:36Z,compare-am-gp-n3-4-16-i-adv-mysql-2,mysqld-exporter,14917632,load_200tps
2026-08-05T18:52:36Z,compare-am-gp-n3-4-16-i-adv-mysql-2,slow-log-tailer,2035712,load_200tps
2026-08-05T18:52:36Z,compare-am-gp-n3-4-16-i-adv-mysql-2,do-agent,-1,load_200tps
2026-08-05T18:52:36Z,compare-am-gp-n3-4-16-i-adv-mysql-2,xtrabackup,24588288,load_200tps
2026-08-05T18:53:09Z,compare-am-gp-n3-4-16-i-adv-mysql-0,mysql,13359030272,load_200tps
2026-08-05T18:53:09Z,compare-am-gp-n3-4-16-i-adv-mysql-0,mysqld-exporter,15699968,load_200tps
2026-08-05T18:53:09Z,compare-am-gp-n3-4-16-i-adv-mysql-0,slow-log-tailer,2215936,load_200tps
2026-08-05T18:53:09Z,compare-am-gp-n3-4-16-i-adv-mysql-0,do-agent,-1,load_200tps
2026-08-05T18:53:09Z,compare-am-gp-n3-4-16-i-adv-mysql-0,xtrabackup,18948096,load_200tps
2026-08-05T18:53:09Z,compare-am-gp-n3-4-16-i-adv-mysql-1,mysql,11921006592,load_200tps
2026-08-05T18:53:09Z,compare-am-gp-n3-4-16-i-adv-mysql-1,mysqld-exporter,16003072,load_200tps
2026-08-05T18:53:09Z,compare-am-gp-n3-4-16-i-adv-mysql-1,slow-log-tailer,6672384,load_200tps
2026-08-05T18:53:09Z,compare-am-gp-n3-4-16-i-adv-mysql-1,do-agent,-1,load_200tps
2026-08-05T18:53:09Z,compare-am-gp-n3-4-16-i-adv-mysql-1,xtrabackup,520552448,load_200tps
2026-08-05T18:53:09Z,compare-am-gp-n3-4-16-i-adv-mysql-2,mysql,13295779840,load_200tps
2026-08-05T18:53:09Z,compare-am-gp-n3-4-16-i-adv-mysql-2,mysqld-exporter,14876672,load_200tps
2026-08-05T18:53:09Z,compare-am-gp-n3-4-16-i-adv-mysql-2,slow-log-tailer,1892352,load_200tps
2026-08-05T18:53:09Z,compare-am-gp-n3-4-16-i-adv-mysql-2,do-agent,-1,load_200tps
2026-08-05T18:53:09Z,compare-am-gp-n3-4-16-i-adv-mysql-2,xtrabackup,24530944,load_200tps
2026-08-05T18:53:42Z,compare-am-gp-n3-4-16-i-adv-mysql-0,mysql,13386371072,load_200tps
2026-08-05T18:53:42Z,compare-am-gp-n3-4-16-i-adv-mysql-0,mysqld-exporter,15622144,load_200tps
2026-08-05T18:53:42Z,compare-am-gp-n3-4-16-i-adv-mysql-0,slow-log-tailer,2273280,load_200tps
2026-08-05T18:53:42Z,compare-am-gp-n3-4-16-i-adv-mysql-0,do-agent,-1,load_200tps
2026-08-05T18:53:42Z,compare-am-gp-n3-4-16-i-adv-mysql-0,xtrabackup,18894848,load_200tps
2026-08-05T18:53:42Z,compare-am-gp-n3-4-16-i-adv-mysql-1,mysql,12062097408,load_200tps
2026-08-05T18:53:42Z,compare-am-gp-n3-4-16-i-adv-mysql-1,mysqld-exporter,15835136,load_200tps
2026-08-05T18:53:42Z,compare-am-gp-n3-4-16-i-adv-mysql-1,slow-log-tailer,6582272,load_200tps
2026-08-05T18:53:42Z,compare-am-gp-n3-4-16-i-adv-mysql-1,do-agent,-1,load_200tps
2026-08-05T18:53:42Z,compare-am-gp-n3-4-16-i-adv-mysql-1,xtrabackup,520331264,load_200tps
2026-08-05T18:53:42Z,compare-am-gp-n3-4-16-i-adv-mysql-2,mysql,13274193920,load_200tps
2026-08-05T18:53:42Z,compare-am-gp-n3-4-16-i-adv-mysql-2,mysqld-exporter,15929344,load_200tps
2026-08-05T18:53:42Z,compare-am-gp-n3-4-16-i-adv-mysql-2,slow-log-tailer,1953792,load_200tps
2026-08-05T18:53:42Z,compare-am-gp-n3-4-16-i-adv-mysql-2,do-agent,-1,load_200tps
2026-08-05T18:53:42Z,compare-am-gp-n3-4-16-i-adv-mysql-2,xtrabackup,24608768,load_200tps
2026-08-05T18:54:15Z,compare-am-gp-n3-4-16-i-adv-mysql-0,mysql,13361971200,load_200tps
2026-08-05T18:54:15Z,compare-am-gp-n3-4-16-i-adv-mysql-0,mysqld-exporter,15921152,load_200tps
2026-08-05T18:54:15Z,compare-am-gp-n3-4-16-i-adv-mysql-0,slow-log-tailer,1978368,load_200tps
2026-08-05T18:54:15Z,compare-am-gp-n3-4-16-i-adv-mysql-0,do-agent,-1,load_200tps
2026-08-05T18:54:15Z,compare-am-gp-n3-4-16-i-adv-mysql-0,xtrabackup,18894848,load_200tps
2026-08-05T18:54:15Z,compare-am-gp-n3-4-16-i-adv-mysql-1,mysql,12197658624,load_200tps
2026-08-05T18:54:15Z,compare-am-gp-n3-4-16-i-adv-mysql-1,mysqld-exporter,15867904,load_200tps
2026-08-05T18:54:15Z,compare-am-gp-n3-4-16-i-adv-mysql-1,slow-log-tailer,6586368,load_200tps
2026-08-05T18:54:15Z,compare-am-gp-n3-4-16-i-adv-mysql-1,do-agent,-1,load_200tps
2026-08-05T18:54:15Z,compare-am-gp-n3-4-16-i-adv-mysql-1,xtrabackup,520781824,load_200tps
2026-08-05T18:54:15Z,compare-am-gp-n3-4-16-i-adv-mysql-2,mysql,13276119040,load_200tps
2026-08-05T18:54:15Z,compare-am-gp-n3-4-16-i-adv-mysql-2,mysqld-exporter,15888384,load_200tps
2026-08-05T18:54:15Z,compare-am-gp-n3-4-16-i-adv-mysql-2,slow-log-tailer,2056192,load_200tps
2026-08-05T18:54:15Z,compare-am-gp-n3-4-16-i-adv-mysql-2,do-agent,-1,load_200tps
2026-08-05T18:54:15Z,compare-am-gp-n3-4-16-i-adv-mysql-2,xtrabackup,24379392,load_200tps
2026-08-05T18:54:48Z,compare-am-gp-n3-4-16-i-adv-mysql-0,mysql,13355528192,load_200tps
2026-08-05T18:54:48Z,compare-am-gp-n3-4-16-i-adv-mysql-0,mysqld-exporter,15638528,load_200tps
2026-08-05T18:54:48Z,compare-am-gp-n3-4-16-i-adv-mysql-0,slow-log-tailer,2015232,load_200tps
2026-08-05T18:54:48Z,compare-am-gp-n3-4-16-i-adv-mysql-0,do-agent,-1,load_200tps
2026-08-05T18:54:48Z,compare-am-gp-n3-4-16-i-adv-mysql-0,xtrabackup,18952192,load_200tps
2026-08-05T18:54:48Z,compare-am-gp-n3-4-16-i-adv-mysql-1,mysql,12303900672,load_200tps
2026-08-05T18:54:48Z,compare-am-gp-n3-4-16-i-adv-mysql-1,mysqld-exporter,15335424,load_200tps
2026-08-05T18:54:48Z,compare-am-gp-n3-4-16-i-adv-mysql-1,slow-log-tailer,6606848,load_200tps
2026-08-05T18:54:48Z,compare-am-gp-n3-4-16-i-adv-mysql-1,do-agent,-1,load_200tps
2026-08-05T18:54:48Z,compare-am-gp-n3-4-16-i-adv-mysql-1,xtrabackup,520417280,load_200tps
2026-08-05T18:54:48Z,compare-am-gp-n3-4-16-i-adv-mysql-2,mysql,13266010112,load_200tps
2026-08-05T18:54:48Z,compare-am-gp-n3-4-16-i-adv-mysql-2,mysqld-exporter,15728640,load_200tps
2026-08-05T18:54:48Z,compare-am-gp-n3-4-16-i-adv-mysql-2,slow-log-tailer,1970176,load_200tps
2026-08-05T18:54:48Z,compare-am-gp-n3-4-16-i-adv-mysql-2,do-agent,-1,load_200tps
2026-08-05T18:54:48Z,compare-am-gp-n3-4-16-i-adv-mysql-2,xtrabackup,24420352,load_200tps
2026-08-05T18:55:21Z,compare-am-gp-n3-4-16-i-adv-mysql-0,mysql,13353697280,load_200tps
2026-08-05T18:55:21Z,compare-am-gp-n3-4-16-i-adv-mysql-0,mysqld-exporter,16146432,load_200tps
2026-08-05T18:55:21Z,compare-am-gp-n3-4-16-i-adv-mysql-0,slow-log-tailer,2228224,load_200tps
2026-08-05T18:55:21Z,compare-am-gp-n3-4-16-i-adv-mysql-0,do-agent,-1,load_200tps
2026-08-05T18:55:21Z,compare-am-gp-n3-4-16-i-adv-mysql-0,xtrabackup,18915328,load_200tps
2026-08-05T18:55:21Z,compare-am-gp-n3-4-16-i-adv-mysql-1,mysql,12132171776,load_200tps
2026-08-05T18:55:21Z,compare-am-gp-n3-4-16-i-adv-mysql-1,mysqld-exporter,15175680,load_200tps
2026-08-05T18:55:21Z,compare-am-gp-n3-4-16-i-adv-mysql-1,slow-log-tailer,6692864,load_200tps
2026-08-05T18:55:21Z,compare-am-gp-n3-4-16-i-adv-mysql-1,do-agent,-1,load_200tps
2026-08-05T18:55:21Z,compare-am-gp-n3-4-16-i-adv-mysql-1,xtrabackup,520577024,load_200tps
2026-08-05T18:55:21Z,compare-am-gp-n3-4-16-i-adv-mysql-2,mysql,13284716544,load_200tps
2026-08-05T18:55:21Z,compare-am-gp-n3-4-16-i-adv-mysql-2,mysqld-exporter,15134720,load_200tps
2026-08-05T18:55:21Z,compare-am-gp-n3-4-16-i-adv-mysql-2,slow-log-tailer,1949696,load_200tps
2026-08-05T18:55:21Z,compare-am-gp-n3-4-16-i-adv-mysql-2,do-agent,-1,load_200tps
2026-08-05T18:55:21Z,compare-am-gp-n3-4-16-i-adv-mysql-2,xtrabackup,25321472,load_200tps
2026-08-05T18:55:54Z,compare-am-gp-n3-4-16-i-adv-mysql-0,mysql,13376569344,load_200tps
2026-08-05T18:55:54Z,compare-am-gp-n3-4-16-i-adv-mysql-0,mysqld-exporter,16093184,load_200tps
2026-08-05T18:55:54Z,compare-am-gp-n3-4-16-i-adv-mysql-0,slow-log-tailer,2236416,load_200tps
2026-08-05T18:55:54Z,compare-am-gp-n3-4-16-i-adv-mysql-0,do-agent,-1,load_200tps
2026-08-05T18:55:54Z,compare-am-gp-n3-4-16-i-adv-mysql-0,xtrabackup,18890752,load_200tps
2026-08-05T18:55:54Z,compare-am-gp-n3-4-16-i-adv-mysql-1,mysql,12242677760,load_200tps
2026-08-05T18:55:54Z,compare-am-gp-n3-4-16-i-adv-mysql-1,mysqld-exporter,15323136,load_200tps
2026-08-05T18:55:54Z,compare-am-gp-n3-4-16-i-adv-mysql-1,slow-log-tailer,6717440,load_200tps
2026-08-05T18:55:54Z,compare-am-gp-n3-4-16-i-adv-mysql-1,do-agent,-1,load_200tps
2026-08-05T18:55:54Z,compare-am-gp-n3-4-16-i-adv-mysql-1,xtrabackup,520462336,load_200tps
2026-08-05T18:55:54Z,compare-am-gp-n3-4-16-i-adv-mysql-2,mysql,13284233216,load_200tps
2026-08-05T18:55:54Z,compare-am-gp-n3-4-16-i-adv-mysql-2,mysqld-exporter,15253504,load_200tps
2026-08-05T18:55:54Z,compare-am-gp-n3-4-16-i-adv-mysql-2,slow-log-tailer,2068480,load_200tps
2026-08-05T18:55:54Z,compare-am-gp-n3-4-16-i-adv-mysql-2,do-agent,-1,load_200tps
2026-08-05T18:55:54Z,compare-am-gp-n3-4-16-i-adv-mysql-2,xtrabackup,24530944,load_200tps
2026-08-05T18:56:28Z,compare-am-gp-n3-4-16-i-adv-mysql-0,mysql,13352849408,load_200tps
2026-08-05T18:56:28Z,compare-am-gp-n3-4-16-i-adv-mysql-0,mysqld-exporter,15880192,load_200tps
2026-08-05T18:56:28Z,compare-am-gp-n3-4-16-i-adv-mysql-0,slow-log-tailer,2244608,load_200tps
2026-08-05T18:56:28Z,compare-am-gp-n3-4-16-i-adv-mysql-0,do-agent,-1,load_200tps
2026-08-05T18:56:28Z,compare-am-gp-n3-4-16-i-adv-mysql-0,xtrabackup,18923520,load_200tps
2026-08-05T18:56:28Z,compare-am-gp-n3-4-16-i-adv-mysql-1,mysql,12325486592,load_200tps
2026-08-05T18:56:28Z,compare-am-gp-n3-4-16-i-adv-mysql-1,mysqld-exporter,15323136,load_200tps
2026-08-05T18:56:28Z,compare-am-gp-n3-4-16-i-adv-mysql-1,slow-log-tailer,6615040,load_200tps
2026-08-05T18:56:28Z,compare-am-gp-n3-4-16-i-adv-mysql-1,do-agent,-1,load_200tps
2026-08-05T18:56:28Z,compare-am-gp-n3-4-16-i-adv-mysql-1,xtrabackup,520151040,load_200tps
2026-08-05T18:56:28Z,compare-am-gp-n3-4-16-i-adv-mysql-2,mysql,13274603520,load_200tps
2026-08-05T18:56:28Z,compare-am-gp-n3-4-16-i-adv-mysql-2,mysqld-exporter,15142912,load_200tps
2026-08-05T18:56:28Z,compare-am-gp-n3-4-16-i-adv-mysql-2,slow-log-tailer,1843200,load_200tps
2026-08-05T18:56:28Z,compare-am-gp-n3-4-16-i-adv-mysql-2,do-agent,-1,load_200tps
2026-08-05T18:56:28Z,compare-am-gp-n3-4-16-i-adv-mysql-2,xtrabackup,24612864,load_200tps
2026-08-05T18:57:01Z,compare-am-gp-n3-4-16-i-adv-mysql-0,mysql,13353058304,load_200tps
2026-08-05T18:57:01Z,compare-am-gp-n3-4-16-i-adv-mysql-0,mysqld-exporter,16732160,load_200tps
2026-08-05T18:57:01Z,compare-am-gp-n3-4-16-i-adv-mysql-0,slow-log-tailer,2199552,load_200tps
2026-08-05T18:57:01Z,compare-am-gp-n3-4-16-i-adv-mysql-0,do-agent,-1,load_200tps
2026-08-05T18:57:01Z,compare-am-gp-n3-4-16-i-adv-mysql-0,xtrabackup,18927616,load_200tps
2026-08-05T18:57:01Z,compare-am-gp-n3-4-16-i-adv-mysql-1,mysql,12137533440,load_200tps
2026-08-05T18:57:01Z,compare-am-gp-n3-4-16-i-adv-mysql-1,mysqld-exporter,15540224,load_200tps
2026-08-05T18:57:01Z,compare-am-gp-n3-4-16-i-adv-mysql-1,slow-log-tailer,6660096,load_200tps
2026-08-05T18:57:01Z,compare-am-gp-n3-4-16-i-adv-mysql-1,do-agent,-1,load_200tps
2026-08-05T18:57:01Z,compare-am-gp-n3-4-16-i-adv-mysql-1,xtrabackup,520253440,load_200tps
2026-08-05T18:57:01Z,compare-am-gp-n3-4-16-i-adv-mysql-2,mysql,13296373760,load_200tps
2026-08-05T18:57:01Z,compare-am-gp-n3-4-16-i-adv-mysql-2,mysqld-exporter,15310848,load_200tps
2026-08-05T18:57:01Z,compare-am-gp-n3-4-16-i-adv-mysql-2,slow-log-tailer,1765376,load_200tps
2026-08-05T18:57:01Z,compare-am-gp-n3-4-16-i-adv-mysql-2,do-agent,-1,load_200tps
2026-08-05T18:57:01Z,compare-am-gp-n3-4-16-i-adv-mysql-2,xtrabackup,24231936,load_200tps
2026-08-05T18:57:34Z,compare-am-gp-n3-4-16-i-adv-mysql-0,mysql,13388075008,load_200tps
2026-08-05T18:57:34Z,compare-am-gp-n3-4-16-i-adv-mysql-0,mysqld-exporter,16748544,load_200tps
2026-08-05T18:57:34Z,compare-am-gp-n3-4-16-i-adv-mysql-0,slow-log-tailer,2220032,load_200tps
2026-08-05T18:57:34Z,compare-am-gp-n3-4-16-i-adv-mysql-0,do-agent,-1,load_200tps
2026-08-05T18:57:34Z,compare-am-gp-n3-4-16-i-adv-mysql-0,xtrabackup,18935808,load_200tps
2026-08-05T18:57:34Z,compare-am-gp-n3-4-16-i-adv-mysql-1,mysql,12268969984,load_200tps
2026-08-05T18:57:34Z,compare-am-gp-n3-4-16-i-adv-mysql-1,mysqld-exporter,15454208,load_200tps
2026-08-05T18:57:34Z,compare-am-gp-n3-4-16-i-adv-mysql-1,slow-log-tailer,6647808,load_200tps
2026-08-05T18:57:34Z,compare-am-gp-n3-4-16-i-adv-mysql-1,do-agent,-1,load_200tps
2026-08-05T18:57:34Z,compare-am-gp-n3-4-16-i-adv-mysql-1,xtrabackup,520286208,load_200tps
2026-08-05T18:57:34Z,compare-am-gp-n3-4-16-i-adv-mysql-2,mysql,13280296960,load_200tps
2026-08-05T18:57:34Z,compare-am-gp-n3-4-16-i-adv-mysql-2,mysqld-exporter,15785984,load_200tps
2026-08-05T18:57:34Z,compare-am-gp-n3-4-16-i-adv-mysql-2,slow-log-tailer,2129920,load_200tps
2026-08-05T18:57:34Z,compare-am-gp-n3-4-16-i-adv-mysql-2,do-agent,-1,load_200tps
2026-08-05T18:57:34Z,compare-am-gp-n3-4-16-i-adv-mysql-2,xtrabackup,24326144,load_200tps
2026-08-05T18:58:07Z,compare-am-gp-n3-4-16-i-adv-mysql-0,mysql,13346013184,load_200tps
2026-08-05T18:58:07Z,compare-am-gp-n3-4-16-i-adv-mysql-0,mysqld-exporter,16785408,load_200tps
2026-08-05T18:58:07Z,compare-am-gp-n3-4-16-i-adv-mysql-0,slow-log-tailer,2252800,load_200tps
2026-08-05T18:58:07Z,compare-am-gp-n3-4-16-i-adv-mysql-0,do-agent,-1,load_200tps
2026-08-05T18:58:07Z,compare-am-gp-n3-4-16-i-adv-mysql-0,xtrabackup,18907136,load_200tps
2026-08-05T18:58:07Z,compare-am-gp-n3-4-16-i-adv-mysql-1,mysql,12265930752,load_200tps
2026-08-05T18:58:07Z,compare-am-gp-n3-4-16-i-adv-mysql-1,mysqld-exporter,15368192,load_200tps
2026-08-05T18:58:07Z,compare-am-gp-n3-4-16-i-adv-mysql-1,slow-log-tailer,6742016,load_200tps
2026-08-05T18:58:07Z,compare-am-gp-n3-4-16-i-adv-mysql-1,do-agent,-1,load_200tps
2026-08-05T18:58:07Z,compare-am-gp-n3-4-16-i-adv-mysql-1,xtrabackup,520400896,load_200tps
2026-08-05T18:58:07Z,compare-am-gp-n3-4-16-i-adv-mysql-2,mysql,13275713536,load_200tps
2026-08-05T18:58:07Z,compare-am-gp-n3-4-16-i-adv-mysql-2,mysqld-exporter,15302656,load_200tps
2026-08-05T18:58:07Z,compare-am-gp-n3-4-16-i-adv-mysql-2,slow-log-tailer,1900544,load_200tps
2026-08-05T18:58:07Z,compare-am-gp-n3-4-16-i-adv-mysql-2,do-agent,-1,load_200tps
2026-08-05T18:58:07Z,compare-am-gp-n3-4-16-i-adv-mysql-2,xtrabackup,24354816,load_200tps
2026-08-05T18:58:40Z,compare-am-gp-n3-4-16-i-adv-mysql-0,mysql,13362434048,load_200tps
2026-08-05T18:58:40Z,compare-am-gp-n3-4-16-i-adv-mysql-0,mysqld-exporter,16744448,load_200tps
2026-08-05T18:58:40Z,compare-am-gp-n3-4-16-i-adv-mysql-0,slow-log-tailer,2109440,load_200tps
2026-08-05T18:58:40Z,compare-am-gp-n3-4-16-i-adv-mysql-0,do-agent,-1,load_200tps
2026-08-05T18:58:40Z,compare-am-gp-n3-4-16-i-adv-mysql-0,xtrabackup,18919424,load_200tps
2026-08-05T18:58:40Z,compare-am-gp-n3-4-16-i-adv-mysql-1,mysql,12401561600,load_200tps
2026-08-05T18:58:40Z,compare-am-gp-n3-4-16-i-adv-mysql-1,mysqld-exporter,15650816,load_200tps
2026-08-05T18:58:40Z,compare-am-gp-n3-4-16-i-adv-mysql-1,slow-log-tailer,6598656,load_200tps
2026-08-05T18:58:40Z,compare-am-gp-n3-4-16-i-adv-mysql-1,do-agent,-1,load_200tps
2026-08-05T18:58:40Z,compare-am-gp-n3-4-16-i-adv-mysql-1,xtrabackup,520200192,load_200tps
2026-08-05T18:58:40Z,compare-am-gp-n3-4-16-i-adv-mysql-2,mysql,13262909440,load_200tps
2026-08-05T18:58:40Z,compare-am-gp-n3-4-16-i-adv-mysql-2,mysqld-exporter,15310848,load_200tps
2026-08-05T18:58:40Z,compare-am-gp-n3-4-16-i-adv-mysql-2,slow-log-tailer,2007040,load_200tps
2026-08-05T18:58:40Z,compare-am-gp-n3-4-16-i-adv-mysql-2,do-agent,-1,load_200tps
2026-08-05T18:58:40Z,compare-am-gp-n3-4-16-i-adv-mysql-2,xtrabackup,24428544,load_200tps
2026-08-05T18:59:12Z,compare-am-gp-n3-4-16-i-adv-mysql-0,mysql,13374468096,load_200tps
2026-08-05T18:59:12Z,compare-am-gp-n3-4-16-i-adv-mysql-0,mysqld-exporter,16023552,load_200tps
2026-08-05T18:59:12Z,compare-am-gp-n3-4-16-i-adv-mysql-0,slow-log-tailer,2211840,load_200tps
2026-08-05T18:59:12Z,compare-am-gp-n3-4-16-i-adv-mysql-0,do-agent,-1,load_200tps
2026-08-05T18:59:12Z,compare-am-gp-n3-4-16-i-adv-mysql-0,xtrabackup,18984960,load_200tps
2026-08-05T18:59:12Z,compare-am-gp-n3-4-16-i-adv-mysql-1,mysql,12300341248,load_200tps
2026-08-05T18:59:12Z,compare-am-gp-n3-4-16-i-adv-mysql-1,mysqld-exporter,16179200,load_200tps
2026-08-05T18:59:12Z,compare-am-gp-n3-4-16-i-adv-mysql-1,slow-log-tailer,6737920,load_200tps
2026-08-05T18:59:12Z,compare-am-gp-n3-4-16-i-adv-mysql-1,do-agent,-1,load_200tps
2026-08-05T18:59:12Z,compare-am-gp-n3-4-16-i-adv-mysql-1,xtrabackup,520548352,load_200tps
2026-08-05T18:59:12Z,compare-am-gp-n3-4-16-i-adv-mysql-2,mysql,13276372992,load_200tps
2026-08-05T18:59:12Z,compare-am-gp-n3-4-16-i-adv-mysql-2,mysqld-exporter,15581184,load_200tps
2026-08-05T18:59:12Z,compare-am-gp-n3-4-16-i-adv-mysql-2,slow-log-tailer,1949696,load_200tps
2026-08-05T18:59:12Z,compare-am-gp-n3-4-16-i-adv-mysql-2,do-agent,-1,load_200tps
2026-08-05T18:59:12Z,compare-am-gp-n3-4-16-i-adv-mysql-2,xtrabackup,24387584,load_200tps
2026-08-05T18:59:45Z,compare-am-gp-n3-4-16-i-adv-mysql-0,mysql,13385277440,load_200tps
2026-08-05T18:59:45Z,compare-am-gp-n3-4-16-i-adv-mysql-0,mysqld-exporter,15896576,load_200tps
2026-08-05T18:59:45Z,compare-am-gp-n3-4-16-i-adv-mysql-0,slow-log-tailer,2207744,load_200tps
2026-08-05T18:59:45Z,compare-am-gp-n3-4-16-i-adv-mysql-0,do-agent,-1,load_200tps
2026-08-05T18:59:45Z,compare-am-gp-n3-4-16-i-adv-mysql-0,xtrabackup,18915328,load_200tps
2026-08-05T18:59:45Z,compare-am-gp-n3-4-16-i-adv-mysql-1,mysql,12345683968,load_200tps
2026-08-05T18:59:45Z,compare-am-gp-n3-4-16-i-adv-mysql-1,mysqld-exporter,16166912,load_200tps
2026-08-05T18:59:45Z,compare-am-gp-n3-4-16-i-adv-mysql-1,slow-log-tailer,6471680,load_200tps
2026-08-05T18:59:45Z,compare-am-gp-n3-4-16-i-adv-mysql-1,do-agent,-1,load_200tps
2026-08-05T18:59:45Z,compare-am-gp-n3-4-16-i-adv-mysql-1,xtrabackup,520523776,load_200tps
2026-08-05T18:59:45Z,compare-am-gp-n3-4-16-i-adv-mysql-2,mysql,13260906496,load_200tps
2026-08-05T18:59:45Z,compare-am-gp-n3-4-16-i-adv-mysql-2,mysqld-exporter,15405056,load_200tps
2026-08-05T18:59:45Z,compare-am-gp-n3-4-16-i-adv-mysql-2,slow-log-tailer,1757184,load_200tps
2026-08-05T18:59:45Z,compare-am-gp-n3-4-16-i-adv-mysql-2,do-agent,-1,load_200tps
2026-08-05T18:59:45Z,compare-am-gp-n3-4-16-i-adv-mysql-2,xtrabackup,24424448,load_200tps
2026-08-05T19:00:18Z,compare-am-gp-n3-4-16-i-adv-mysql-0,mysql,13354434560,load_200tps
2026-08-05T19:00:18Z,compare-am-gp-n3-4-16-i-adv-mysql-0,mysqld-exporter,15978496,load_200tps
2026-08-05T19:00:18Z,compare-am-gp-n3-4-16-i-adv-mysql-0,slow-log-tailer,2191360,load_200tps
2026-08-05T19:00:18Z,compare-am-gp-n3-4-16-i-adv-mysql-0,do-agent,-1,load_200tps
2026-08-05T19:00:18Z,compare-am-gp-n3-4-16-i-adv-mysql-0,xtrabackup,18833408,load_200tps
2026-08-05T19:00:18Z,compare-am-gp-n3-4-16-i-adv-mysql-1,mysql,12364853248,load_200tps
2026-08-05T19:00:18Z,compare-am-gp-n3-4-16-i-adv-mysql-1,mysqld-exporter,15765504,load_200tps
2026-08-05T19:00:18Z,compare-am-gp-n3-4-16-i-adv-mysql-1,slow-log-tailer,6483968,load_200tps
2026-08-05T19:00:18Z,compare-am-gp-n3-4-16-i-adv-mysql-1,do-agent,-1,load_200tps
2026-08-05T19:00:18Z,compare-am-gp-n3-4-16-i-adv-mysql-1,xtrabackup,520351744,load_200tps
2026-08-05T19:00:18Z,compare-am-gp-n3-4-16-i-adv-mysql-2,mysql,13253160960,load_200tps
2026-08-05T19:00:18Z,compare-am-gp-n3-4-16-i-adv-mysql-2,mysqld-exporter,15486976,load_200tps
2026-08-05T19:00:18Z,compare-am-gp-n3-4-16-i-adv-mysql-2,slow-log-tailer,1847296,load_200tps
2026-08-05T19:00:18Z,compare-am-gp-n3-4-16-i-adv-mysql-2,do-agent,-1,load_200tps
2026-08-05T19:00:18Z,compare-am-gp-n3-4-16-i-adv-mysql-2,xtrabackup,24424448,load_200tps
2026-08-05T19:00:51Z,compare-am-gp-n3-4-16-i-adv-mysql-0,mysql,13347356672,load_200tps
2026-08-05T19:00:51Z,compare-am-gp-n3-4-16-i-adv-mysql-0,mysqld-exporter,15798272,load_200tps
2026-08-05T19:00:51Z,compare-am-gp-n3-4-16-i-adv-mysql-0,slow-log-tailer,2007040,load_200tps
2026-08-05T19:00:51Z,compare-am-gp-n3-4-16-i-adv-mysql-0,do-agent,-1,load_200tps
2026-08-05T19:00:51Z,compare-am-gp-n3-4-16-i-adv-mysql-0,xtrabackup,18993152,load_200tps
2026-08-05T19:00:51Z,compare-am-gp-n3-4-16-i-adv-mysql-1,mysql,12283084800,load_200tps
2026-08-05T19:00:51Z,compare-am-gp-n3-4-16-i-adv-mysql-1,mysqld-exporter,15667200,load_200tps
2026-08-05T19:00:51Z,compare-am-gp-n3-4-16-i-adv-mysql-1,slow-log-tailer,6565888,load_200tps
2026-08-05T19:00:51Z,compare-am-gp-n3-4-16-i-adv-mysql-1,do-agent,-1,load_200tps
2026-08-05T19:00:51Z,compare-am-gp-n3-4-16-i-adv-mysql-1,xtrabackup,520421376,load_200tps
2026-08-05T19:00:51Z,compare-am-gp-n3-4-16-i-adv-mysql-2,mysql,13293289472,load_200tps
2026-08-05T19:00:51Z,compare-am-gp-n3-4-16-i-adv-mysql-2,mysqld-exporter,15462400,load_200tps
2026-08-05T19:00:51Z,compare-am-gp-n3-4-16-i-adv-mysql-2,slow-log-tailer,1777664,load_200tps
2026-08-05T19:00:51Z,compare-am-gp-n3-4-16-i-adv-mysql-2,do-agent,-1,load_200tps
2026-08-05T19:00:51Z,compare-am-gp-n3-4-16-i-adv-mysql-2,xtrabackup,24424448,load_200tps
2026-08-05T19:01:24Z,compare-am-gp-n3-4-16-i-adv-mysql-0,mysql,13391589376,load_200tps
2026-08-05T19:01:24Z,compare-am-gp-n3-4-16-i-adv-mysql-0,mysqld-exporter,15822848,load_200tps
2026-08-05T19:01:24Z,compare-am-gp-n3-4-16-i-adv-mysql-0,slow-log-tailer,2236416,load_200tps
2026-08-05T19:01:24Z,compare-am-gp-n3-4-16-i-adv-mysql-0,do-agent,-1,load_200tps
2026-08-05T19:01:24Z,compare-am-gp-n3-4-16-i-adv-mysql-0,xtrabackup,18911232,load_200tps
2026-08-05T19:01:24Z,compare-am-gp-n3-4-16-i-adv-mysql-1,mysql,12388507648,load_200tps
2026-08-05T19:01:24Z,compare-am-gp-n3-4-16-i-adv-mysql-1,mysqld-exporter,15745024,load_200tps
2026-08-05T19:01:24Z,compare-am-gp-n3-4-16-i-adv-mysql-1,slow-log-tailer,7065600,load_200tps
2026-08-05T19:01:24Z,compare-am-gp-n3-4-16-i-adv-mysql-1,do-agent,-1,load_200tps
2026-08-05T19:01:24Z,compare-am-gp-n3-4-16-i-adv-mysql-1,xtrabackup,520433664,load_200tps
2026-08-05T19:01:24Z,compare-am-gp-n3-4-16-i-adv-mysql-2,mysql,13292867584,load_200tps
2026-08-05T19:01:24Z,compare-am-gp-n3-4-16-i-adv-mysql-2,mysqld-exporter,15855616,load_200tps
2026-08-05T19:01:24Z,compare-am-gp-n3-4-16-i-adv-mysql-2,slow-log-tailer,1937408,load_200tps
2026-08-05T19:01:24Z,compare-am-gp-n3-4-16-i-adv-mysql-2,do-agent,-1,load_200tps
2026-08-05T19:01:24Z,compare-am-gp-n3-4-16-i-adv-mysql-2,xtrabackup,24387584,load_200tps
2026-08-05T19:01:58Z,compare-am-gp-n3-4-16-i-adv-mysql-0,mysql,13389398016,load_200tps
2026-08-05T19:01:58Z,compare-am-gp-n3-4-16-i-adv-mysql-0,mysqld-exporter,15863808,load_200tps
2026-08-05T19:01:58Z,compare-am-gp-n3-4-16-i-adv-mysql-0,slow-log-tailer,2424832,load_200tps
2026-08-05T19:01:58Z,compare-am-gp-n3-4-16-i-adv-mysql-0,do-agent,-1,load_200tps
2026-08-05T19:01:58Z,compare-am-gp-n3-4-16-i-adv-mysql-0,xtrabackup,18919424,load_200tps
2026-08-05T19:01:58Z,compare-am-gp-n3-4-16-i-adv-mysql-1,mysql,12253220864,load_200tps
2026-08-05T19:01:58Z,compare-am-gp-n3-4-16-i-adv-mysql-1,mysqld-exporter,15622144,load_200tps
2026-08-05T19:01:58Z,compare-am-gp-n3-4-16-i-adv-mysql-1,slow-log-tailer,6602752,load_200tps
2026-08-05T19:01:58Z,compare-am-gp-n3-4-16-i-adv-mysql-1,do-agent,-1,load_200tps
2026-08-05T19:01:58Z,compare-am-gp-n3-4-16-i-adv-mysql-1,xtrabackup,520380416,load_200tps
2026-08-05T19:01:58Z,compare-am-gp-n3-4-16-i-adv-mysql-2,mysql,13274742784,load_200tps
2026-08-05T19:01:58Z,compare-am-gp-n3-4-16-i-adv-mysql-2,mysqld-exporter,15216640,load_200tps
2026-08-05T19:01:58Z,compare-am-gp-n3-4-16-i-adv-mysql-2,slow-log-tailer,1839104,load_200tps
2026-08-05T19:01:58Z,compare-am-gp-n3-4-16-i-adv-mysql-2,do-agent,-1,load_200tps
2026-08-05T19:01:58Z,compare-am-gp-n3-4-16-i-adv-mysql-2,xtrabackup,24453120,load_200tps
2026-08-05T19:02:31Z,compare-am-gp-n3-4-16-i-adv-mysql-0,mysql,13358841856,load_200tps
2026-08-05T19:02:31Z,compare-am-gp-n3-4-16-i-adv-mysql-0,mysqld-exporter,15798272,load_200tps
2026-08-05T19:02:31Z,compare-am-gp-n3-4-16-i-adv-mysql-0,slow-log-tailer,2232320,load_200tps
2026-08-05T19:02:31Z,compare-am-gp-n3-4-16-i-adv-mysql-0,do-agent,-1,load_200tps
2026-08-05T19:02:31Z,compare-am-gp-n3-4-16-i-adv-mysql-0,xtrabackup,18890752,load_200tps
2026-08-05T19:02:31Z,compare-am-gp-n3-4-16-i-adv-mysql-1,mysql,12363321344,load_200tps
2026-08-05T19:02:31Z,compare-am-gp-n3-4-16-i-adv-mysql-1,mysqld-exporter,15626240,load_200tps
2026-08-05T19:02:31Z,compare-am-gp-n3-4-16-i-adv-mysql-1,slow-log-tailer,6635520,load_200tps
2026-08-05T19:02:31Z,compare-am-gp-n3-4-16-i-adv-mysql-1,do-agent,-1,load_200tps
2026-08-05T19:02:31Z,compare-am-gp-n3-4-16-i-adv-mysql-1,xtrabackup,520495104,load_200tps
2026-08-05T19:02:31Z,compare-am-gp-n3-4-16-i-adv-mysql-2,mysql,13273894912,load_200tps
2026-08-05T19:02:31Z,compare-am-gp-n3-4-16-i-adv-mysql-2,mysqld-exporter,15298560,load_200tps
2026-08-05T19:02:31Z,compare-am-gp-n3-4-16-i-adv-mysql-2,slow-log-tailer,1933312,load_200tps
2026-08-05T19:02:31Z,compare-am-gp-n3-4-16-i-adv-mysql-2,do-agent,-1,load_200tps
2026-08-05T19:02:31Z,compare-am-gp-n3-4-16-i-adv-mysql-2,xtrabackup,24182784,load_200tps
2026-08-05T19:03:04Z,compare-am-gp-n3-4-16-i-adv-mysql-0,mysql,13355749376,load_200tps
2026-08-05T19:03:04Z,compare-am-gp-n3-4-16-i-adv-mysql-0,mysqld-exporter,15908864,load_200tps
2026-08-05T19:03:04Z,compare-am-gp-n3-4-16-i-adv-mysql-0,slow-log-tailer,2199552,load_200tps
2026-08-05T19:03:04Z,compare-am-gp-n3-4-16-i-adv-mysql-0,do-agent,-1,load_200tps
2026-08-05T19:03:04Z,compare-am-gp-n3-4-16-i-adv-mysql-0,xtrabackup,18944000,load_200tps
2026-08-05T19:03:04Z,compare-am-gp-n3-4-16-i-adv-mysql-1,mysql,12359655424,load_200tps
2026-08-05T19:03:04Z,compare-am-gp-n3-4-16-i-adv-mysql-1,mysqld-exporter,15159296,load_200tps
2026-08-05T19:03:04Z,compare-am-gp-n3-4-16-i-adv-mysql-1,slow-log-tailer,6918144,load_200tps
2026-08-05T19:03:04Z,compare-am-gp-n3-4-16-i-adv-mysql-1,do-agent,-1,load_200tps
2026-08-05T19:03:04Z,compare-am-gp-n3-4-16-i-adv-mysql-1,xtrabackup,520273920,load_200tps
2026-08-05T19:03:04Z,compare-am-gp-n3-4-16-i-adv-mysql-2,mysql,13261144064,load_200tps
2026-08-05T19:03:04Z,compare-am-gp-n3-4-16-i-adv-mysql-2,mysqld-exporter,15343616,load_200tps
2026-08-05T19:03:04Z,compare-am-gp-n3-4-16-i-adv-mysql-2,slow-log-tailer,1773568,load_200tps
2026-08-05T19:03:04Z,compare-am-gp-n3-4-16-i-adv-mysql-2,do-agent,-1,load_200tps
2026-08-05T19:03:04Z,compare-am-gp-n3-4-16-i-adv-mysql-2,xtrabackup,24477696,load_200tps
2026-08-05T19:03:37Z,compare-am-gp-n3-4-16-i-adv-mysql-0,mysql,13344591872,load_200tps
2026-08-05T19:03:37Z,compare-am-gp-n3-4-16-i-adv-mysql-0,mysqld-exporter,16003072,load_200tps
2026-08-05T19:03:37Z,compare-am-gp-n3-4-16-i-adv-mysql-0,slow-log-tailer,2232320,load_200tps
2026-08-05T19:03:37Z,compare-am-gp-n3-4-16-i-adv-mysql-0,do-agent,-1,load_200tps
2026-08-05T19:03:37Z,compare-am-gp-n3-4-16-i-adv-mysql-0,xtrabackup,18751488,load_200tps
2026-08-05T19:03:37Z,compare-am-gp-n3-4-16-i-adv-mysql-1,mysql,12208541696,load_200tps
2026-08-05T19:03:37Z,compare-am-gp-n3-4-16-i-adv-mysql-1,mysqld-exporter,15015936,load_200tps
2026-08-05T19:03:37Z,compare-am-gp-n3-4-16-i-adv-mysql-1,slow-log-tailer,6696960,load_200tps
2026-08-05T19:03:37Z,compare-am-gp-n3-4-16-i-adv-mysql-1,do-agent,-1,load_200tps
2026-08-05T19:03:37Z,compare-am-gp-n3-4-16-i-adv-mysql-1,xtrabackup,520196096,load_200tps
2026-08-05T19:03:37Z,compare-am-gp-n3-4-16-i-adv-mysql-2,mysql,13258522624,load_200tps
2026-08-05T19:03:37Z,compare-am-gp-n3-4-16-i-adv-mysql-2,mysqld-exporter,15085568,load_200tps
2026-08-05T19:03:37Z,compare-am-gp-n3-4-16-i-adv-mysql-2,slow-log-tailer,1875968,load_200tps
2026-08-05T19:03:37Z,compare-am-gp-n3-4-16-i-adv-mysql-2,do-agent,-1,load_200tps
2026-08-05T19:03:37Z,compare-am-gp-n3-4-16-i-adv-mysql-2,xtrabackup,24641536,load_200tps
2026-08-05T19:04:10Z,compare-am-gp-n3-4-16-i-adv-mysql-0,mysql,13358026752,load_200tps
2026-08-05T19:04:10Z,compare-am-gp-n3-4-16-i-adv-mysql-0,mysqld-exporter,15904768,load_200tps
2026-08-05T19:04:10Z,compare-am-gp-n3-4-16-i-adv-mysql-0,slow-log-tailer,2236416,load_200tps
2026-08-05T19:04:10Z,compare-am-gp-n3-4-16-i-adv-mysql-0,do-agent,-1,load_200tps
2026-08-05T19:04:10Z,compare-am-gp-n3-4-16-i-adv-mysql-0,xtrabackup,18907136,load_200tps
2026-08-05T19:04:10Z,compare-am-gp-n3-4-16-i-adv-mysql-1,mysql,12341243904,load_200tps
2026-08-05T19:04:10Z,compare-am-gp-n3-4-16-i-adv-mysql-1,mysqld-exporter,15233024,load_200tps
2026-08-05T19:04:10Z,compare-am-gp-n3-4-16-i-adv-mysql-1,slow-log-tailer,6639616,load_200tps
2026-08-05T19:04:10Z,compare-am-gp-n3-4-16-i-adv-mysql-1,do-agent,-1,load_200tps
2026-08-05T19:04:10Z,compare-am-gp-n3-4-16-i-adv-mysql-1,xtrabackup,520400896,load_200tps
2026-08-05T19:04:10Z,compare-am-gp-n3-4-16-i-adv-mysql-2,mysql,13277286400,load_200tps
2026-08-05T19:04:10Z,compare-am-gp-n3-4-16-i-adv-mysql-2,mysqld-exporter,14999552,load_200tps
2026-08-05T19:04:10Z,compare-am-gp-n3-4-16-i-adv-mysql-2,slow-log-tailer,1921024,load_200tps
2026-08-05T19:04:10Z,compare-am-gp-n3-4-16-i-adv-mysql-2,do-agent,-1,load_200tps
2026-08-05T19:04:10Z,compare-am-gp-n3-4-16-i-adv-mysql-2,xtrabackup,24252416,load_200tps
2026-08-05T19:04:43Z,compare-am-gp-n3-4-16-i-adv-mysql-0,mysql,13347749888,load_200tps
2026-08-05T19:04:43Z,compare-am-gp-n3-4-16-i-adv-mysql-0,mysqld-exporter,15908864,load_200tps
2026-08-05T19:04:43Z,compare-am-gp-n3-4-16-i-adv-mysql-0,slow-log-tailer,2117632,load_200tps
2026-08-05T19:04:43Z,compare-am-gp-n3-4-16-i-adv-mysql-0,do-agent,-1,load_200tps
2026-08-05T19:04:43Z,compare-am-gp-n3-4-16-i-adv-mysql-0,xtrabackup,18939904,load_200tps
2026-08-05T19:04:43Z,compare-am-gp-n3-4-16-i-adv-mysql-1,mysql,12262051840,load_200tps
2026-08-05T19:04:43Z,compare-am-gp-n3-4-16-i-adv-mysql-1,mysqld-exporter,15204352,load_200tps
2026-08-05T19:04:43Z,compare-am-gp-n3-4-16-i-adv-mysql-1,slow-log-tailer,6631424,load_200tps
2026-08-05T19:04:43Z,compare-am-gp-n3-4-16-i-adv-mysql-1,do-agent,-1,load_200tps
2026-08-05T19:04:43Z,compare-am-gp-n3-4-16-i-adv-mysql-1,xtrabackup,520183808,load_200tps
2026-08-05T19:04:43Z,compare-am-gp-n3-4-16-i-adv-mysql-2,mysql,13295644672,load_200tps
2026-08-05T19:04:43Z,compare-am-gp-n3-4-16-i-adv-mysql-2,mysqld-exporter,15306752,load_200tps
2026-08-05T19:04:43Z,compare-am-gp-n3-4-16-i-adv-mysql-2,slow-log-tailer,1966080,load_200tps
2026-08-05T19:04:43Z,compare-am-gp-n3-4-16-i-adv-mysql-2,do-agent,-1,load_200tps
2026-08-05T19:04:43Z,compare-am-gp-n3-4-16-i-adv-mysql-2,xtrabackup,24449024,load_200tps
2026-08-05T19:05:16Z,compare-am-gp-n3-4-16-i-adv-mysql-0,mysql,13379997696,load_200tps
2026-08-05T19:05:16Z,compare-am-gp-n3-4-16-i-adv-mysql-0,mysqld-exporter,16347136,load_200tps
2026-08-05T19:05:16Z,compare-am-gp-n3-4-16-i-adv-mysql-0,slow-log-tailer,2039808,load_200tps
2026-08-05T19:05:16Z,compare-am-gp-n3-4-16-i-adv-mysql-0,do-agent,-1,load_200tps
2026-08-05T19:05:16Z,compare-am-gp-n3-4-16-i-adv-mysql-0,xtrabackup,18804736,load_200tps
2026-08-05T19:05:16Z,compare-am-gp-n3-4-16-i-adv-mysql-1,mysql,12336189440,load_200tps
2026-08-05T19:05:16Z,compare-am-gp-n3-4-16-i-adv-mysql-1,mysqld-exporter,15470592,load_200tps
2026-08-05T19:05:16Z,compare-am-gp-n3-4-16-i-adv-mysql-1,slow-log-tailer,6615040,load_200tps
2026-08-05T19:05:16Z,compare-am-gp-n3-4-16-i-adv-mysql-1,do-agent,-1,load_200tps
2026-08-05T19:05:16Z,compare-am-gp-n3-4-16-i-adv-mysql-1,xtrabackup,520425472,load_200tps
2026-08-05T19:05:16Z,compare-am-gp-n3-4-16-i-adv-mysql-2,mysql,13253705728,load_200tps
2026-08-05T19:05:16Z,compare-am-gp-n3-4-16-i-adv-mysql-2,mysqld-exporter,15200256,load_200tps
2026-08-05T19:05:16Z,compare-am-gp-n3-4-16-i-adv-mysql-2,slow-log-tailer,1875968,load_200tps
2026-08-05T19:05:16Z,compare-am-gp-n3-4-16-i-adv-mysql-2,do-agent,-1,load_200tps
2026-08-05T19:05:16Z,compare-am-gp-n3-4-16-i-adv-mysql-2,xtrabackup,24244224,load_200tps
2026-08-05T19:05:49Z,compare-am-gp-n3-4-16-i-adv-mysql-0,mysql,13377552384,load_200tps
2026-08-05T19:05:49Z,compare-am-gp-n3-4-16-i-adv-mysql-0,mysqld-exporter,16424960,load_200tps
2026-08-05T19:05:49Z,compare-am-gp-n3-4-16-i-adv-mysql-0,slow-log-tailer,2232320,load_200tps
2026-08-05T19:05:49Z,compare-am-gp-n3-4-16-i-adv-mysql-0,do-agent,-1,load_200tps
2026-08-05T19:05:49Z,compare-am-gp-n3-4-16-i-adv-mysql-0,xtrabackup,18776064,load_200tps
2026-08-05T19:05:49Z,compare-am-gp-n3-4-16-i-adv-mysql-1,mysql,12376584192,load_200tps
2026-08-05T19:05:49Z,compare-am-gp-n3-4-16-i-adv-mysql-1,mysqld-exporter,15462400,load_200tps
2026-08-05T19:05:49Z,compare-am-gp-n3-4-16-i-adv-mysql-1,slow-log-tailer,6586368,load_200tps
2026-08-05T19:05:49Z,compare-am-gp-n3-4-16-i-adv-mysql-1,do-agent,-1,load_200tps
2026-08-05T19:05:49Z,compare-am-gp-n3-4-16-i-adv-mysql-1,xtrabackup,520245248,load_200tps
2026-08-05T19:05:49Z,compare-am-gp-n3-4-16-i-adv-mysql-2,mysql,13264576512,load_200tps
2026-08-05T19:05:49Z,compare-am-gp-n3-4-16-i-adv-mysql-2,mysqld-exporter,15212544,load_200tps
2026-08-05T19:05:49Z,compare-am-gp-n3-4-16-i-adv-mysql-2,slow-log-tailer,1945600,load_200tps
2026-08-05T19:05:49Z,compare-am-gp-n3-4-16-i-adv-mysql-2,do-agent,-1,load_200tps
2026-08-05T19:05:49Z,compare-am-gp-n3-4-16-i-adv-mysql-2,xtrabackup,24526848,load_200tps
2026-08-05T19:06:22Z,compare-am-gp-n3-4-16-i-adv-mysql-0,mysql,13370445824,load_200tps
2026-08-05T19:06:22Z,compare-am-gp-n3-4-16-i-adv-mysql-0,mysqld-exporter,16314368,load_200tps
2026-08-05T19:06:22Z,compare-am-gp-n3-4-16-i-adv-mysql-0,slow-log-tailer,2232320,load_200tps
2026-08-05T19:06:22Z,compare-am-gp-n3-4-16-i-adv-mysql-0,do-agent,-1,load_200tps
2026-08-05T19:06:22Z,compare-am-gp-n3-4-16-i-adv-mysql-0,xtrabackup,18968576,load_200tps
2026-08-05T19:06:22Z,compare-am-gp-n3-4-16-i-adv-mysql-1,mysql,12235431936,load_200tps
2026-08-05T19:06:22Z,compare-am-gp-n3-4-16-i-adv-mysql-1,mysqld-exporter,15454208,load_200tps
2026-08-05T19:06:22Z,compare-am-gp-n3-4-16-i-adv-mysql-1,slow-log-tailer,6713344,load_200tps
2026-08-05T19:06:22Z,compare-am-gp-n3-4-16-i-adv-mysql-1,do-agent,-1,load_200tps
2026-08-05T19:06:22Z,compare-am-gp-n3-4-16-i-adv-mysql-1,xtrabackup,520458240,load_200tps
2026-08-05T19:06:22Z,compare-am-gp-n3-4-16-i-adv-mysql-2,mysql,13277351936,load_200tps
2026-08-05T19:06:22Z,compare-am-gp-n3-4-16-i-adv-mysql-2,mysqld-exporter,14835712,load_200tps
2026-08-05T19:06:22Z,compare-am-gp-n3-4-16-i-adv-mysql-2,slow-log-tailer,1945600,load_200tps
2026-08-05T19:06:22Z,compare-am-gp-n3-4-16-i-adv-mysql-2,do-agent,-1,load_200tps
2026-08-05T19:06:22Z,compare-am-gp-n3-4-16-i-adv-mysql-2,xtrabackup,24440832,load_200tps
2026-08-05T19:06:55Z,compare-am-gp-n3-4-16-i-adv-mysql-0,mysql,13384929280,load_200tps
2026-08-05T19:06:55Z,compare-am-gp-n3-4-16-i-adv-mysql-0,mysqld-exporter,15753216,load_200tps
2026-08-05T19:06:55Z,compare-am-gp-n3-4-16-i-adv-mysql-0,slow-log-tailer,2232320,load_200tps
2026-08-05T19:06:55Z,compare-am-gp-n3-4-16-i-adv-mysql-0,do-agent,-1,load_200tps
2026-08-05T19:06:55Z,compare-am-gp-n3-4-16-i-adv-mysql-0,xtrabackup,18911232,load_200tps
2026-08-05T19:06:55Z,compare-am-gp-n3-4-16-i-adv-mysql-1,mysql,12368654336,load_200tps
2026-08-05T19:06:55Z,compare-am-gp-n3-4-16-i-adv-mysql-1,mysqld-exporter,15597568,load_200tps
2026-08-05T19:06:55Z,compare-am-gp-n3-4-16-i-adv-mysql-1,slow-log-tailer,6533120,load_200tps
2026-08-05T19:06:55Z,compare-am-gp-n3-4-16-i-adv-mysql-1,do-agent,-1,load_200tps
2026-08-05T19:06:55Z,compare-am-gp-n3-4-16-i-adv-mysql-1,xtrabackup,520273920,load_200tps
2026-08-05T19:06:55Z,compare-am-gp-n3-4-16-i-adv-mysql-2,mysql,13268971520,load_200tps
2026-08-05T19:06:55Z,compare-am-gp-n3-4-16-i-adv-mysql-2,mysqld-exporter,14917632,load_200tps
2026-08-05T19:06:55Z,compare-am-gp-n3-4-16-i-adv-mysql-2,slow-log-tailer,1847296,load_200tps
2026-08-05T19:06:55Z,compare-am-gp-n3-4-16-i-adv-mysql-2,do-agent,-1,load_200tps
2026-08-05T19:06:55Z,compare-am-gp-n3-4-16-i-adv-mysql-2,xtrabackup,24481792,load_200tps
2026-08-05T19:07:28Z,compare-am-gp-n3-4-16-i-adv-mysql-0,mysql,13358432256,load_200tps
2026-08-05T19:07:28Z,compare-am-gp-n3-4-16-i-adv-mysql-0,mysqld-exporter,16113664,load_200tps
2026-08-05T19:07:28Z,compare-am-gp-n3-4-16-i-adv-mysql-0,slow-log-tailer,2252800,load_200tps
2026-08-05T19:07:28Z,compare-am-gp-n3-4-16-i-adv-mysql-0,do-agent,-1,load_200tps
2026-08-05T19:07:28Z,compare-am-gp-n3-4-16-i-adv-mysql-0,xtrabackup,18944000,load_200tps
2026-08-05T19:07:28Z,compare-am-gp-n3-4-16-i-adv-mysql-1,mysql,12320129024,load_200tps
2026-08-05T19:07:28Z,compare-am-gp-n3-4-16-i-adv-mysql-1,mysqld-exporter,15454208,load_200tps
2026-08-05T19:07:28Z,compare-am-gp-n3-4-16-i-adv-mysql-1,slow-log-tailer,6713344,load_200tps
2026-08-05T19:07:28Z,compare-am-gp-n3-4-16-i-adv-mysql-1,do-agent,-1,load_200tps
2026-08-05T19:07:28Z,compare-am-gp-n3-4-16-i-adv-mysql-1,xtrabackup,520396800,load_200tps
2026-08-05T19:07:28Z,compare-am-gp-n3-4-16-i-adv-mysql-2,mysql,13282832384,load_200tps
2026-08-05T19:07:28Z,compare-am-gp-n3-4-16-i-adv-mysql-2,mysqld-exporter,14909440,load_200tps
2026-08-05T19:07:28Z,compare-am-gp-n3-4-16-i-adv-mysql-2,slow-log-tailer,1867776,load_200tps
2026-08-05T19:07:28Z,compare-am-gp-n3-4-16-i-adv-mysql-2,do-agent,-1,load_200tps
2026-08-05T19:07:28Z,compare-am-gp-n3-4-16-i-adv-mysql-2,xtrabackup,24428544,load_200tps
2026-08-05T19:08:01Z,compare-am-gp-n3-4-16-i-adv-mysql-0,mysql,13337243648,load_50tps
2026-08-05T19:08:01Z,compare-am-gp-n3-4-16-i-adv-mysql-0,mysqld-exporter,15740928,load_50tps
2026-08-05T19:08:01Z,compare-am-gp-n3-4-16-i-adv-mysql-0,slow-log-tailer,2228224,load_50tps
2026-08-05T19:08:01Z,compare-am-gp-n3-4-16-i-adv-mysql-0,do-agent,-1,load_50tps
2026-08-05T19:08:01Z,compare-am-gp-n3-4-16-i-adv-mysql-0,xtrabackup,19070976,load_50tps
2026-08-05T19:08:01Z,compare-am-gp-n3-4-16-i-adv-mysql-1,mysql,12330614784,load_50tps
2026-08-05T19:08:01Z,compare-am-gp-n3-4-16-i-adv-mysql-1,mysqld-exporter,15613952,load_50tps
2026-08-05T19:08:01Z,compare-am-gp-n3-4-16-i-adv-mysql-1,slow-log-tailer,6705152,load_50tps
2026-08-05T19:08:01Z,compare-am-gp-n3-4-16-i-adv-mysql-1,do-agent,-1,load_50tps
2026-08-05T19:08:01Z,compare-am-gp-n3-4-16-i-adv-mysql-1,xtrabackup,520474624,load_50tps
2026-08-05T19:08:01Z,compare-am-gp-n3-4-16-i-adv-mysql-2,mysql,13147840512,load_50tps
2026-08-05T19:08:01Z,compare-am-gp-n3-4-16-i-adv-mysql-2,mysqld-exporter,15077376,load_50tps
2026-08-05T19:08:01Z,compare-am-gp-n3-4-16-i-adv-mysql-2,slow-log-tailer,1765376,load_50tps
2026-08-05T19:08:01Z,compare-am-gp-n3-4-16-i-adv-mysql-2,do-agent,-1,load_50tps
2026-08-05T19:08:01Z,compare-am-gp-n3-4-16-i-adv-mysql-2,xtrabackup,24383488,load_50tps
2026-08-05T19:08:34Z,compare-am-gp-n3-4-16-i-adv-mysql-0,mysql,13359935488,load_50tps
2026-08-05T19:08:34Z,compare-am-gp-n3-4-16-i-adv-mysql-0,mysqld-exporter,15806464,load_50tps
2026-08-05T19:08:34Z,compare-am-gp-n3-4-16-i-adv-mysql-0,slow-log-tailer,2220032,load_50tps
2026-08-05T19:08:34Z,compare-am-gp-n3-4-16-i-adv-mysql-0,do-agent,-1,load_50tps
2026-08-05T19:08:34Z,compare-am-gp-n3-4-16-i-adv-mysql-0,xtrabackup,18780160,load_50tps
2026-08-05T19:08:34Z,compare-am-gp-n3-4-16-i-adv-mysql-1,mysql,12356730880,load_50tps
2026-08-05T19:08:34Z,compare-am-gp-n3-4-16-i-adv-mysql-1,mysqld-exporter,15618048,load_50tps
2026-08-05T19:08:34Z,compare-am-gp-n3-4-16-i-adv-mysql-1,slow-log-tailer,6705152,load_50tps
2026-08-05T19:08:34Z,compare-am-gp-n3-4-16-i-adv-mysql-1,do-agent,-1,load_50tps
2026-08-05T19:08:34Z,compare-am-gp-n3-4-16-i-adv-mysql-1,xtrabackup,520556544,load_50tps
2026-08-05T19:08:34Z,compare-am-gp-n3-4-16-i-adv-mysql-2,mysql,13180293120,load_50tps
2026-08-05T19:08:34Z,compare-am-gp-n3-4-16-i-adv-mysql-2,mysqld-exporter,15065088,load_50tps
2026-08-05T19:08:34Z,compare-am-gp-n3-4-16-i-adv-mysql-2,slow-log-tailer,2318336,load_50tps
2026-08-05T19:08:34Z,compare-am-gp-n3-4-16-i-adv-mysql-2,do-agent,-1,load_50tps
2026-08-05T19:08:34Z,compare-am-gp-n3-4-16-i-adv-mysql-2,xtrabackup,24526848,load_50tps
2026-08-05T19:09:06Z,compare-am-gp-n3-4-16-i-adv-mysql-0,mysql,13328601088,load_50tps
2026-08-05T19:09:06Z,compare-am-gp-n3-4-16-i-adv-mysql-0,mysqld-exporter,15859712,load_50tps
2026-08-05T19:09:06Z,compare-am-gp-n3-4-16-i-adv-mysql-0,slow-log-tailer,2273280,load_50tps
2026-08-05T19:09:06Z,compare-am-gp-n3-4-16-i-adv-mysql-0,do-agent,-1,load_50tps
2026-08-05T19:09:06Z,compare-am-gp-n3-4-16-i-adv-mysql-0,xtrabackup,18894848,load_50tps
2026-08-05T19:09:06Z,compare-am-gp-n3-4-16-i-adv-mysql-1,mysql,12382408704,load_50tps
2026-08-05T19:09:06Z,compare-am-gp-n3-4-16-i-adv-mysql-1,mysqld-exporter,15876096,load_50tps
2026-08-05T19:09:06Z,compare-am-gp-n3-4-16-i-adv-mysql-1,slow-log-tailer,6750208,load_50tps
2026-08-05T19:09:06Z,compare-am-gp-n3-4-16-i-adv-mysql-1,do-agent,-1,load_50tps
2026-08-05T19:09:06Z,compare-am-gp-n3-4-16-i-adv-mysql-1,xtrabackup,520503296,load_50tps
2026-08-05T19:09:06Z,compare-am-gp-n3-4-16-i-adv-mysql-2,mysql,13212864512,load_50tps
2026-08-05T19:09:06Z,compare-am-gp-n3-4-16-i-adv-mysql-2,mysqld-exporter,14999552,load_50tps
2026-08-05T19:09:06Z,compare-am-gp-n3-4-16-i-adv-mysql-2,slow-log-tailer,1978368,load_50tps
2026-08-05T19:09:06Z,compare-am-gp-n3-4-16-i-adv-mysql-2,do-agent,-1,load_50tps
2026-08-05T19:09:06Z,compare-am-gp-n3-4-16-i-adv-mysql-2,xtrabackup,24383488,load_50tps
2026-08-05T19:09:39Z,compare-am-gp-n3-4-16-i-adv-mysql-0,mysql,13347557376,load_50tps
2026-08-05T19:09:39Z,compare-am-gp-n3-4-16-i-adv-mysql-0,mysqld-exporter,15720448,load_50tps
2026-08-05T19:09:39Z,compare-am-gp-n3-4-16-i-adv-mysql-0,slow-log-tailer,2686976,load_50tps
2026-08-05T19:09:39Z,compare-am-gp-n3-4-16-i-adv-mysql-0,do-agent,-1,load_50tps
2026-08-05T19:09:39Z,compare-am-gp-n3-4-16-i-adv-mysql-0,xtrabackup,19140608,load_50tps
2026-08-05T19:09:39Z,compare-am-gp-n3-4-16-i-adv-mysql-1,mysql,12381073408,load_50tps
2026-08-05T19:09:39Z,compare-am-gp-n3-4-16-i-adv-mysql-1,mysqld-exporter,15790080,load_50tps
2026-08-05T19:09:39Z,compare-am-gp-n3-4-16-i-adv-mysql-1,slow-log-tailer,6754304,load_50tps
2026-08-05T19:09:39Z,compare-am-gp-n3-4-16-i-adv-mysql-1,do-agent,-1,load_50tps
2026-08-05T19:09:39Z,compare-am-gp-n3-4-16-i-adv-mysql-1,xtrabackup,520368128,load_50tps
2026-08-05T19:09:39Z,compare-am-gp-n3-4-16-i-adv-mysql-2,mysql,13244817408,load_50tps
2026-08-05T19:09:39Z,compare-am-gp-n3-4-16-i-adv-mysql-2,mysqld-exporter,15515648,load_50tps
2026-08-05T19:09:39Z,compare-am-gp-n3-4-16-i-adv-mysql-2,slow-log-tailer,1966080,load_50tps
2026-08-05T19:09:39Z,compare-am-gp-n3-4-16-i-adv-mysql-2,do-agent,-1,load_50tps
2026-08-05T19:09:39Z,compare-am-gp-n3-4-16-i-adv-mysql-2,xtrabackup,24387584,load_50tps
2026-08-05T19:10:11Z,compare-am-gp-n3-4-16-i-adv-mysql-0,mysql,13366943744,load_50tps
2026-08-05T19:10:11Z,compare-am-gp-n3-4-16-i-adv-mysql-0,mysqld-exporter,15839232,load_50tps
2026-08-05T19:10:11Z,compare-am-gp-n3-4-16-i-adv-mysql-0,slow-log-tailer,2048000,load_50tps
2026-08-05T19:10:11Z,compare-am-gp-n3-4-16-i-adv-mysql-0,do-agent,-1,load_50tps
2026-08-05T19:10:11Z,compare-am-gp-n3-4-16-i-adv-mysql-0,xtrabackup,19058688,load_50tps
2026-08-05T19:10:11Z,compare-am-gp-n3-4-16-i-adv-mysql-1,mysql,12408078336,load_50tps
2026-08-05T19:10:11Z,compare-am-gp-n3-4-16-i-adv-mysql-1,mysqld-exporter,15306752,load_50tps
2026-08-05T19:10:11Z,compare-am-gp-n3-4-16-i-adv-mysql-1,slow-log-tailer,6742016,load_50tps
2026-08-05T19:10:11Z,compare-am-gp-n3-4-16-i-adv-mysql-1,do-agent,-1,load_50tps
2026-08-05T19:10:11Z,compare-am-gp-n3-4-16-i-adv-mysql-1,xtrabackup,520400896,load_50tps
2026-08-05T19:10:11Z,compare-am-gp-n3-4-16-i-adv-mysql-2,mysql,13255811072,load_50tps
2026-08-05T19:10:11Z,compare-am-gp-n3-4-16-i-adv-mysql-2,mysqld-exporter,15835136,load_50tps
2026-08-05T19:10:11Z,compare-am-gp-n3-4-16-i-adv-mysql-2,slow-log-tailer,1990656,load_50tps
2026-08-05T19:10:11Z,compare-am-gp-n3-4-16-i-adv-mysql-2,do-agent,-1,load_50tps
2026-08-05T19:10:11Z,compare-am-gp-n3-4-16-i-adv-mysql-2,xtrabackup,24444928,load_50tps
2026-08-05T19:10:44Z,compare-am-gp-n3-4-16-i-adv-mysql-0,mysql,13368700928,load_50tps
2026-08-05T19:10:44Z,compare-am-gp-n3-4-16-i-adv-mysql-0,mysqld-exporter,15777792,load_50tps
2026-08-05T19:10:44Z,compare-am-gp-n3-4-16-i-adv-mysql-0,slow-log-tailer,2273280,load_50tps
2026-08-05T19:10:44Z,compare-am-gp-n3-4-16-i-adv-mysql-0,do-agent,-1,load_50tps
2026-08-05T19:10:44Z,compare-am-gp-n3-4-16-i-adv-mysql-0,xtrabackup,19132416,load_50tps
2026-08-05T19:10:44Z,compare-am-gp-n3-4-16-i-adv-mysql-1,mysql,12377460736,load_50tps
2026-08-05T19:10:44Z,compare-am-gp-n3-4-16-i-adv-mysql-1,mysqld-exporter,15151104,load_50tps
2026-08-05T19:10:44Z,compare-am-gp-n3-4-16-i-adv-mysql-1,slow-log-tailer,6516736,load_50tps
2026-08-05T19:10:44Z,compare-am-gp-n3-4-16-i-adv-mysql-1,do-agent,-1,load_50tps
2026-08-05T19:10:44Z,compare-am-gp-n3-4-16-i-adv-mysql-1,xtrabackup,520654848,load_50tps
2026-08-05T19:10:44Z,compare-am-gp-n3-4-16-i-adv-mysql-2,mysql,13244870656,load_50tps
2026-08-05T19:10:44Z,compare-am-gp-n3-4-16-i-adv-mysql-2,mysqld-exporter,15249408,load_50tps
2026-08-05T19:10:44Z,compare-am-gp-n3-4-16-i-adv-mysql-2,slow-log-tailer,2273280,load_50tps
2026-08-05T19:10:44Z,compare-am-gp-n3-4-16-i-adv-mysql-2,do-agent,-1,load_50tps
2026-08-05T19:10:44Z,compare-am-gp-n3-4-16-i-adv-mysql-2,xtrabackup,24444928,load_50tps
2026-08-05T19:11:16Z,compare-am-gp-n3-4-16-i-adv-mysql-0,mysql,13375528960,load_50tps
2026-08-05T19:11:16Z,compare-am-gp-n3-4-16-i-adv-mysql-0,mysqld-exporter,15896576,load_50tps
2026-08-05T19:11:16Z,compare-am-gp-n3-4-16-i-adv-mysql-0,slow-log-tailer,2117632,load_50tps
2026-08-05T19:11:16Z,compare-am-gp-n3-4-16-i-adv-mysql-0,do-agent,-1,load_50tps
2026-08-05T19:11:16Z,compare-am-gp-n3-4-16-i-adv-mysql-0,xtrabackup,18886656,load_50tps
2026-08-05T19:11:16Z,compare-am-gp-n3-4-16-i-adv-mysql-1,mysql,12375523328,load_50tps
2026-08-05T19:11:16Z,compare-am-gp-n3-4-16-i-adv-mysql-1,mysqld-exporter,15032320,load_50tps
2026-08-05T19:11:16Z,compare-am-gp-n3-4-16-i-adv-mysql-1,slow-log-tailer,6660096,load_50tps
2026-08-05T19:11:16Z,compare-am-gp-n3-4-16-i-adv-mysql-1,do-agent,-1,load_50tps
2026-08-05T19:11:16Z,compare-am-gp-n3-4-16-i-adv-mysql-1,xtrabackup,520626176,load_50tps
2026-08-05T19:11:16Z,compare-am-gp-n3-4-16-i-adv-mysql-2,mysql,13235105792,load_50tps
2026-08-05T19:11:16Z,compare-am-gp-n3-4-16-i-adv-mysql-2,mysqld-exporter,15192064,load_50tps
2026-08-05T19:11:16Z,compare-am-gp-n3-4-16-i-adv-mysql-2,slow-log-tailer,1978368,load_50tps
2026-08-05T19:11:16Z,compare-am-gp-n3-4-16-i-adv-mysql-2,do-agent,-1,load_50tps
2026-08-05T19:11:16Z,compare-am-gp-n3-4-16-i-adv-mysql-2,xtrabackup,24203264,load_50tps
2026-08-05T19:11:49Z,compare-am-gp-n3-4-16-i-adv-mysql-0,mysql,13374578688,load_50tps
2026-08-05T19:11:49Z,compare-am-gp-n3-4-16-i-adv-mysql-0,mysqld-exporter,15872000,load_50tps
2026-08-05T19:11:49Z,compare-am-gp-n3-4-16-i-adv-mysql-0,slow-log-tailer,2125824,load_50tps
2026-08-05T19:11:49Z,compare-am-gp-n3-4-16-i-adv-mysql-0,do-agent,-1,load_50tps
2026-08-05T19:11:49Z,compare-am-gp-n3-4-16-i-adv-mysql-0,xtrabackup,18939904,load_50tps
2026-08-05T19:11:49Z,compare-am-gp-n3-4-16-i-adv-mysql-1,mysql,12143759360,load_50tps
2026-08-05T19:11:49Z,compare-am-gp-n3-4-16-i-adv-mysql-1,mysqld-exporter,15163392,load_50tps
2026-08-05T19:11:49Z,compare-am-gp-n3-4-16-i-adv-mysql-1,slow-log-tailer,6782976,load_50tps
2026-08-05T19:11:49Z,compare-am-gp-n3-4-16-i-adv-mysql-1,do-agent,-1,load_50tps
2026-08-05T19:11:49Z,compare-am-gp-n3-4-16-i-adv-mysql-1,xtrabackup,520445952,load_50tps
2026-08-05T19:11:49Z,compare-am-gp-n3-4-16-i-adv-mysql-2,mysql,13245616128,load_50tps
2026-08-05T19:11:49Z,compare-am-gp-n3-4-16-i-adv-mysql-2,mysqld-exporter,15183872,load_50tps
2026-08-05T19:11:49Z,compare-am-gp-n3-4-16-i-adv-mysql-2,slow-log-tailer,1925120,load_50tps
2026-08-05T19:11:49Z,compare-am-gp-n3-4-16-i-adv-mysql-2,do-agent,-1,load_50tps
2026-08-05T19:11:49Z,compare-am-gp-n3-4-16-i-adv-mysql-2,xtrabackup,24391680,load_50tps
2026-08-05T19:12:21Z,compare-am-gp-n3-4-16-i-adv-mysql-0,mysql,13333991424,load_50tps
2026-08-05T19:12:21Z,compare-am-gp-n3-4-16-i-adv-mysql-0,mysqld-exporter,15896576,load_50tps
2026-08-05T19:12:21Z,compare-am-gp-n3-4-16-i-adv-mysql-0,slow-log-tailer,2170880,load_50tps
2026-08-05T19:12:21Z,compare-am-gp-n3-4-16-i-adv-mysql-0,do-agent,-1,load_50tps
2026-08-05T19:12:21Z,compare-am-gp-n3-4-16-i-adv-mysql-0,xtrabackup,19103744,load_50tps
2026-08-05T19:12:21Z,compare-am-gp-n3-4-16-i-adv-mysql-1,mysql,12169150464,load_50tps
2026-08-05T19:12:21Z,compare-am-gp-n3-4-16-i-adv-mysql-1,mysqld-exporter,15183872,load_50tps
2026-08-05T19:12:21Z,compare-am-gp-n3-4-16-i-adv-mysql-1,slow-log-tailer,6549504,load_50tps
2026-08-05T19:12:21Z,compare-am-gp-n3-4-16-i-adv-mysql-1,do-agent,-1,load_50tps
2026-08-05T19:12:21Z,compare-am-gp-n3-4-16-i-adv-mysql-1,xtrabackup,520237056,load_50tps
2026-08-05T19:12:21Z,compare-am-gp-n3-4-16-i-adv-mysql-2,mysql,13241581568,load_50tps
2026-08-05T19:12:21Z,compare-am-gp-n3-4-16-i-adv-mysql-2,mysqld-exporter,15159296,load_50tps
2026-08-05T19:12:21Z,compare-am-gp-n3-4-16-i-adv-mysql-2,slow-log-tailer,1781760,load_50tps
2026-08-05T19:12:21Z,compare-am-gp-n3-4-16-i-adv-mysql-2,do-agent,-1,load_50tps
2026-08-05T19:12:21Z,compare-am-gp-n3-4-16-i-adv-mysql-2,xtrabackup,24449024,load_50tps
2026-08-05T19:12:54Z,compare-am-gp-n3-4-16-i-adv-mysql-0,mysql,13346033664,load_50tps
2026-08-05T19:12:54Z,compare-am-gp-n3-4-16-i-adv-mysql-0,mysqld-exporter,16314368,load_50tps
2026-08-05T19:12:54Z,compare-am-gp-n3-4-16-i-adv-mysql-0,slow-log-tailer,2093056,load_50tps
2026-08-05T19:12:54Z,compare-am-gp-n3-4-16-i-adv-mysql-0,do-agent,-1,load_50tps
2026-08-05T19:12:54Z,compare-am-gp-n3-4-16-i-adv-mysql-0,xtrabackup,18903040,load_50tps
2026-08-05T19:12:54Z,compare-am-gp-n3-4-16-i-adv-mysql-1,mysql,12195180544,load_50tps
2026-08-05T19:12:54Z,compare-am-gp-n3-4-16-i-adv-mysql-1,mysqld-exporter,15577088,load_50tps
2026-08-05T19:12:54Z,compare-am-gp-n3-4-16-i-adv-mysql-1,slow-log-tailer,6664192,load_50tps
2026-08-05T19:12:54Z,compare-am-gp-n3-4-16-i-adv-mysql-1,do-agent,-1,load_50tps
2026-08-05T19:12:54Z,compare-am-gp-n3-4-16-i-adv-mysql-1,xtrabackup,520388608,load_50tps
2026-08-05T19:12:54Z,compare-am-gp-n3-4-16-i-adv-mysql-2,mysql,13266112512,load_50tps
2026-08-05T19:12:54Z,compare-am-gp-n3-4-16-i-adv-mysql-2,mysqld-exporter,15187968,load_50tps
2026-08-05T19:12:54Z,compare-am-gp-n3-4-16-i-adv-mysql-2,slow-log-tailer,1851392,load_50tps
2026-08-05T19:12:54Z,compare-am-gp-n3-4-16-i-adv-mysql-2,do-agent,-1,load_50tps
2026-08-05T19:12:54Z,compare-am-gp-n3-4-16-i-adv-mysql-2,xtrabackup,24477696,load_50tps
2026-08-05T19:13:27Z,compare-am-gp-n3-4-16-i-adv-mysql-0,mysql,13344628736,load_50tps
2026-08-05T19:13:27Z,compare-am-gp-n3-4-16-i-adv-mysql-0,mysqld-exporter,16130048,load_50tps
2026-08-05T19:13:27Z,compare-am-gp-n3-4-16-i-adv-mysql-0,slow-log-tailer,2019328,load_50tps
2026-08-05T19:13:27Z,compare-am-gp-n3-4-16-i-adv-mysql-0,do-agent,-1,load_50tps
2026-08-05T19:13:27Z,compare-am-gp-n3-4-16-i-adv-mysql-0,xtrabackup,18944000,load_50tps
2026-08-05T19:13:27Z,compare-am-gp-n3-4-16-i-adv-mysql-1,mysql,12222750720,load_50tps
2026-08-05T19:13:27Z,compare-am-gp-n3-4-16-i-adv-mysql-1,mysqld-exporter,15294464,load_50tps
2026-08-05T19:13:27Z,compare-am-gp-n3-4-16-i-adv-mysql-1,slow-log-tailer,6750208,load_50tps
2026-08-05T19:13:27Z,compare-am-gp-n3-4-16-i-adv-mysql-1,do-agent,-1,load_50tps
2026-08-05T19:13:27Z,compare-am-gp-n3-4-16-i-adv-mysql-1,xtrabackup,520409088,load_50tps
2026-08-05T19:13:27Z,compare-am-gp-n3-4-16-i-adv-mysql-2,mysql,13263568896,load_50tps
2026-08-05T19:13:27Z,compare-am-gp-n3-4-16-i-adv-mysql-2,mysqld-exporter,15069184,load_50tps
2026-08-05T19:13:27Z,compare-am-gp-n3-4-16-i-adv-mysql-2,slow-log-tailer,1822720,load_50tps
2026-08-05T19:13:27Z,compare-am-gp-n3-4-16-i-adv-mysql-2,do-agent,-1,load_50tps
2026-08-05T19:13:27Z,compare-am-gp-n3-4-16-i-adv-mysql-2,xtrabackup,24375296,load_50tps
2026-08-05T19:13:59Z,compare-am-gp-n3-4-16-i-adv-mysql-0,mysql,13338546176,load_50tps
2026-08-05T19:13:59Z,compare-am-gp-n3-4-16-i-adv-mysql-0,mysqld-exporter,16322560,load_50tps
2026-08-05T19:13:59Z,compare-am-gp-n3-4-16-i-adv-mysql-0,slow-log-tailer,2306048,load_50tps
2026-08-05T19:13:59Z,compare-am-gp-n3-4-16-i-adv-mysql-0,do-agent,-1,load_50tps
2026-08-05T19:13:59Z,compare-am-gp-n3-4-16-i-adv-mysql-0,xtrabackup,19116032,load_50tps
2026-08-05T19:13:59Z,compare-am-gp-n3-4-16-i-adv-mysql-1,mysql,12246802432,load_50tps
2026-08-05T19:13:59Z,compare-am-gp-n3-4-16-i-adv-mysql-1,mysqld-exporter,15327232,load_50tps
2026-08-05T19:13:59Z,compare-am-gp-n3-4-16-i-adv-mysql-1,slow-log-tailer,6754304,load_50tps
2026-08-05T19:13:59Z,compare-am-gp-n3-4-16-i-adv-mysql-1,do-agent,-1,load_50tps
2026-08-05T19:13:59Z,compare-am-gp-n3-4-16-i-adv-mysql-1,xtrabackup,520376320,load_50tps
2026-08-05T19:13:59Z,compare-am-gp-n3-4-16-i-adv-mysql-2,mysql,13266010112,load_50tps
2026-08-05T19:13:59Z,compare-am-gp-n3-4-16-i-adv-mysql-2,mysqld-exporter,15175680,load_50tps
2026-08-05T19:13:59Z,compare-am-gp-n3-4-16-i-adv-mysql-2,slow-log-tailer,2256896,load_50tps
2026-08-05T19:13:59Z,compare-am-gp-n3-4-16-i-adv-mysql-2,do-agent,-1,load_50tps
2026-08-05T19:13:59Z,compare-am-gp-n3-4-16-i-adv-mysql-2,xtrabackup,24440832,load_50tps
2026-08-05T19:14:32Z,compare-am-gp-n3-4-16-i-adv-mysql-0,mysql,13335474176,load_50tps
2026-08-05T19:14:32Z,compare-am-gp-n3-4-16-i-adv-mysql-0,mysqld-exporter,16191488,load_50tps
2026-08-05T19:14:32Z,compare-am-gp-n3-4-16-i-adv-mysql-0,slow-log-tailer,2289664,load_50tps
2026-08-05T19:14:32Z,compare-am-gp-n3-4-16-i-adv-mysql-0,do-agent,-1,load_50tps
2026-08-05T19:14:32Z,compare-am-gp-n3-4-16-i-adv-mysql-0,xtrabackup,18743296,load_50tps
2026-08-05T19:14:32Z,compare-am-gp-n3-4-16-i-adv-mysql-1,mysql,12276219904,load_50tps
2026-08-05T19:14:32Z,compare-am-gp-n3-4-16-i-adv-mysql-1,mysqld-exporter,15302656,load_50tps
2026-08-05T19:14:32Z,compare-am-gp-n3-4-16-i-adv-mysql-1,slow-log-tailer,6475776,load_50tps
2026-08-05T19:14:32Z,compare-am-gp-n3-4-16-i-adv-mysql-1,do-agent,-1,load_50tps
2026-08-05T19:14:32Z,compare-am-gp-n3-4-16-i-adv-mysql-1,xtrabackup,520421376,load_50tps
2026-08-05T19:14:32Z,compare-am-gp-n3-4-16-i-adv-mysql-2,mysql,13246767104,load_50tps
2026-08-05T19:14:32Z,compare-am-gp-n3-4-16-i-adv-mysql-2,mysqld-exporter,15388672,load_50tps
2026-08-05T19:14:32Z,compare-am-gp-n3-4-16-i-adv-mysql-2,slow-log-tailer,1970176,load_50tps
2026-08-05T19:14:32Z,compare-am-gp-n3-4-16-i-adv-mysql-2,do-agent,-1,load_50tps
2026-08-05T19:14:32Z,compare-am-gp-n3-4-16-i-adv-mysql-2,xtrabackup,24227840,load_50tps
2026-08-05T19:15:05Z,compare-am-gp-n3-4-16-i-adv-mysql-0,mysql,13336363008,load_50tps
2026-08-05T19:15:05Z,compare-am-gp-n3-4-16-i-adv-mysql-0,mysqld-exporter,16556032,load_50tps
2026-08-05T19:15:05Z,compare-am-gp-n3-4-16-i-adv-mysql-0,slow-log-tailer,2170880,load_50tps
2026-08-05T19:15:05Z,compare-am-gp-n3-4-16-i-adv-mysql-0,do-agent,-1,load_50tps
2026-08-05T19:15:05Z,compare-am-gp-n3-4-16-i-adv-mysql-0,xtrabackup,18915328,load_50tps
2026-08-05T19:15:05Z,compare-am-gp-n3-4-16-i-adv-mysql-1,mysql,12302307328,load_50tps
2026-08-05T19:15:05Z,compare-am-gp-n3-4-16-i-adv-mysql-1,mysqld-exporter,15618048,load_50tps
2026-08-05T19:15:05Z,compare-am-gp-n3-4-16-i-adv-mysql-1,slow-log-tailer,6574080,load_50tps
2026-08-05T19:15:05Z,compare-am-gp-n3-4-16-i-adv-mysql-1,do-agent,-1,load_50tps
2026-08-05T19:15:05Z,compare-am-gp-n3-4-16-i-adv-mysql-1,xtrabackup,520458240,load_50tps
2026-08-05T19:15:05Z,compare-am-gp-n3-4-16-i-adv-mysql-2,mysql,13264347136,load_50tps
2026-08-05T19:15:05Z,compare-am-gp-n3-4-16-i-adv-mysql-2,mysqld-exporter,15183872,load_50tps
2026-08-05T19:15:05Z,compare-am-gp-n3-4-16-i-adv-mysql-2,slow-log-tailer,1863680,load_50tps
2026-08-05T19:15:05Z,compare-am-gp-n3-4-16-i-adv-mysql-2,do-agent,-1,load_50tps
2026-08-05T19:15:05Z,compare-am-gp-n3-4-16-i-adv-mysql-2,xtrabackup,24276992,load_50tps
2026-08-05T19:15:38Z,compare-am-gp-n3-4-16-i-adv-mysql-0,mysql,13326041088,load_50tps
2026-08-05T19:15:38Z,compare-am-gp-n3-4-16-i-adv-mysql-0,mysqld-exporter,16609280,load_50tps
2026-08-05T19:15:38Z,compare-am-gp-n3-4-16-i-adv-mysql-0,slow-log-tailer,2080768,load_50tps
2026-08-05T19:15:38Z,compare-am-gp-n3-4-16-i-adv-mysql-0,do-agent,-1,load_50tps
2026-08-05T19:15:38Z,compare-am-gp-n3-4-16-i-adv-mysql-0,xtrabackup,18956288,load_50tps
2026-08-05T19:15:38Z,compare-am-gp-n3-4-16-i-adv-mysql-1,mysql,12335939584,load_50tps
2026-08-05T19:15:38Z,compare-am-gp-n3-4-16-i-adv-mysql-1,mysqld-exporter,15732736,load_50tps
2026-08-05T19:15:38Z,compare-am-gp-n3-4-16-i-adv-mysql-1,slow-log-tailer,6561792,load_50tps
2026-08-05T19:15:38Z,compare-am-gp-n3-4-16-i-adv-mysql-1,do-agent,-1,load_50tps
2026-08-05T19:15:38Z,compare-am-gp-n3-4-16-i-adv-mysql-1,xtrabackup,520531968,load_50tps
2026-08-05T19:15:38Z,compare-am-gp-n3-4-16-i-adv-mysql-2,mysql,13261541376,load_50tps
2026-08-05T19:15:38Z,compare-am-gp-n3-4-16-i-adv-mysql-2,mysqld-exporter,15233024,load_50tps
2026-08-05T19:15:38Z,compare-am-gp-n3-4-16-i-adv-mysql-2,slow-log-tailer,1851392,load_50tps
2026-08-05T19:15:38Z,compare-am-gp-n3-4-16-i-adv-mysql-2,do-agent,-1,load_50tps
2026-08-05T19:15:38Z,compare-am-gp-n3-4-16-i-adv-mysql-2,xtrabackup,24236032,load_50tps
2026-08-05T19:16:10Z,compare-am-gp-n3-4-16-i-adv-mysql-0,mysql,13327310848,load_50tps
2026-08-05T19:16:10Z,compare-am-gp-n3-4-16-i-adv-mysql-0,mysqld-exporter,16506880,load_50tps
2026-08-05T19:16:10Z,compare-am-gp-n3-4-16-i-adv-mysql-0,slow-log-tailer,2101248,load_50tps
2026-08-05T19:16:10Z,compare-am-gp-n3-4-16-i-adv-mysql-0,do-agent,-1,load_50tps
2026-08-05T19:16:10Z,compare-am-gp-n3-4-16-i-adv-mysql-0,xtrabackup,18903040,load_50tps
2026-08-05T19:16:10Z,compare-am-gp-n3-4-16-i-adv-mysql-1,mysql,12368662528,load_50tps
2026-08-05T19:16:10Z,compare-am-gp-n3-4-16-i-adv-mysql-1,mysqld-exporter,15790080,load_50tps
2026-08-05T19:16:10Z,compare-am-gp-n3-4-16-i-adv-mysql-1,slow-log-tailer,6660096,load_50tps
2026-08-05T19:16:10Z,compare-am-gp-n3-4-16-i-adv-mysql-1,do-agent,-1,load_50tps
2026-08-05T19:16:10Z,compare-am-gp-n3-4-16-i-adv-mysql-1,xtrabackup,520445952,load_50tps
2026-08-05T19:16:10Z,compare-am-gp-n3-4-16-i-adv-mysql-2,mysql,13253308416,load_50tps
2026-08-05T19:16:10Z,compare-am-gp-n3-4-16-i-adv-mysql-2,mysqld-exporter,15171584,load_50tps
2026-08-05T19:16:10Z,compare-am-gp-n3-4-16-i-adv-mysql-2,slow-log-tailer,2084864,load_50tps
2026-08-05T19:16:10Z,compare-am-gp-n3-4-16-i-adv-mysql-2,do-agent,-1,load_50tps
2026-08-05T19:16:10Z,compare-am-gp-n3-4-16-i-adv-mysql-2,xtrabackup,24473600,load_50tps
2026-08-05T19:16:43Z,compare-am-gp-n3-4-16-i-adv-mysql-0,mysql,13330743296,load_50tps
2026-08-05T19:16:43Z,compare-am-gp-n3-4-16-i-adv-mysql-0,mysqld-exporter,16568320,load_50tps
2026-08-05T19:16:43Z,compare-am-gp-n3-4-16-i-adv-mysql-0,slow-log-tailer,2207744,load_50tps
2026-08-05T19:16:43Z,compare-am-gp-n3-4-16-i-adv-mysql-0,do-agent,-1,load_50tps
2026-08-05T19:16:43Z,compare-am-gp-n3-4-16-i-adv-mysql-0,xtrabackup,18903040,load_50tps
2026-08-05T19:16:43Z,compare-am-gp-n3-4-16-i-adv-mysql-1,mysql,12361760768,load_50tps
2026-08-05T19:16:43Z,compare-am-gp-n3-4-16-i-adv-mysql-1,mysqld-exporter,15601664,load_50tps
2026-08-05T19:16:43Z,compare-am-gp-n3-4-16-i-adv-mysql-1,slow-log-tailer,6705152,load_50tps
2026-08-05T19:16:43Z,compare-am-gp-n3-4-16-i-adv-mysql-1,do-agent,-1,load_50tps
2026-08-05T19:16:43Z,compare-am-gp-n3-4-16-i-adv-mysql-1,xtrabackup,520323072,load_50tps
2026-08-05T19:16:43Z,compare-am-gp-n3-4-16-i-adv-mysql-2,mysql,13235593216,load_50tps
2026-08-05T19:16:43Z,compare-am-gp-n3-4-16-i-adv-mysql-2,mysqld-exporter,15249408,load_50tps
2026-08-05T19:16:43Z,compare-am-gp-n3-4-16-i-adv-mysql-2,slow-log-tailer,1785856,load_50tps
2026-08-05T19:16:43Z,compare-am-gp-n3-4-16-i-adv-mysql-2,do-agent,-1,load_50tps
2026-08-05T19:16:43Z,compare-am-gp-n3-4-16-i-adv-mysql-2,xtrabackup,24371200,load_50tps
2026-08-05T19:17:16Z,compare-am-gp-n3-4-16-i-adv-mysql-0,mysql,13332713472,load_50tps
2026-08-05T19:17:16Z,compare-am-gp-n3-4-16-i-adv-mysql-0,mysqld-exporter,15888384,load_50tps
2026-08-05T19:17:16Z,compare-am-gp-n3-4-16-i-adv-mysql-0,slow-log-tailer,2256896,load_50tps
2026-08-05T19:17:16Z,compare-am-gp-n3-4-16-i-adv-mysql-0,do-agent,-1,load_50tps
2026-08-05T19:17:16Z,compare-am-gp-n3-4-16-i-adv-mysql-0,xtrabackup,18857984,load_50tps
2026-08-05T19:17:16Z,compare-am-gp-n3-4-16-i-adv-mysql-1,mysql,12341993472,load_50tps
2026-08-05T19:17:16Z,compare-am-gp-n3-4-16-i-adv-mysql-1,mysqld-exporter,15876096,load_50tps
2026-08-05T19:17:16Z,compare-am-gp-n3-4-16-i-adv-mysql-1,slow-log-tailer,6660096,load_50tps
2026-08-05T19:17:16Z,compare-am-gp-n3-4-16-i-adv-mysql-1,do-agent,-1,load_50tps
2026-08-05T19:17:16Z,compare-am-gp-n3-4-16-i-adv-mysql-1,xtrabackup,520183808,load_50tps
2026-08-05T19:17:16Z,compare-am-gp-n3-4-16-i-adv-mysql-2,mysql,13227823104,load_50tps
2026-08-05T19:17:16Z,compare-am-gp-n3-4-16-i-adv-mysql-2,mysqld-exporter,15630336,load_50tps
2026-08-05T19:17:16Z,compare-am-gp-n3-4-16-i-adv-mysql-2,slow-log-tailer,1835008,load_50tps
2026-08-05T19:17:16Z,compare-am-gp-n3-4-16-i-adv-mysql-2,do-agent,-1,load_50tps
2026-08-05T19:17:16Z,compare-am-gp-n3-4-16-i-adv-mysql-2,xtrabackup,24395776,load_50tps
2026-08-05T19:17:48Z,compare-am-gp-n3-4-16-i-adv-mysql-0,mysql,13324443648,load_50tps
2026-08-05T19:17:48Z,compare-am-gp-n3-4-16-i-adv-mysql-0,mysqld-exporter,16072704,load_50tps
2026-08-05T19:17:48Z,compare-am-gp-n3-4-16-i-adv-mysql-0,slow-log-tailer,2318336,load_50tps
2026-08-05T19:17:48Z,compare-am-gp-n3-4-16-i-adv-mysql-0,do-agent,-1,load_50tps
2026-08-05T19:17:48Z,compare-am-gp-n3-4-16-i-adv-mysql-0,xtrabackup,19124224,load_50tps
2026-08-05T19:17:48Z,compare-am-gp-n3-4-16-i-adv-mysql-1,mysql,12320264192,load_50tps
2026-08-05T19:17:48Z,compare-am-gp-n3-4-16-i-adv-mysql-1,mysqld-exporter,15761408,load_50tps
2026-08-05T19:17:48Z,compare-am-gp-n3-4-16-i-adv-mysql-1,slow-log-tailer,6729728,load_50tps
2026-08-05T19:17:48Z,compare-am-gp-n3-4-16-i-adv-mysql-1,do-agent,-1,load_50tps
2026-08-05T19:17:48Z,compare-am-gp-n3-4-16-i-adv-mysql-1,xtrabackup,520425472,load_50tps
2026-08-05T19:17:48Z,compare-am-gp-n3-4-16-i-adv-mysql-2,mysql,13240881152,load_50tps
2026-08-05T19:17:48Z,compare-am-gp-n3-4-16-i-adv-mysql-2,mysqld-exporter,15790080,load_50tps
2026-08-05T19:17:48Z,compare-am-gp-n3-4-16-i-adv-mysql-2,slow-log-tailer,2101248,load_50tps
2026-08-05T19:17:48Z,compare-am-gp-n3-4-16-i-adv-mysql-2,do-agent,-1,load_50tps
2026-08-05T19:17:48Z,compare-am-gp-n3-4-16-i-adv-mysql-2,xtrabackup,24449024,load_50tps
2026-08-05T19:18:20Z,compare-am-gp-n3-4-16-i-adv-mysql-0,mysql,13329580032,load_50tps
2026-08-05T19:18:20Z,compare-am-gp-n3-4-16-i-adv-mysql-0,mysqld-exporter,15998976,load_50tps
2026-08-05T19:18:20Z,compare-am-gp-n3-4-16-i-adv-mysql-0,slow-log-tailer,2330624,load_50tps
2026-08-05T19:18:20Z,compare-am-gp-n3-4-16-i-adv-mysql-0,do-agent,-1,load_50tps
2026-08-05T19:18:20Z,compare-am-gp-n3-4-16-i-adv-mysql-0,xtrabackup,18898944,load_50tps
2026-08-05T19:18:20Z,compare-am-gp-n3-4-16-i-adv-mysql-1,mysql,12274659328,load_50tps
2026-08-05T19:18:20Z,compare-am-gp-n3-4-16-i-adv-mysql-1,mysqld-exporter,15777792,load_50tps
2026-08-05T19:18:20Z,compare-am-gp-n3-4-16-i-adv-mysql-1,slow-log-tailer,6557696,load_50tps
2026-08-05T19:18:20Z,compare-am-gp-n3-4-16-i-adv-mysql-1,do-agent,-1,load_50tps
2026-08-05T19:18:20Z,compare-am-gp-n3-4-16-i-adv-mysql-1,xtrabackup,520273920,load_50tps
2026-08-05T19:18:20Z,compare-am-gp-n3-4-16-i-adv-mysql-2,mysql,13232422912,load_50tps
2026-08-05T19:18:20Z,compare-am-gp-n3-4-16-i-adv-mysql-2,mysqld-exporter,15691776,load_50tps
2026-08-05T19:18:20Z,compare-am-gp-n3-4-16-i-adv-mysql-2,slow-log-tailer,1986560,load_50tps
2026-08-05T19:18:20Z,compare-am-gp-n3-4-16-i-adv-mysql-2,do-agent,-1,load_50tps
2026-08-05T19:18:20Z,compare-am-gp-n3-4-16-i-adv-mysql-2,xtrabackup,24371200,load_50tps
2026-08-05T19:18:53Z,compare-am-gp-n3-4-16-i-adv-mysql-0,mysql,13334585344,load_50tps
2026-08-05T19:18:53Z,compare-am-gp-n3-4-16-i-adv-mysql-0,mysqld-exporter,15929344,load_50tps
2026-08-05T19:18:53Z,compare-am-gp-n3-4-16-i-adv-mysql-0,slow-log-tailer,2129920,load_50tps
2026-08-05T19:18:53Z,compare-am-gp-n3-4-16-i-adv-mysql-0,do-agent,-1,load_50tps
2026-08-05T19:18:53Z,compare-am-gp-n3-4-16-i-adv-mysql-0,xtrabackup,18993152,load_50tps
2026-08-05T19:18:53Z,compare-am-gp-n3-4-16-i-adv-mysql-1,mysql,12306325504,load_50tps
2026-08-05T19:18:53Z,compare-am-gp-n3-4-16-i-adv-mysql-1,mysqld-exporter,14909440,load_50tps
2026-08-05T19:18:53Z,compare-am-gp-n3-4-16-i-adv-mysql-1,slow-log-tailer,6762496,load_50tps
2026-08-05T19:18:53Z,compare-am-gp-n3-4-16-i-adv-mysql-1,do-agent,-1,load_50tps
2026-08-05T19:18:53Z,compare-am-gp-n3-4-16-i-adv-mysql-1,xtrabackup,520503296,load_50tps
2026-08-05T19:18:53Z,compare-am-gp-n3-4-16-i-adv-mysql-2,mysql,13219229696,load_50tps
2026-08-05T19:18:53Z,compare-am-gp-n3-4-16-i-adv-mysql-2,mysqld-exporter,15679488,load_50tps
2026-08-05T19:18:53Z,compare-am-gp-n3-4-16-i-adv-mysql-2,slow-log-tailer,2056192,load_50tps
2026-08-05T19:18:53Z,compare-am-gp-n3-4-16-i-adv-mysql-2,do-agent,-1,load_50tps
2026-08-05T19:18:53Z,compare-am-gp-n3-4-16-i-adv-mysql-2,xtrabackup,24412160,load_50tps
2026-08-05T19:19:26Z,compare-am-gp-n3-4-16-i-adv-mysql-0,mysql,13327200256,load_50tps
2026-08-05T19:19:26Z,compare-am-gp-n3-4-16-i-adv-mysql-0,mysqld-exporter,16039936,load_50tps
2026-08-05T19:19:26Z,compare-am-gp-n3-4-16-i-adv-mysql-0,slow-log-tailer,2093056,load_50tps
2026-08-05T19:19:26Z,compare-am-gp-n3-4-16-i-adv-mysql-0,do-agent,-1,load_50tps
2026-08-05T19:19:26Z,compare-am-gp-n3-4-16-i-adv-mysql-0,xtrabackup,18980864,load_50tps
2026-08-05T19:19:26Z,compare-am-gp-n3-4-16-i-adv-mysql-1,mysql,12339195904,load_50tps
2026-08-05T19:19:26Z,compare-am-gp-n3-4-16-i-adv-mysql-1,mysqld-exporter,14921728,load_50tps
2026-08-05T19:19:26Z,compare-am-gp-n3-4-16-i-adv-mysql-1,slow-log-tailer,6475776,load_50tps
2026-08-05T19:19:26Z,compare-am-gp-n3-4-16-i-adv-mysql-1,do-agent,-1,load_50tps
2026-08-05T19:19:26Z,compare-am-gp-n3-4-16-i-adv-mysql-1,xtrabackup,520396800,load_50tps
2026-08-05T19:19:26Z,compare-am-gp-n3-4-16-i-adv-mysql-2,mysql,13224148992,load_50tps
2026-08-05T19:19:26Z,compare-am-gp-n3-4-16-i-adv-mysql-2,mysqld-exporter,16146432,load_50tps
2026-08-05T19:19:26Z,compare-am-gp-n3-4-16-i-adv-mysql-2,slow-log-tailer,1785856,load_50tps
2026-08-05T19:19:26Z,compare-am-gp-n3-4-16-i-adv-mysql-2,do-agent,-1,load_50tps
2026-08-05T19:19:26Z,compare-am-gp-n3-4-16-i-adv-mysql-2,xtrabackup,24432640,load_50tps
2026-08-05T19:19:58Z,compare-am-gp-n3-4-16-i-adv-mysql-0,mysql,13331124224,load_50tps
2026-08-05T19:19:58Z,compare-am-gp-n3-4-16-i-adv-mysql-0,mysqld-exporter,16330752,load_50tps
2026-08-05T19:19:58Z,compare-am-gp-n3-4-16-i-adv-mysql-0,slow-log-tailer,2113536,load_50tps
2026-08-05T19:19:58Z,compare-am-gp-n3-4-16-i-adv-mysql-0,do-agent,-1,load_50tps
2026-08-05T19:19:58Z,compare-am-gp-n3-4-16-i-adv-mysql-0,xtrabackup,19136512,load_50tps
2026-08-05T19:19:58Z,compare-am-gp-n3-4-16-i-adv-mysql-1,mysql,12367958016,load_50tps
2026-08-05T19:19:58Z,compare-am-gp-n3-4-16-i-adv-mysql-1,mysqld-exporter,15081472,load_50tps
2026-08-05T19:19:58Z,compare-am-gp-n3-4-16-i-adv-mysql-1,slow-log-tailer,6512640,load_50tps
2026-08-05T19:19:58Z,compare-am-gp-n3-4-16-i-adv-mysql-1,do-agent,-1,load_50tps
2026-08-05T19:19:58Z,compare-am-gp-n3-4-16-i-adv-mysql-1,xtrabackup,520462336,load_50tps
2026-08-05T19:19:58Z,compare-am-gp-n3-4-16-i-adv-mysql-2,mysql,13238206464,load_50tps
2026-08-05T19:19:58Z,compare-am-gp-n3-4-16-i-adv-mysql-2,mysqld-exporter,16236544,load_50tps
2026-08-05T19:19:58Z,compare-am-gp-n3-4-16-i-adv-mysql-2,slow-log-tailer,2203648,load_50tps
2026-08-05T19:19:58Z,compare-am-gp-n3-4-16-i-adv-mysql-2,do-agent,-1,load_50tps
2026-08-05T19:19:58Z,compare-am-gp-n3-4-16-i-adv-mysql-2,xtrabackup,24236032,load_50tps
2026-08-05T19:20:31Z,compare-am-gp-n3-4-16-i-adv-mysql-0,mysql,13330997248,load_50tps
2026-08-05T19:20:31Z,compare-am-gp-n3-4-16-i-adv-mysql-0,mysqld-exporter,15998976,load_50tps
2026-08-05T19:20:31Z,compare-am-gp-n3-4-16-i-adv-mysql-0,slow-log-tailer,2256896,load_50tps
2026-08-05T19:20:31Z,compare-am-gp-n3-4-16-i-adv-mysql-0,do-agent,-1,load_50tps
2026-08-05T19:20:31Z,compare-am-gp-n3-4-16-i-adv-mysql-0,xtrabackup,18919424,load_50tps
2026-08-05T19:20:31Z,compare-am-gp-n3-4-16-i-adv-mysql-1,mysql,12367101952,load_50tps
2026-08-05T19:20:31Z,compare-am-gp-n3-4-16-i-adv-mysql-1,mysqld-exporter,15015936,load_50tps
2026-08-05T19:20:31Z,compare-am-gp-n3-4-16-i-adv-mysql-1,slow-log-tailer,6713344,load_50tps
2026-08-05T19:20:31Z,compare-am-gp-n3-4-16-i-adv-mysql-1,do-agent,-1,load_50tps
2026-08-05T19:20:31Z,compare-am-gp-n3-4-16-i-adv-mysql-1,xtrabackup,520417280,load_50tps
2026-08-05T19:20:31Z,compare-am-gp-n3-4-16-i-adv-mysql-2,mysql,13249523712,load_50tps
2026-08-05T19:20:31Z,compare-am-gp-n3-4-16-i-adv-mysql-2,mysqld-exporter,15720448,load_50tps
2026-08-05T19:20:31Z,compare-am-gp-n3-4-16-i-adv-mysql-2,slow-log-tailer,2080768,load_50tps
2026-08-05T19:20:31Z,compare-am-gp-n3-4-16-i-adv-mysql-2,do-agent,-1,load_50tps
2026-08-05T19:20:31Z,compare-am-gp-n3-4-16-i-adv-mysql-2,xtrabackup,24375296,load_50tps
2026-08-05T19:21:04Z,compare-am-gp-n3-4-16-i-adv-mysql-0,mysql,13370753024,load_50tps
2026-08-05T19:21:04Z,compare-am-gp-n3-4-16-i-adv-mysql-0,mysqld-exporter,15884288,load_50tps
2026-08-05T19:21:04Z,compare-am-gp-n3-4-16-i-adv-mysql-0,slow-log-tailer,2113536,load_50tps
2026-08-05T19:21:04Z,compare-am-gp-n3-4-16-i-adv-mysql-0,do-agent,-1,load_50tps
2026-08-05T19:21:04Z,compare-am-gp-n3-4-16-i-adv-mysql-0,xtrabackup,18919424,load_50tps
2026-08-05T19:21:04Z,compare-am-gp-n3-4-16-i-adv-mysql-1,mysql,12339290112,load_50tps
2026-08-05T19:21:04Z,compare-am-gp-n3-4-16-i-adv-mysql-1,mysqld-exporter,14909440,load_50tps
2026-08-05T19:21:04Z,compare-am-gp-n3-4-16-i-adv-mysql-1,slow-log-tailer,6524928,load_50tps
2026-08-05T19:21:04Z,compare-am-gp-n3-4-16-i-adv-mysql-1,do-agent,-1,load_50tps
2026-08-05T19:21:04Z,compare-am-gp-n3-4-16-i-adv-mysql-1,xtrabackup,520421376,load_50tps
2026-08-05T19:21:04Z,compare-am-gp-n3-4-16-i-adv-mysql-2,mysql,13255106560,load_50tps
2026-08-05T19:21:04Z,compare-am-gp-n3-4-16-i-adv-mysql-2,mysqld-exporter,15822848,load_50tps
2026-08-05T19:21:04Z,compare-am-gp-n3-4-16-i-adv-mysql-2,slow-log-tailer,1859584,load_50tps
2026-08-05T19:21:04Z,compare-am-gp-n3-4-16-i-adv-mysql-2,do-agent,-1,load_50tps
2026-08-05T19:21:04Z,compare-am-gp-n3-4-16-i-adv-mysql-2,xtrabackup,24371200,load_50tps
2026-08-05T19:21:36Z,compare-am-gp-n3-4-16-i-adv-mysql-0,mysql,13333585920,load_50tps
2026-08-05T19:21:36Z,compare-am-gp-n3-4-16-i-adv-mysql-0,mysqld-exporter,15880192,load_50tps
2026-08-05T19:21:36Z,compare-am-gp-n3-4-16-i-adv-mysql-0,slow-log-tailer,2211840,load_50tps
2026-08-05T19:21:36Z,compare-am-gp-n3-4-16-i-adv-mysql-0,do-agent,-1,load_50tps
2026-08-05T19:21:36Z,compare-am-gp-n3-4-16-i-adv-mysql-0,xtrabackup,18956288,load_50tps
2026-08-05T19:21:36Z,compare-am-gp-n3-4-16-i-adv-mysql-1,mysql,12338696192,load_50tps
2026-08-05T19:21:36Z,compare-am-gp-n3-4-16-i-adv-mysql-1,mysqld-exporter,15138816,load_50tps
2026-08-05T19:21:36Z,compare-am-gp-n3-4-16-i-adv-mysql-1,slow-log-tailer,7000064,load_50tps
2026-08-05T19:21:36Z,compare-am-gp-n3-4-16-i-adv-mysql-1,do-agent,-1,load_50tps
2026-08-05T19:21:36Z,compare-am-gp-n3-4-16-i-adv-mysql-1,xtrabackup,520433664,load_50tps
2026-08-05T19:21:36Z,compare-am-gp-n3-4-16-i-adv-mysql-2,mysql,13258428416,load_50tps
2026-08-05T19:21:36Z,compare-am-gp-n3-4-16-i-adv-mysql-2,mysqld-exporter,15179776,load_50tps
2026-08-05T19:21:36Z,compare-am-gp-n3-4-16-i-adv-mysql-2,slow-log-tailer,1773568,load_50tps
2026-08-05T19:21:36Z,compare-am-gp-n3-4-16-i-adv-mysql-2,do-agent,-1,load_50tps
2026-08-05T19:21:36Z,compare-am-gp-n3-4-16-i-adv-mysql-2,xtrabackup,24428544,load_50tps
2026-08-05T19:22:09Z,compare-am-gp-n3-4-16-i-adv-mysql-0,mysql,13335212032,load_50tps
2026-08-05T19:22:09Z,compare-am-gp-n3-4-16-i-adv-mysql-0,mysqld-exporter,15847424,load_50tps
2026-08-05T19:22:09Z,compare-am-gp-n3-4-16-i-adv-mysql-0,slow-log-tailer,2240512,load_50tps
2026-08-05T19:22:09Z,compare-am-gp-n3-4-16-i-adv-mysql-0,do-agent,-1,load_50tps
2026-08-05T19:22:09Z,compare-am-gp-n3-4-16-i-adv-mysql-0,xtrabackup,19775488,load_50tps
2026-08-05T19:22:09Z,compare-am-gp-n3-4-16-i-adv-mysql-1,mysql,12308877312,load_50tps
2026-08-05T19:22:09Z,compare-am-gp-n3-4-16-i-adv-mysql-1,mysqld-exporter,15396864,load_50tps
2026-08-05T19:22:09Z,compare-am-gp-n3-4-16-i-adv-mysql-1,slow-log-tailer,7254016,load_50tps
2026-08-05T19:22:09Z,compare-am-gp-n3-4-16-i-adv-mysql-1,do-agent,-1,load_50tps
2026-08-05T19:22:09Z,compare-am-gp-n3-4-16-i-adv-mysql-1,xtrabackup,520208384,load_50tps
2026-08-05T19:22:09Z,compare-am-gp-n3-4-16-i-adv-mysql-2,mysql,13266608128,load_50tps
2026-08-05T19:22:09Z,compare-am-gp-n3-4-16-i-adv-mysql-2,mysqld-exporter,15228928,load_50tps
2026-08-05T19:22:09Z,compare-am-gp-n3-4-16-i-adv-mysql-2,slow-log-tailer,1904640,load_50tps
2026-08-05T19:22:09Z,compare-am-gp-n3-4-16-i-adv-mysql-2,do-agent,-1,load_50tps
2026-08-05T19:22:09Z,compare-am-gp-n3-4-16-i-adv-mysql-2,xtrabackup,24219648,load_50tps
2026-08-05T19:22:41Z,compare-am-gp-n3-4-16-i-adv-mysql-0,mysql,13337915392,load_50tps
2026-08-05T19:22:41Z,compare-am-gp-n3-4-16-i-adv-mysql-0,mysqld-exporter,15933440,load_50tps
2026-08-05T19:22:41Z,compare-am-gp-n3-4-16-i-adv-mysql-0,slow-log-tailer,2236416,load_50tps
2026-08-05T19:22:41Z,compare-am-gp-n3-4-16-i-adv-mysql-0,do-agent,-1,load_50tps
2026-08-05T19:22:41Z,compare-am-gp-n3-4-16-i-adv-mysql-0,xtrabackup,18857984,load_50tps
2026-08-05T19:22:41Z,compare-am-gp-n3-4-16-i-adv-mysql-1,mysql,12257632256,load_50tps
2026-08-05T19:22:41Z,compare-am-gp-n3-4-16-i-adv-mysql-1,mysqld-exporter,15159296,load_50tps
2026-08-05T19:22:41Z,compare-am-gp-n3-4-16-i-adv-mysql-1,slow-log-tailer,6705152,load_50tps
2026-08-05T19:22:41Z,compare-am-gp-n3-4-16-i-adv-mysql-1,do-agent,-1,load_50tps
2026-08-05T19:22:41Z,compare-am-gp-n3-4-16-i-adv-mysql-1,xtrabackup,520495104,load_50tps
2026-08-05T19:22:41Z,compare-am-gp-n3-4-16-i-adv-mysql-2,mysql,13278392320,load_50tps
2026-08-05T19:22:41Z,compare-am-gp-n3-4-16-i-adv-mysql-2,mysqld-exporter,15519744,load_50tps
2026-08-05T19:22:41Z,compare-am-gp-n3-4-16-i-adv-mysql-2,slow-log-tailer,1863680,load_50tps
2026-08-05T19:22:41Z,compare-am-gp-n3-4-16-i-adv-mysql-2,do-agent,-1,load_50tps
2026-08-05T19:22:41Z,compare-am-gp-n3-4-16-i-adv-mysql-2,xtrabackup,24428544,load_50tps
2026-08-05T19:23:14Z,compare-am-gp-n3-4-16-i-adv-mysql-0,mysql,13338427392,load_50tps
2026-08-05T19:23:14Z,compare-am-gp-n3-4-16-i-adv-mysql-0,mysqld-exporter,15605760,load_50tps
2026-08-05T19:23:14Z,compare-am-gp-n3-4-16-i-adv-mysql-0,slow-log-tailer,2125824,load_50tps
2026-08-05T19:23:14Z,compare-am-gp-n3-4-16-i-adv-mysql-0,do-agent,-1,load_50tps
2026-08-05T19:23:14Z,compare-am-gp-n3-4-16-i-adv-mysql-0,xtrabackup,18993152,load_50tps
2026-08-05T19:23:14Z,compare-am-gp-n3-4-16-i-adv-mysql-1,mysql,12232601600,load_50tps
2026-08-05T19:23:14Z,compare-am-gp-n3-4-16-i-adv-mysql-1,mysqld-exporter,14929920,load_50tps
2026-08-05T19:23:14Z,compare-am-gp-n3-4-16-i-adv-mysql-1,slow-log-tailer,6668288,load_50tps
2026-08-05T19:23:14Z,compare-am-gp-n3-4-16-i-adv-mysql-1,do-agent,-1,load_50tps
2026-08-05T19:23:14Z,compare-am-gp-n3-4-16-i-adv-mysql-1,xtrabackup,520466432,load_50tps
2026-08-05T19:23:14Z,compare-am-gp-n3-4-16-i-adv-mysql-2,mysql,13258424320,load_50tps
2026-08-05T19:23:14Z,compare-am-gp-n3-4-16-i-adv-mysql-2,mysqld-exporter,15847424,load_50tps
2026-08-05T19:23:14Z,compare-am-gp-n3-4-16-i-adv-mysql-2,slow-log-tailer,1773568,load_50tps
2026-08-05T19:23:14Z,compare-am-gp-n3-4-16-i-adv-mysql-2,do-agent,-1,load_50tps
2026-08-05T19:23:14Z,compare-am-gp-n3-4-16-i-adv-mysql-2,xtrabackup,24436736,load_50tps
2026-08-05T19:23:46Z,compare-am-gp-n3-4-16-i-adv-mysql-0,mysql,13340979200,load_50tps
2026-08-05T19:23:46Z,compare-am-gp-n3-4-16-i-adv-mysql-0,mysqld-exporter,15597568,load_50tps
2026-08-05T19:23:46Z,compare-am-gp-n3-4-16-i-adv-mysql-0,slow-log-tailer,2281472,load_50tps
2026-08-05T19:23:46Z,compare-am-gp-n3-4-16-i-adv-mysql-0,do-agent,-1,load_50tps
2026-08-05T19:23:46Z,compare-am-gp-n3-4-16-i-adv-mysql-0,xtrabackup,18976768,load_50tps
2026-08-05T19:23:46Z,compare-am-gp-n3-4-16-i-adv-mysql-1,mysql,12237332480,load_50tps
2026-08-05T19:23:46Z,compare-am-gp-n3-4-16-i-adv-mysql-1,mysqld-exporter,14934016,load_50tps
2026-08-05T19:23:46Z,compare-am-gp-n3-4-16-i-adv-mysql-1,slow-log-tailer,6729728,load_50tps
2026-08-05T19:23:46Z,compare-am-gp-n3-4-16-i-adv-mysql-1,do-agent,-1,load_50tps
2026-08-05T19:23:46Z,compare-am-gp-n3-4-16-i-adv-mysql-1,xtrabackup,520335360,load_50tps
2026-08-05T19:23:46Z,compare-am-gp-n3-4-16-i-adv-mysql-2,mysql,13261471744,load_50tps
2026-08-05T19:23:46Z,compare-am-gp-n3-4-16-i-adv-mysql-2,mysqld-exporter,15851520,load_50tps
2026-08-05T19:23:46Z,compare-am-gp-n3-4-16-i-adv-mysql-2,slow-log-tailer,1798144,load_50tps
2026-08-05T19:23:46Z,compare-am-gp-n3-4-16-i-adv-mysql-2,do-agent,-1,load_50tps
2026-08-05T19:23:46Z,compare-am-gp-n3-4-16-i-adv-mysql-2,xtrabackup,24330240,load_50tps
2026-08-05T19:24:19Z,compare-am-gp-n3-4-16-i-adv-mysql-0,mysql,13346410496,load_50tps
2026-08-05T19:24:19Z,compare-am-gp-n3-4-16-i-adv-mysql-0,mysqld-exporter,15667200,load_50tps
2026-08-05T19:24:19Z,compare-am-gp-n3-4-16-i-adv-mysql-0,slow-log-tailer,2879488,load_50tps
2026-08-05T19:24:19Z,compare-am-gp-n3-4-16-i-adv-mysql-0,do-agent,-1,load_50tps
2026-08-05T19:24:19Z,compare-am-gp-n3-4-16-i-adv-mysql-0,xtrabackup,18984960,load_50tps
2026-08-05T19:24:19Z,compare-am-gp-n3-4-16-i-adv-mysql-1,mysql,12271255552,load_50tps
2026-08-05T19:24:19Z,compare-am-gp-n3-4-16-i-adv-mysql-1,mysqld-exporter,14905344,load_50tps
2026-08-05T19:24:19Z,compare-am-gp-n3-4-16-i-adv-mysql-1,slow-log-tailer,6754304,load_50tps
2026-08-05T19:24:19Z,compare-am-gp-n3-4-16-i-adv-mysql-1,do-agent,-1,load_50tps
2026-08-05T19:24:19Z,compare-am-gp-n3-4-16-i-adv-mysql-1,xtrabackup,520556544,load_50tps
2026-08-05T19:24:19Z,compare-am-gp-n3-4-16-i-adv-mysql-2,mysql,13259702272,load_50tps
2026-08-05T19:24:19Z,compare-am-gp-n3-4-16-i-adv-mysql-2,mysqld-exporter,15859712,load_50tps
2026-08-05T19:24:19Z,compare-am-gp-n3-4-16-i-adv-mysql-2,slow-log-tailer,1970176,load_50tps
2026-08-05T19:24:19Z,compare-am-gp-n3-4-16-i-adv-mysql-2,do-agent,-1,load_50tps
2026-08-05T19:24:19Z,compare-am-gp-n3-4-16-i-adv-mysql-2,xtrabackup,24444928,load_50tps
2026-08-05T19:24:51Z,compare-am-gp-n3-4-16-i-adv-mysql-0,mysql,13345603584,load_50tps
2026-08-05T19:24:51Z,compare-am-gp-n3-4-16-i-adv-mysql-0,mysqld-exporter,15925248,load_50tps
2026-08-05T19:24:51Z,compare-am-gp-n3-4-16-i-adv-mysql-0,slow-log-tailer,2138112,load_50tps
2026-08-05T19:24:51Z,compare-am-gp-n3-4-16-i-adv-mysql-0,do-agent,-1,load_50tps
2026-08-05T19:24:51Z,compare-am-gp-n3-4-16-i-adv-mysql-0,xtrabackup,18980864,load_50tps
2026-08-05T19:24:51Z,compare-am-gp-n3-4-16-i-adv-mysql-1,mysql,12301725696,load_50tps
2026-08-05T19:24:51Z,compare-am-gp-n3-4-16-i-adv-mysql-1,mysqld-exporter,15171584,load_50tps
2026-08-05T19:24:51Z,compare-am-gp-n3-4-16-i-adv-mysql-1,slow-log-tailer,6590464,load_50tps
2026-08-05T19:24:51Z,compare-am-gp-n3-4-16-i-adv-mysql-1,do-agent,-1,load_50tps
2026-08-05T19:24:51Z,compare-am-gp-n3-4-16-i-adv-mysql-1,xtrabackup,520609792,load_50tps
2026-08-05T19:24:51Z,compare-am-gp-n3-4-16-i-adv-mysql-2,mysql,13253939200,load_50tps
2026-08-05T19:24:51Z,compare-am-gp-n3-4-16-i-adv-mysql-2,mysqld-exporter,15650816,load_50tps
2026-08-05T19:24:51Z,compare-am-gp-n3-4-16-i-adv-mysql-2,slow-log-tailer,2072576,load_50tps
2026-08-05T19:24:51Z,compare-am-gp-n3-4-16-i-adv-mysql-2,do-agent,-1,load_50tps
2026-08-05T19:24:51Z,compare-am-gp-n3-4-16-i-adv-mysql-2,xtrabackup,24383488,load_50tps
2026-08-05T19:25:24Z,compare-am-gp-n3-4-16-i-adv-mysql-0,mysql,13334241280,load_50tps
2026-08-05T19:25:24Z,compare-am-gp-n3-4-16-i-adv-mysql-0,mysqld-exporter,15900672,load_50tps
2026-08-05T19:25:24Z,compare-am-gp-n3-4-16-i-adv-mysql-0,slow-log-tailer,2015232,load_50tps
2026-08-05T19:25:24Z,compare-am-gp-n3-4-16-i-adv-mysql-0,do-agent,-1,load_50tps
2026-08-05T19:25:24Z,compare-am-gp-n3-4-16-i-adv-mysql-0,xtrabackup,18956288,load_50tps
2026-08-05T19:25:24Z,compare-am-gp-n3-4-16-i-adv-mysql-1,mysql,12331634688,load_50tps
2026-08-05T19:25:24Z,compare-am-gp-n3-4-16-i-adv-mysql-1,mysqld-exporter,15028224,load_50tps
2026-08-05T19:25:24Z,compare-am-gp-n3-4-16-i-adv-mysql-1,slow-log-tailer,6488064,load_50tps
2026-08-05T19:25:24Z,compare-am-gp-n3-4-16-i-adv-mysql-1,do-agent,-1,load_50tps
2026-08-05T19:25:24Z,compare-am-gp-n3-4-16-i-adv-mysql-1,xtrabackup,520437760,load_50tps
2026-08-05T19:25:24Z,compare-am-gp-n3-4-16-i-adv-mysql-2,mysql,13277310976,load_50tps
2026-08-05T19:25:24Z,compare-am-gp-n3-4-16-i-adv-mysql-2,mysqld-exporter,15331328,load_50tps
2026-08-05T19:25:24Z,compare-am-gp-n3-4-16-i-adv-mysql-2,slow-log-tailer,1769472,load_50tps
2026-08-05T19:25:24Z,compare-am-gp-n3-4-16-i-adv-mysql-2,do-agent,-1,load_50tps
2026-08-05T19:25:24Z,compare-am-gp-n3-4-16-i-adv-mysql-2,xtrabackup,24526848,load_50tps
2026-08-05T19:25:56Z,compare-am-gp-n3-4-16-i-adv-mysql-0,mysql,13343363072,load_50tps
2026-08-05T19:25:56Z,compare-am-gp-n3-4-16-i-adv-mysql-0,mysqld-exporter,15835136,load_50tps
2026-08-05T19:25:56Z,compare-am-gp-n3-4-16-i-adv-mysql-0,slow-log-tailer,2498560,load_50tps
2026-08-05T19:25:56Z,compare-am-gp-n3-4-16-i-adv-mysql-0,do-agent,-1,load_50tps
2026-08-05T19:25:56Z,compare-am-gp-n3-4-16-i-adv-mysql-0,xtrabackup,18993152,load_50tps
2026-08-05T19:25:56Z,compare-am-gp-n3-4-16-i-adv-mysql-1,mysql,12362964992,load_50tps
2026-08-05T19:25:56Z,compare-am-gp-n3-4-16-i-adv-mysql-1,mysqld-exporter,15073280,load_50tps
2026-08-05T19:25:56Z,compare-am-gp-n3-4-16-i-adv-mysql-1,slow-log-tailer,6664192,load_50tps
2026-08-05T19:25:56Z,compare-am-gp-n3-4-16-i-adv-mysql-1,do-agent,-1,load_50tps
2026-08-05T19:25:56Z,compare-am-gp-n3-4-16-i-adv-mysql-1,xtrabackup,520536064,load_50tps
2026-08-05T19:25:56Z,compare-am-gp-n3-4-16-i-adv-mysql-2,mysql,13257715712,load_50tps
2026-08-05T19:25:56Z,compare-am-gp-n3-4-16-i-adv-mysql-2,mysqld-exporter,15671296,load_50tps
2026-08-05T19:25:56Z,compare-am-gp-n3-4-16-i-adv-mysql-2,slow-log-tailer,1847296,load_50tps
2026-08-05T19:25:56Z,compare-am-gp-n3-4-16-i-adv-mysql-2,do-agent,-1,load_50tps
2026-08-05T19:25:56Z,compare-am-gp-n3-4-16-i-adv-mysql-2,xtrabackup,24473600,load_50tps
2026-08-05T19:26:29Z,compare-am-gp-n3-4-16-i-adv-mysql-0,mysql,13347332096,load_50tps
2026-08-05T19:26:29Z,compare-am-gp-n3-4-16-i-adv-mysql-0,mysqld-exporter,15847424,load_50tps
2026-08-05T19:26:29Z,compare-am-gp-n3-4-16-i-adv-mysql-0,slow-log-tailer,2240512,load_50tps
2026-08-05T19:26:29Z,compare-am-gp-n3-4-16-i-adv-mysql-0,do-agent,-1,load_50tps
2026-08-05T19:26:29Z,compare-am-gp-n3-4-16-i-adv-mysql-0,xtrabackup,18960384,load_50tps
2026-08-05T19:26:29Z,compare-am-gp-n3-4-16-i-adv-mysql-1,mysql,12370530304,load_50tps
2026-08-05T19:26:29Z,compare-am-gp-n3-4-16-i-adv-mysql-1,mysqld-exporter,14860288,load_50tps
2026-08-05T19:26:29Z,compare-am-gp-n3-4-16-i-adv-mysql-1,slow-log-tailer,6713344,load_50tps
2026-08-05T19:26:29Z,compare-am-gp-n3-4-16-i-adv-mysql-1,do-agent,-1,load_50tps
2026-08-05T19:26:29Z,compare-am-gp-n3-4-16-i-adv-mysql-1,xtrabackup,520323072,load_50tps
2026-08-05T19:26:29Z,compare-am-gp-n3-4-16-i-adv-mysql-2,mysql,13275959296,load_50tps
2026-08-05T19:26:29Z,compare-am-gp-n3-4-16-i-adv-mysql-2,mysqld-exporter,15392768,load_50tps
2026-08-05T19:26:29Z,compare-am-gp-n3-4-16-i-adv-mysql-2,slow-log-tailer,1970176,load_50tps
2026-08-05T19:26:29Z,compare-am-gp-n3-4-16-i-adv-mysql-2,do-agent,-1,load_50tps
2026-08-05T19:26:29Z,compare-am-gp-n3-4-16-i-adv-mysql-2,xtrabackup,24399872,load_50tps
2026-08-05T19:27:01Z,compare-am-gp-n3-4-16-i-adv-mysql-0,mysql,13334179840,load_50tps
2026-08-05T19:27:01Z,compare-am-gp-n3-4-16-i-adv-mysql-0,mysqld-exporter,16498688,load_50tps
2026-08-05T19:27:01Z,compare-am-gp-n3-4-16-i-adv-mysql-0,slow-log-tailer,2105344,load_50tps
2026-08-05T19:27:01Z,compare-am-gp-n3-4-16-i-adv-mysql-0,do-agent,-1,load_50tps
2026-08-05T19:27:01Z,compare-am-gp-n3-4-16-i-adv-mysql-0,xtrabackup,18903040,load_50tps
2026-08-05T19:27:01Z,compare-am-gp-n3-4-16-i-adv-mysql-1,mysql,12345806848,load_50tps
2026-08-05T19:27:01Z,compare-am-gp-n3-4-16-i-adv-mysql-1,mysqld-exporter,15220736,load_50tps
2026-08-05T19:27:01Z,compare-am-gp-n3-4-16-i-adv-mysql-1,slow-log-tailer,6696960,load_50tps
2026-08-05T19:27:01Z,compare-am-gp-n3-4-16-i-adv-mysql-1,do-agent,-1,load_50tps
2026-08-05T19:27:01Z,compare-am-gp-n3-4-16-i-adv-mysql-1,xtrabackup,520650752,load_50tps
2026-08-05T19:27:01Z,compare-am-gp-n3-4-16-i-adv-mysql-2,mysql,13265952768,load_50tps
2026-08-05T19:27:01Z,compare-am-gp-n3-4-16-i-adv-mysql-2,mysqld-exporter,15355904,load_50tps
2026-08-05T19:27:01Z,compare-am-gp-n3-4-16-i-adv-mysql-2,slow-log-tailer,1859584,load_50tps
2026-08-05T19:27:01Z,compare-am-gp-n3-4-16-i-adv-mysql-2,do-agent,-1,load_50tps
2026-08-05T19:27:01Z,compare-am-gp-n3-4-16-i-adv-mysql-2,xtrabackup,24633344,load_50tps
2026-08-05T19:27:34Z,compare-am-gp-n3-4-16-i-adv-mysql-0,mysql,13350260736,load_50tps
2026-08-05T19:27:34Z,compare-am-gp-n3-4-16-i-adv-mysql-0,mysqld-exporter,15994880,load_50tps
2026-08-05T19:27:34Z,compare-am-gp-n3-4-16-i-adv-mysql-0,slow-log-tailer,2056192,load_50tps
2026-08-05T19:27:34Z,compare-am-gp-n3-4-16-i-adv-mysql-0,do-agent,-1,load_50tps
2026-08-05T19:27:34Z,compare-am-gp-n3-4-16-i-adv-mysql-0,xtrabackup,18915328,load_50tps
2026-08-05T19:27:34Z,compare-am-gp-n3-4-16-i-adv-mysql-1,mysql,12323528704,load_50tps
2026-08-05T19:27:34Z,compare-am-gp-n3-4-16-i-adv-mysql-1,mysqld-exporter,15155200,load_50tps
2026-08-05T19:27:34Z,compare-am-gp-n3-4-16-i-adv-mysql-1,slow-log-tailer,6795264,load_50tps
2026-08-05T19:27:34Z,compare-am-gp-n3-4-16-i-adv-mysql-1,do-agent,-1,load_50tps
2026-08-05T19:27:34Z,compare-am-gp-n3-4-16-i-adv-mysql-1,xtrabackup,520261632,load_50tps
2026-08-05T19:27:34Z,compare-am-gp-n3-4-16-i-adv-mysql-2,mysql,13277175808,load_50tps
2026-08-05T19:27:34Z,compare-am-gp-n3-4-16-i-adv-mysql-2,mysqld-exporter,15888384,load_50tps
2026-08-05T19:27:34Z,compare-am-gp-n3-4-16-i-adv-mysql-2,slow-log-tailer,1736704,load_50tps
2026-08-05T19:27:34Z,compare-am-gp-n3-4-16-i-adv-mysql-2,do-agent,-1,load_50tps
2026-08-05T19:27:34Z,compare-am-gp-n3-4-16-i-adv-mysql-2,xtrabackup,24387584,load_50tps
2026-08-05T19:28:06Z,compare-am-gp-n3-4-16-i-adv-mysql-0,mysql,13338173440,load_50tps
2026-08-05T19:28:06Z,compare-am-gp-n3-4-16-i-adv-mysql-0,mysqld-exporter,15773696,load_50tps
2026-08-05T19:28:06Z,compare-am-gp-n3-4-16-i-adv-mysql-0,slow-log-tailer,2220032,load_50tps
2026-08-05T19:28:06Z,compare-am-gp-n3-4-16-i-adv-mysql-0,do-agent,-1,load_50tps
2026-08-05T19:28:06Z,compare-am-gp-n3-4-16-i-adv-mysql-0,xtrabackup,18984960,load_50tps
2026-08-05T19:28:06Z,compare-am-gp-n3-4-16-i-adv-mysql-1,mysql,12303716352,load_50tps
2026-08-05T19:28:06Z,compare-am-gp-n3-4-16-i-adv-mysql-1,mysqld-exporter,15265792,load_50tps
2026-08-05T19:28:06Z,compare-am-gp-n3-4-16-i-adv-mysql-1,slow-log-tailer,6959104,load_50tps
2026-08-05T19:28:06Z,compare-am-gp-n3-4-16-i-adv-mysql-1,do-agent,-1,load_50tps
2026-08-05T19:28:06Z,compare-am-gp-n3-4-16-i-adv-mysql-1,xtrabackup,520429568,load_50tps
2026-08-05T19:28:06Z,compare-am-gp-n3-4-16-i-adv-mysql-2,mysql,13232017408,load_50tps
2026-08-05T19:28:06Z,compare-am-gp-n3-4-16-i-adv-mysql-2,mysqld-exporter,16044032,load_50tps
2026-08-05T19:28:06Z,compare-am-gp-n3-4-16-i-adv-mysql-2,slow-log-tailer,1966080,load_50tps
2026-08-05T19:28:06Z,compare-am-gp-n3-4-16-i-adv-mysql-2,do-agent,-1,load_50tps
2026-08-05T19:28:06Z,compare-am-gp-n3-4-16-i-adv-mysql-2,xtrabackup,24395776,load_50tps
2026-08-05T19:28:39Z,compare-am-gp-n3-4-16-i-adv-mysql-0,mysql,13334208512,load_50tps
2026-08-05T19:28:39Z,compare-am-gp-n3-4-16-i-adv-mysql-0,mysqld-exporter,15822848,load_50tps
2026-08-05T19:28:39Z,compare-am-gp-n3-4-16-i-adv-mysql-0,slow-log-tailer,2142208,load_50tps
2026-08-05T19:28:39Z,compare-am-gp-n3-4-16-i-adv-mysql-0,do-agent,-1,load_50tps
2026-08-05T19:28:39Z,compare-am-gp-n3-4-16-i-adv-mysql-0,xtrabackup,19005440,load_50tps
2026-08-05T19:28:39Z,compare-am-gp-n3-4-16-i-adv-mysql-1,mysql,12283154432,load_50tps
2026-08-05T19:28:39Z,compare-am-gp-n3-4-16-i-adv-mysql-1,mysqld-exporter,15003648,load_50tps
2026-08-05T19:28:39Z,compare-am-gp-n3-4-16-i-adv-mysql-1,slow-log-tailer,6664192,load_50tps
2026-08-05T19:28:39Z,compare-am-gp-n3-4-16-i-adv-mysql-1,do-agent,-1,load_50tps
2026-08-05T19:28:39Z,compare-am-gp-n3-4-16-i-adv-mysql-1,xtrabackup,520409088,load_50tps
2026-08-05T19:28:39Z,compare-am-gp-n3-4-16-i-adv-mysql-2,mysql,13258248192,load_50tps
2026-08-05T19:28:39Z,compare-am-gp-n3-4-16-i-adv-mysql-2,mysqld-exporter,15892480,load_50tps
2026-08-05T19:28:39Z,compare-am-gp-n3-4-16-i-adv-mysql-2,slow-log-tailer,2015232,load_50tps
2026-08-05T19:28:39Z,compare-am-gp-n3-4-16-i-adv-mysql-2,do-agent,-1,load_50tps
2026-08-05T19:28:39Z,compare-am-gp-n3-4-16-i-adv-mysql-2,xtrabackup,24387584,load_50tps
2026-08-05T19:29:11Z,compare-am-gp-n3-4-16-i-adv-mysql-0,mysql,13342670848,load_50tps
2026-08-05T19:29:11Z,compare-am-gp-n3-4-16-i-adv-mysql-0,mysqld-exporter,15921152,load_50tps
2026-08-05T19:29:11Z,compare-am-gp-n3-4-16-i-adv-mysql-0,slow-log-tailer,2224128,load_50tps
2026-08-05T19:29:11Z,compare-am-gp-n3-4-16-i-adv-mysql-0,do-agent,-1,load_50tps
2026-08-05T19:29:11Z,compare-am-gp-n3-4-16-i-adv-mysql-0,xtrabackup,18915328,load_50tps
2026-08-05T19:29:11Z,compare-am-gp-n3-4-16-i-adv-mysql-1,mysql,12211826688,load_50tps
2026-08-05T19:29:11Z,compare-am-gp-n3-4-16-i-adv-mysql-1,mysqld-exporter,16011264,load_50tps
2026-08-05T19:29:11Z,compare-am-gp-n3-4-16-i-adv-mysql-1,slow-log-tailer,6467584,load_50tps
2026-08-05T19:29:11Z,compare-am-gp-n3-4-16-i-adv-mysql-1,do-agent,-1,load_50tps
2026-08-05T19:29:11Z,compare-am-gp-n3-4-16-i-adv-mysql-1,xtrabackup,520192000,load_50tps
2026-08-05T19:29:11Z,compare-am-gp-n3-4-16-i-adv-mysql-2,mysql,13261402112,load_50tps
2026-08-05T19:29:11Z,compare-am-gp-n3-4-16-i-adv-mysql-2,mysqld-exporter,16175104,load_50tps
2026-08-05T19:29:11Z,compare-am-gp-n3-4-16-i-adv-mysql-2,slow-log-tailer,1855488,load_50tps
2026-08-05T19:29:11Z,compare-am-gp-n3-4-16-i-adv-mysql-2,do-agent,-1,load_50tps
2026-08-05T19:29:11Z,compare-am-gp-n3-4-16-i-adv-mysql-2,xtrabackup,24600576,load_50tps
2026-08-05T19:29:44Z,compare-am-gp-n3-4-16-i-adv-mysql-0,mysql,13342113792,load_50tps
2026-08-05T19:29:44Z,compare-am-gp-n3-4-16-i-adv-mysql-0,mysqld-exporter,15835136,load_50tps
2026-08-05T19:29:44Z,compare-am-gp-n3-4-16-i-adv-mysql-0,slow-log-tailer,2031616,load_50tps
2026-08-05T19:29:44Z,compare-am-gp-n3-4-16-i-adv-mysql-0,do-agent,-1,load_50tps
2026-08-05T19:29:44Z,compare-am-gp-n3-4-16-i-adv-mysql-0,xtrabackup,18829312,load_50tps
2026-08-05T19:29:44Z,compare-am-gp-n3-4-16-i-adv-mysql-1,mysql,12244828160,load_50tps
2026-08-05T19:29:44Z,compare-am-gp-n3-4-16-i-adv-mysql-1,mysqld-exporter,15544320,load_50tps
2026-08-05T19:29:44Z,compare-am-gp-n3-4-16-i-adv-mysql-1,slow-log-tailer,6717440,load_50tps
2026-08-05T19:29:44Z,compare-am-gp-n3-4-16-i-adv-mysql-1,do-agent,-1,load_50tps
2026-08-05T19:29:44Z,compare-am-gp-n3-4-16-i-adv-mysql-1,xtrabackup,520388608,load_50tps
2026-08-05T19:29:44Z,compare-am-gp-n3-4-16-i-adv-mysql-2,mysql,13266632704,load_50tps
2026-08-05T19:29:44Z,compare-am-gp-n3-4-16-i-adv-mysql-2,mysqld-exporter,15704064,load_50tps
2026-08-05T19:29:44Z,compare-am-gp-n3-4-16-i-adv-mysql-2,slow-log-tailer,1843200,load_50tps
2026-08-05T19:29:44Z,compare-am-gp-n3-4-16-i-adv-mysql-2,do-agent,-1,load_50tps
2026-08-05T19:29:44Z,compare-am-gp-n3-4-16-i-adv-mysql-2,xtrabackup,24649728,load_50tps
2026-08-05T19:30:16Z,compare-am-gp-n3-4-16-i-adv-mysql-0,mysql,13341134848,load_50tps
2026-08-05T19:30:16Z,compare-am-gp-n3-4-16-i-adv-mysql-0,mysqld-exporter,15986688,load_50tps
2026-08-05T19:30:16Z,compare-am-gp-n3-4-16-i-adv-mysql-0,slow-log-tailer,2211840,load_50tps
2026-08-05T19:30:16Z,compare-am-gp-n3-4-16-i-adv-mysql-0,do-agent,-1,load_50tps
2026-08-05T19:30:16Z,compare-am-gp-n3-4-16-i-adv-mysql-0,xtrabackup,18923520,load_50tps
2026-08-05T19:30:16Z,compare-am-gp-n3-4-16-i-adv-mysql-1,mysql,12277452800,load_50tps
2026-08-05T19:30:16Z,compare-am-gp-n3-4-16-i-adv-mysql-1,mysqld-exporter,15917056,load_50tps
2026-08-05T19:30:16Z,compare-am-gp-n3-4-16-i-adv-mysql-1,slow-log-tailer,6709248,load_50tps
2026-08-05T19:30:16Z,compare-am-gp-n3-4-16-i-adv-mysql-1,do-agent,-1,load_50tps
2026-08-05T19:30:16Z,compare-am-gp-n3-4-16-i-adv-mysql-1,xtrabackup,520364032,load_50tps
2026-08-05T19:30:16Z,compare-am-gp-n3-4-16-i-adv-mysql-2,mysql,13262327808,load_50tps
2026-08-05T19:30:16Z,compare-am-gp-n3-4-16-i-adv-mysql-2,mysqld-exporter,16044032,load_50tps
2026-08-05T19:30:16Z,compare-am-gp-n3-4-16-i-adv-mysql-2,slow-log-tailer,1826816,load_50tps
2026-08-05T19:30:16Z,compare-am-gp-n3-4-16-i-adv-mysql-2,do-agent,-1,load_50tps
2026-08-05T19:30:16Z,compare-am-gp-n3-4-16-i-adv-mysql-2,xtrabackup,24272896,load_50tps
2026-08-05T19:30:49Z,compare-am-gp-n3-4-16-i-adv-mysql-0,mysql,13337812992,load_50tps
2026-08-05T19:30:49Z,compare-am-gp-n3-4-16-i-adv-mysql-0,mysqld-exporter,15822848,load_50tps
2026-08-05T19:30:49Z,compare-am-gp-n3-4-16-i-adv-mysql-0,slow-log-tailer,2125824,load_50tps
2026-08-05T19:30:49Z,compare-am-gp-n3-4-16-i-adv-mysql-0,do-agent,-1,load_50tps
2026-08-05T19:30:49Z,compare-am-gp-n3-4-16-i-adv-mysql-0,xtrabackup,19169280,load_50tps
2026-08-05T19:30:49Z,compare-am-gp-n3-4-16-i-adv-mysql-1,mysql,12310278144,load_50tps
2026-08-05T19:30:49Z,compare-am-gp-n3-4-16-i-adv-mysql-1,mysqld-exporter,15908864,load_50tps
2026-08-05T19:30:49Z,compare-am-gp-n3-4-16-i-adv-mysql-1,slow-log-tailer,6844416,load_50tps
2026-08-05T19:30:49Z,compare-am-gp-n3-4-16-i-adv-mysql-1,do-agent,-1,load_50tps
2026-08-05T19:30:49Z,compare-am-gp-n3-4-16-i-adv-mysql-1,xtrabackup,520458240,load_50tps
2026-08-05T19:30:49Z,compare-am-gp-n3-4-16-i-adv-mysql-2,mysql,13238861824,load_50tps
2026-08-05T19:30:49Z,compare-am-gp-n3-4-16-i-adv-mysql-2,mysqld-exporter,15736832,load_50tps
2026-08-05T19:30:49Z,compare-am-gp-n3-4-16-i-adv-mysql-2,slow-log-tailer,1880064,load_50tps
2026-08-05T19:30:49Z,compare-am-gp-n3-4-16-i-adv-mysql-2,do-agent,-1,load_50tps
2026-08-05T19:30:49Z,compare-am-gp-n3-4-16-i-adv-mysql-2,xtrabackup,24367104,load_50tps
2026-08-05T19:31:21Z,compare-am-gp-n3-4-16-i-adv-mysql-0,mysql,13354991616,load_50tps
2026-08-05T19:31:21Z,compare-am-gp-n3-4-16-i-adv-mysql-0,mysqld-exporter,16150528,load_50tps
2026-08-05T19:31:21Z,compare-am-gp-n3-4-16-i-adv-mysql-0,slow-log-tailer,2215936,load_50tps
2026-08-05T19:31:21Z,compare-am-gp-n3-4-16-i-adv-mysql-0,do-agent,-1,load_50tps
2026-08-05T19:31:21Z,compare-am-gp-n3-4-16-i-adv-mysql-0,xtrabackup,18841600,load_50tps
2026-08-05T19:31:21Z,compare-am-gp-n3-4-16-i-adv-mysql-1,mysql,12344725504,load_50tps
2026-08-05T19:31:21Z,compare-am-gp-n3-4-16-i-adv-mysql-1,mysqld-exporter,15810560,load_50tps
2026-08-05T19:31:21Z,compare-am-gp-n3-4-16-i-adv-mysql-1,slow-log-tailer,6656000,load_50tps
2026-08-05T19:31:21Z,compare-am-gp-n3-4-16-i-adv-mysql-1,do-agent,-1,load_50tps
2026-08-05T19:31:21Z,compare-am-gp-n3-4-16-i-adv-mysql-1,xtrabackup,520380416,load_50tps
2026-08-05T19:31:21Z,compare-am-gp-n3-4-16-i-adv-mysql-2,mysql,13266063360,load_50tps
2026-08-05T19:31:21Z,compare-am-gp-n3-4-16-i-adv-mysql-2,mysqld-exporter,15081472,load_50tps
2026-08-05T19:31:21Z,compare-am-gp-n3-4-16-i-adv-mysql-2,slow-log-tailer,1765376,load_50tps
2026-08-05T19:31:21Z,compare-am-gp-n3-4-16-i-adv-mysql-2,do-agent,-1,load_50tps
2026-08-05T19:31:21Z,compare-am-gp-n3-4-16-i-adv-mysql-2,xtrabackup,24379392,load_50tps
2026-08-05T19:31:54Z,compare-am-gp-n3-4-16-i-adv-mysql-0,mysql,13369274368,load_50tps
2026-08-05T19:31:54Z,compare-am-gp-n3-4-16-i-adv-mysql-0,mysqld-exporter,15953920,load_50tps
2026-08-05T19:31:54Z,compare-am-gp-n3-4-16-i-adv-mysql-0,slow-log-tailer,2064384,load_50tps
2026-08-05T19:31:54Z,compare-am-gp-n3-4-16-i-adv-mysql-0,do-agent,-1,load_50tps
2026-08-05T19:31:54Z,compare-am-gp-n3-4-16-i-adv-mysql-0,xtrabackup,18915328,load_50tps
2026-08-05T19:31:54Z,compare-am-gp-n3-4-16-i-adv-mysql-1,mysql,12375752704,load_50tps
2026-08-05T19:31:54Z,compare-am-gp-n3-4-16-i-adv-mysql-1,mysqld-exporter,15835136,load_50tps
2026-08-05T19:31:54Z,compare-am-gp-n3-4-16-i-adv-mysql-1,slow-log-tailer,6717440,load_50tps
2026-08-05T19:31:54Z,compare-am-gp-n3-4-16-i-adv-mysql-1,do-agent,-1,load_50tps
2026-08-05T19:31:54Z,compare-am-gp-n3-4-16-i-adv-mysql-1,xtrabackup,520458240,load_50tps
2026-08-05T19:31:54Z,compare-am-gp-n3-4-16-i-adv-mysql-2,mysql,13268512768,load_50tps
2026-08-05T19:31:54Z,compare-am-gp-n3-4-16-i-adv-mysql-2,mysqld-exporter,15200256,load_50tps
2026-08-05T19:31:54Z,compare-am-gp-n3-4-16-i-adv-mysql-2,slow-log-tailer,1867776,load_50tps
2026-08-05T19:31:54Z,compare-am-gp-n3-4-16-i-adv-mysql-2,do-agent,-1,load_50tps
2026-08-05T19:31:54Z,compare-am-gp-n3-4-16-i-adv-mysql-2,xtrabackup,24375296,load_50tps
2026-08-05T19:32:26Z,compare-am-gp-n3-4-16-i-adv-mysql-0,mysql,13367156736,load_50tps
2026-08-05T19:32:26Z,compare-am-gp-n3-4-16-i-adv-mysql-0,mysqld-exporter,15896576,load_50tps
2026-08-05T19:32:26Z,compare-am-gp-n3-4-16-i-adv-mysql-0,slow-log-tailer,2441216,load_50tps
2026-08-05T19:32:26Z,compare-am-gp-n3-4-16-i-adv-mysql-0,do-agent,-1,load_50tps
2026-08-05T19:32:26Z,compare-am-gp-n3-4-16-i-adv-mysql-0,xtrabackup,18878464,load_50tps
2026-08-05T19:32:26Z,compare-am-gp-n3-4-16-i-adv-mysql-1,mysql,12380114944,load_50tps
2026-08-05T19:32:26Z,compare-am-gp-n3-4-16-i-adv-mysql-1,mysqld-exporter,15503360,load_50tps
2026-08-05T19:32:26Z,compare-am-gp-n3-4-16-i-adv-mysql-1,slow-log-tailer,6598656,load_50tps
2026-08-05T19:32:26Z,compare-am-gp-n3-4-16-i-adv-mysql-1,do-agent,-1,load_50tps
2026-08-05T19:32:26Z,compare-am-gp-n3-4-16-i-adv-mysql-1,xtrabackup,520376320,load_50tps
2026-08-05T19:32:26Z,compare-am-gp-n3-4-16-i-adv-mysql-2,mysql,13257281536,load_50tps
2026-08-05T19:32:26Z,compare-am-gp-n3-4-16-i-adv-mysql-2,mysqld-exporter,15192064,load_50tps
2026-08-05T19:32:26Z,compare-am-gp-n3-4-16-i-adv-mysql-2,slow-log-tailer,2023424,load_50tps
2026-08-05T19:32:26Z,compare-am-gp-n3-4-16-i-adv-mysql-2,do-agent,-1,load_50tps
2026-08-05T19:32:26Z,compare-am-gp-n3-4-16-i-adv-mysql-2,xtrabackup,24555520,load_50tps
2026-08-05T19:32:59Z,compare-am-gp-n3-4-16-i-adv-mysql-0,mysql,13374025728,load_50tps
2026-08-05T19:32:59Z,compare-am-gp-n3-4-16-i-adv-mysql-0,mysqld-exporter,15765504,load_50tps
2026-08-05T19:32:59Z,compare-am-gp-n3-4-16-i-adv-mysql-0,slow-log-tailer,2260992,load_50tps
2026-08-05T19:32:59Z,compare-am-gp-n3-4-16-i-adv-mysql-0,do-agent,-1,load_50tps
2026-08-05T19:32:59Z,compare-am-gp-n3-4-16-i-adv-mysql-0,xtrabackup,18948096,load_50tps
2026-08-05T19:32:59Z,compare-am-gp-n3-4-16-i-adv-mysql-1,mysql,12384522240,load_50tps
2026-08-05T19:32:59Z,compare-am-gp-n3-4-16-i-adv-mysql-1,mysqld-exporter,15765504,load_50tps
2026-08-05T19:32:59Z,compare-am-gp-n3-4-16-i-adv-mysql-1,slow-log-tailer,6909952,load_50tps
2026-08-05T19:32:59Z,compare-am-gp-n3-4-16-i-adv-mysql-1,do-agent,-1,load_50tps
2026-08-05T19:32:59Z,compare-am-gp-n3-4-16-i-adv-mysql-1,xtrabackup,520269824,load_50tps
2026-08-05T19:32:59Z,compare-am-gp-n3-4-16-i-adv-mysql-2,mysql,13239488512,load_50tps
2026-08-05T19:32:59Z,compare-am-gp-n3-4-16-i-adv-mysql-2,mysqld-exporter,15470592,load_50tps
2026-08-05T19:32:59Z,compare-am-gp-n3-4-16-i-adv-mysql-2,slow-log-tailer,1875968,load_50tps
2026-08-05T19:32:59Z,compare-am-gp-n3-4-16-i-adv-mysql-2,do-agent,-1,load_50tps
2026-08-05T19:32:59Z,compare-am-gp-n3-4-16-i-adv-mysql-2,xtrabackup,25174016,load_50tps
2026-08-05T19:33:32Z,compare-am-gp-n3-4-16-i-adv-mysql-0,mysql,13375356928,load_50tps
2026-08-05T19:33:32Z,compare-am-gp-n3-4-16-i-adv-mysql-0,mysqld-exporter,15802368,load_50tps
2026-08-05T19:33:32Z,compare-am-gp-n3-4-16-i-adv-mysql-0,slow-log-tailer,2236416,load_50tps
2026-08-05T19:33:32Z,compare-am-gp-n3-4-16-i-adv-mysql-0,do-agent,-1,load_50tps
2026-08-05T19:33:32Z,compare-am-gp-n3-4-16-i-adv-mysql-0,xtrabackup,18984960,load_50tps
2026-08-05T19:33:32Z,compare-am-gp-n3-4-16-i-adv-mysql-1,mysql,12307939328,load_50tps
2026-08-05T19:33:32Z,compare-am-gp-n3-4-16-i-adv-mysql-1,mysqld-exporter,15728640,load_50tps
2026-08-05T19:33:32Z,compare-am-gp-n3-4-16-i-adv-mysql-1,slow-log-tailer,6508544,load_50tps
2026-08-05T19:33:32Z,compare-am-gp-n3-4-16-i-adv-mysql-1,do-agent,-1,load_50tps
2026-08-05T19:33:32Z,compare-am-gp-n3-4-16-i-adv-mysql-1,xtrabackup,520445952,load_50tps
2026-08-05T19:33:32Z,compare-am-gp-n3-4-16-i-adv-mysql-2,mysql,13230473216,load_50tps
2026-08-05T19:33:32Z,compare-am-gp-n3-4-16-i-adv-mysql-2,mysqld-exporter,15503360,load_50tps
2026-08-05T19:33:32Z,compare-am-gp-n3-4-16-i-adv-mysql-2,slow-log-tailer,1785856,load_50tps
2026-08-05T19:33:32Z,compare-am-gp-n3-4-16-i-adv-mysql-2,do-agent,-1,load_50tps
2026-08-05T19:33:32Z,compare-am-gp-n3-4-16-i-adv-mysql-2,xtrabackup,24453120,load_50tps
2026-08-05T19:34:05Z,compare-am-gp-n3-4-16-i-adv-mysql-0,mysql,13339815936,load_50tps
2026-08-05T19:34:05Z,compare-am-gp-n3-4-16-i-adv-mysql-0,mysqld-exporter,15917056,load_50tps
2026-08-05T19:34:05Z,compare-am-gp-n3-4-16-i-adv-mysql-0,slow-log-tailer,2191360,load_50tps
2026-08-05T19:34:05Z,compare-am-gp-n3-4-16-i-adv-mysql-0,do-agent,-1,load_50tps
2026-08-05T19:34:05Z,compare-am-gp-n3-4-16-i-adv-mysql-0,xtrabackup,19107840,load_50tps
2026-08-05T19:34:05Z,compare-am-gp-n3-4-16-i-adv-mysql-1,mysql,12076343296,load_50tps
2026-08-05T19:34:05Z,compare-am-gp-n3-4-16-i-adv-mysql-1,mysqld-exporter,15847424,load_50tps
2026-08-05T19:34:05Z,compare-am-gp-n3-4-16-i-adv-mysql-1,slow-log-tailer,7000064,load_50tps
2026-08-05T19:34:05Z,compare-am-gp-n3-4-16-i-adv-mysql-1,do-agent,-1,load_50tps
2026-08-05T19:34:05Z,compare-am-gp-n3-4-16-i-adv-mysql-1,xtrabackup,520445952,load_50tps
2026-08-05T19:34:05Z,compare-am-gp-n3-4-16-i-adv-mysql-2,mysql,13242806272,load_50tps
2026-08-05T19:34:05Z,compare-am-gp-n3-4-16-i-adv-mysql-2,mysqld-exporter,15298560,load_50tps
2026-08-05T19:34:05Z,compare-am-gp-n3-4-16-i-adv-mysql-2,slow-log-tailer,1777664,load_50tps
2026-08-05T19:34:05Z,compare-am-gp-n3-4-16-i-adv-mysql-2,do-agent,-1,load_50tps
2026-08-05T19:34:05Z,compare-am-gp-n3-4-16-i-adv-mysql-2,xtrabackup,24383488,load_50tps
2026-08-05T19:34:37Z,compare-am-gp-n3-4-16-i-adv-mysql-0,mysql,13333319680,load_50tps
2026-08-05T19:34:37Z,compare-am-gp-n3-4-16-i-adv-mysql-0,mysqld-exporter,15884288,load_50tps
2026-08-05T19:34:37Z,compare-am-gp-n3-4-16-i-adv-mysql-0,slow-log-tailer,2027520,load_50tps
2026-08-05T19:34:37Z,compare-am-gp-n3-4-16-i-adv-mysql-0,do-agent,-1,load_50tps
2026-08-05T19:34:37Z,compare-am-gp-n3-4-16-i-adv-mysql-0,xtrabackup,19079168,load_50tps
2026-08-05T19:34:37Z,compare-am-gp-n3-4-16-i-adv-mysql-1,mysql,12107026432,load_50tps
2026-08-05T19:34:37Z,compare-am-gp-n3-4-16-i-adv-mysql-1,mysqld-exporter,15785984,load_50tps
2026-08-05T19:34:37Z,compare-am-gp-n3-4-16-i-adv-mysql-1,slow-log-tailer,6885376,load_50tps
2026-08-05T19:34:37Z,compare-am-gp-n3-4-16-i-adv-mysql-1,do-agent,-1,load_50tps
2026-08-05T19:34:37Z,compare-am-gp-n3-4-16-i-adv-mysql-1,xtrabackup,520417280,load_50tps
2026-08-05T19:34:37Z,compare-am-gp-n3-4-16-i-adv-mysql-2,mysql,13267570688,load_50tps
2026-08-05T19:34:37Z,compare-am-gp-n3-4-16-i-adv-mysql-2,mysqld-exporter,15392768,load_50tps
2026-08-05T19:34:37Z,compare-am-gp-n3-4-16-i-adv-mysql-2,slow-log-tailer,2080768,load_50tps
2026-08-05T19:34:37Z,compare-am-gp-n3-4-16-i-adv-mysql-2,do-agent,-1,load_50tps
2026-08-05T19:34:37Z,compare-am-gp-n3-4-16-i-adv-mysql-2,xtrabackup,24203264,load_50tps
2026-08-05T19:35:10Z,compare-am-gp-n3-4-16-i-adv-mysql-0,mysql,13345837056,load_50tps
2026-08-05T19:35:10Z,compare-am-gp-n3-4-16-i-adv-mysql-0,mysqld-exporter,16359424,load_50tps
2026-08-05T19:35:10Z,compare-am-gp-n3-4-16-i-adv-mysql-0,slow-log-tailer,2408448,load_50tps
2026-08-05T19:35:10Z,compare-am-gp-n3-4-16-i-adv-mysql-0,do-agent,-1,load_50tps
2026-08-05T19:35:10Z,compare-am-gp-n3-4-16-i-adv-mysql-0,xtrabackup,18898944,load_50tps
2026-08-05T19:35:10Z,compare-am-gp-n3-4-16-i-adv-mysql-1,mysql,12138983424,load_50tps
2026-08-05T19:35:10Z,compare-am-gp-n3-4-16-i-adv-mysql-1,mysqld-exporter,15323136,load_50tps
2026-08-05T19:35:10Z,compare-am-gp-n3-4-16-i-adv-mysql-1,slow-log-tailer,6574080,load_50tps
2026-08-05T19:35:10Z,compare-am-gp-n3-4-16-i-adv-mysql-1,do-agent,-1,load_50tps
2026-08-05T19:35:10Z,compare-am-gp-n3-4-16-i-adv-mysql-1,xtrabackup,520364032,load_50tps
2026-08-05T19:35:10Z,compare-am-gp-n3-4-16-i-adv-mysql-2,mysql,13236940800,load_50tps
2026-08-05T19:35:10Z,compare-am-gp-n3-4-16-i-adv-mysql-2,mysqld-exporter,15216640,load_50tps
2026-08-05T19:35:10Z,compare-am-gp-n3-4-16-i-adv-mysql-2,slow-log-tailer,2310144,load_50tps
2026-08-05T19:35:10Z,compare-am-gp-n3-4-16-i-adv-mysql-2,do-agent,-1,load_50tps
2026-08-05T19:35:10Z,compare-am-gp-n3-4-16-i-adv-mysql-2,xtrabackup,24440832,load_50tps
2026-08-05T19:35:43Z,compare-am-gp-n3-4-16-i-adv-mysql-0,mysql,13339389952,load_50tps
2026-08-05T19:35:43Z,compare-am-gp-n3-4-16-i-adv-mysql-0,mysqld-exporter,16355328,load_50tps
2026-08-05T19:35:43Z,compare-am-gp-n3-4-16-i-adv-mysql-0,slow-log-tailer,2105344,load_50tps
2026-08-05T19:35:43Z,compare-am-gp-n3-4-16-i-adv-mysql-0,do-agent,-1,load_50tps
2026-08-05T19:35:43Z,compare-am-gp-n3-4-16-i-adv-mysql-0,xtrabackup,19099648,load_50tps
2026-08-05T19:35:43Z,compare-am-gp-n3-4-16-i-adv-mysql-1,mysql,12172451840,load_50tps
2026-08-05T19:35:43Z,compare-am-gp-n3-4-16-i-adv-mysql-1,mysqld-exporter,15429632,load_50tps
2026-08-05T19:35:43Z,compare-am-gp-n3-4-16-i-adv-mysql-1,slow-log-tailer,6516736,load_50tps
2026-08-05T19:35:43Z,compare-am-gp-n3-4-16-i-adv-mysql-1,do-agent,-1,load_50tps
2026-08-05T19:35:43Z,compare-am-gp-n3-4-16-i-adv-mysql-1,xtrabackup,520478720,load_50tps
2026-08-05T19:35:43Z,compare-am-gp-n3-4-16-i-adv-mysql-2,mysql,13242613760,load_50tps
2026-08-05T19:35:43Z,compare-am-gp-n3-4-16-i-adv-mysql-2,mysqld-exporter,15335424,load_50tps
2026-08-05T19:35:43Z,compare-am-gp-n3-4-16-i-adv-mysql-2,slow-log-tailer,1773568,load_50tps
2026-08-05T19:35:43Z,compare-am-gp-n3-4-16-i-adv-mysql-2,do-agent,-1,load_50tps
2026-08-05T19:35:43Z,compare-am-gp-n3-4-16-i-adv-mysql-2,xtrabackup,24211456,load_50tps
2026-08-05T19:36:16Z,compare-am-gp-n3-4-16-i-adv-mysql-0,mysql,13344423936,load_50tps
2026-08-05T19:36:16Z,compare-am-gp-n3-4-16-i-adv-mysql-0,mysqld-exporter,16273408,load_50tps
2026-08-05T19:36:16Z,compare-am-gp-n3-4-16-i-adv-mysql-0,slow-log-tailer,2273280,load_50tps
2026-08-05T19:36:16Z,compare-am-gp-n3-4-16-i-adv-mysql-0,do-agent,-1,load_50tps
2026-08-05T19:36:16Z,compare-am-gp-n3-4-16-i-adv-mysql-0,xtrabackup,19148800,load_50tps
2026-08-05T19:36:16Z,compare-am-gp-n3-4-16-i-adv-mysql-1,mysql,12205424640,load_50tps
2026-08-05T19:36:16Z,compare-am-gp-n3-4-16-i-adv-mysql-1,mysqld-exporter,15499264,load_50tps
2026-08-05T19:36:16Z,compare-am-gp-n3-4-16-i-adv-mysql-1,slow-log-tailer,6541312,load_50tps
2026-08-05T19:36:16Z,compare-am-gp-n3-4-16-i-adv-mysql-1,do-agent,-1,load_50tps
2026-08-05T19:36:16Z,compare-am-gp-n3-4-16-i-adv-mysql-1,xtrabackup,520450048,load_50tps
2026-08-05T19:36:16Z,compare-am-gp-n3-4-16-i-adv-mysql-2,mysql,13222002688,load_50tps
2026-08-05T19:36:16Z,compare-am-gp-n3-4-16-i-adv-mysql-2,mysqld-exporter,15245312,load_50tps
2026-08-05T19:36:16Z,compare-am-gp-n3-4-16-i-adv-mysql-2,slow-log-tailer,2019328,load_50tps
2026-08-05T19:36:16Z,compare-am-gp-n3-4-16-i-adv-mysql-2,do-agent,-1,load_50tps
2026-08-05T19:36:16Z,compare-am-gp-n3-4-16-i-adv-mysql-2,xtrabackup,24412160,load_50tps
2026-08-05T19:36:48Z,compare-am-gp-n3-4-16-i-adv-mysql-0,mysql,13332434944,load_50tps
2026-08-05T19:36:48Z,compare-am-gp-n3-4-16-i-adv-mysql-0,mysqld-exporter,16379904,load_50tps
2026-08-05T19:36:48Z,compare-am-gp-n3-4-16-i-adv-mysql-0,slow-log-tailer,2248704,load_50tps
2026-08-05T19:36:48Z,compare-am-gp-n3-4-16-i-adv-mysql-0,do-agent,-1,load_50tps
2026-08-05T19:36:48Z,compare-am-gp-n3-4-16-i-adv-mysql-0,xtrabackup,18968576,load_50tps
2026-08-05T19:36:48Z,compare-am-gp-n3-4-16-i-adv-mysql-1,mysql,12238266368,load_50tps
2026-08-05T19:36:48Z,compare-am-gp-n3-4-16-i-adv-mysql-1,mysqld-exporter,15331328,load_50tps
2026-08-05T19:36:48Z,compare-am-gp-n3-4-16-i-adv-mysql-1,slow-log-tailer,6459392,load_50tps
2026-08-05T19:36:48Z,compare-am-gp-n3-4-16-i-adv-mysql-1,do-agent,-1,load_50tps
2026-08-05T19:36:48Z,compare-am-gp-n3-4-16-i-adv-mysql-1,xtrabackup,520486912,load_50tps
2026-08-05T19:36:48Z,compare-am-gp-n3-4-16-i-adv-mysql-2,mysql,13214928896,load_50tps
2026-08-05T19:36:48Z,compare-am-gp-n3-4-16-i-adv-mysql-2,mysqld-exporter,15360000,load_50tps
2026-08-05T19:36:48Z,compare-am-gp-n3-4-16-i-adv-mysql-2,slow-log-tailer,2064384,load_50tps
2026-08-05T19:36:48Z,compare-am-gp-n3-4-16-i-adv-mysql-2,do-agent,-1,load_50tps
2026-08-05T19:36:48Z,compare-am-gp-n3-4-16-i-adv-mysql-2,xtrabackup,24502272,load_50tps
2026-08-05T19:37:21Z,compare-am-gp-n3-4-16-i-adv-mysql-0,mysql,13375361024,load_50tps
2026-08-05T19:37:21Z,compare-am-gp-n3-4-16-i-adv-mysql-0,mysqld-exporter,16797696,load_50tps
2026-08-05T19:37:21Z,compare-am-gp-n3-4-16-i-adv-mysql-0,slow-log-tailer,2265088,load_50tps
2026-08-05T19:37:21Z,compare-am-gp-n3-4-16-i-adv-mysql-0,do-agent,-1,load_50tps
2026-08-05T19:37:21Z,compare-am-gp-n3-4-16-i-adv-mysql-0,xtrabackup,18907136,load_50tps
2026-08-05T19:37:21Z,compare-am-gp-n3-4-16-i-adv-mysql-1,mysql,12271091712,load_50tps
2026-08-05T19:37:21Z,compare-am-gp-n3-4-16-i-adv-mysql-1,mysqld-exporter,15720448,load_50tps
2026-08-05T19:37:21Z,compare-am-gp-n3-4-16-i-adv-mysql-1,slow-log-tailer,6656000,load_50tps
2026-08-05T19:37:21Z,compare-am-gp-n3-4-16-i-adv-mysql-1,do-agent,-1,load_50tps
2026-08-05T19:37:21Z,compare-am-gp-n3-4-16-i-adv-mysql-1,xtrabackup,520486912,load_50tps
2026-08-05T19:37:21Z,compare-am-gp-n3-4-16-i-adv-mysql-2,mysql,13228576768,load_50tps
2026-08-05T19:37:21Z,compare-am-gp-n3-4-16-i-adv-mysql-2,mysqld-exporter,15622144,load_50tps
2026-08-05T19:37:21Z,compare-am-gp-n3-4-16-i-adv-mysql-2,slow-log-tailer,2195456,load_50tps
2026-08-05T19:37:21Z,compare-am-gp-n3-4-16-i-adv-mysql-2,do-agent,-1,load_50tps
2026-08-05T19:37:21Z,compare-am-gp-n3-4-16-i-adv-mysql-2,xtrabackup,24375296,load_50tps
2026-08-05T19:37:53Z,compare-am-gp-n3-4-16-i-adv-mysql-0,mysql,13333389312,load_50tps
2026-08-05T19:37:53Z,compare-am-gp-n3-4-16-i-adv-mysql-0,mysqld-exporter,16715776,load_50tps
2026-08-05T19:37:53Z,compare-am-gp-n3-4-16-i-adv-mysql-0,slow-log-tailer,2039808,load_50tps
2026-08-05T19:37:53Z,compare-am-gp-n3-4-16-i-adv-mysql-0,do-agent,-1,load_50tps
2026-08-05T19:37:53Z,compare-am-gp-n3-4-16-i-adv-mysql-0,xtrabackup,18903040,load_50tps
2026-08-05T19:37:53Z,compare-am-gp-n3-4-16-i-adv-mysql-1,mysql,12277641216,load_50tps
2026-08-05T19:37:53Z,compare-am-gp-n3-4-16-i-adv-mysql-1,mysqld-exporter,15978496,load_50tps
2026-08-05T19:37:53Z,compare-am-gp-n3-4-16-i-adv-mysql-1,slow-log-tailer,6615040,load_50tps
2026-08-05T19:37:53Z,compare-am-gp-n3-4-16-i-adv-mysql-1,do-agent,-1,load_50tps
2026-08-05T19:37:53Z,compare-am-gp-n3-4-16-i-adv-mysql-1,xtrabackup,520417280,load_50tps
2026-08-05T19:37:53Z,compare-am-gp-n3-4-16-i-adv-mysql-2,mysql,13228621824,load_50tps
2026-08-05T19:37:53Z,compare-am-gp-n3-4-16-i-adv-mysql-2,mysqld-exporter,15622144,load_50tps
2026-08-05T19:37:53Z,compare-am-gp-n3-4-16-i-adv-mysql-2,slow-log-tailer,1777664,load_50tps
2026-08-05T19:37:53Z,compare-am-gp-n3-4-16-i-adv-mysql-2,do-agent,-1,load_50tps
2026-08-05T19:37:53Z,compare-am-gp-n3-4-16-i-adv-mysql-2,xtrabackup,24461312,load_50tps
2026-08-05T19:38:26Z,compare-am-gp-n3-4-16-i-adv-mysql-0,mysql,13332258816,cooldown_50_100
2026-08-05T19:38:26Z,compare-am-gp-n3-4-16-i-adv-mysql-0,mysqld-exporter,16953344,cooldown_50_100
2026-08-05T19:38:26Z,compare-am-gp-n3-4-16-i-adv-mysql-0,slow-log-tailer,2129920,cooldown_50_100
2026-08-05T19:38:26Z,compare-am-gp-n3-4-16-i-adv-mysql-0,do-agent,-1,cooldown_50_100
2026-08-05T19:38:26Z,compare-am-gp-n3-4-16-i-adv-mysql-0,xtrabackup,18931712,cooldown_50_100
2026-08-05T19:38:26Z,compare-am-gp-n3-4-16-i-adv-mysql-1,mysql,12309868544,cooldown_50_100
2026-08-05T19:38:26Z,compare-am-gp-n3-4-16-i-adv-mysql-1,mysqld-exporter,15699968,cooldown_50_100
2026-08-05T19:38:26Z,compare-am-gp-n3-4-16-i-adv-mysql-1,slow-log-tailer,6742016,cooldown_50_100
2026-08-05T19:38:26Z,compare-am-gp-n3-4-16-i-adv-mysql-1,do-agent,-1,cooldown_50_100
2026-08-05T19:38:26Z,compare-am-gp-n3-4-16-i-adv-mysql-1,xtrabackup,520192000,cooldown_50_100
2026-08-05T19:38:26Z,compare-am-gp-n3-4-16-i-adv-mysql-2,mysql,13252648960,cooldown_50_100
2026-08-05T19:38:26Z,compare-am-gp-n3-4-16-i-adv-mysql-2,mysqld-exporter,15286272,cooldown_50_100
2026-08-05T19:38:26Z,compare-am-gp-n3-4-16-i-adv-mysql-2,slow-log-tailer,1769472,cooldown_50_100
2026-08-05T19:38:26Z,compare-am-gp-n3-4-16-i-adv-mysql-2,do-agent,-1,cooldown_50_100
2026-08-05T19:38:26Z,compare-am-gp-n3-4-16-i-adv-mysql-2,xtrabackup,24387584,cooldown_50_100
2026-08-05T19:38:58Z,compare-am-gp-n3-4-16-i-adv-mysql-0,mysql,13332459520,cooldown_50_100
2026-08-05T19:38:58Z,compare-am-gp-n3-4-16-i-adv-mysql-0,mysqld-exporter,16027648,cooldown_50_100
2026-08-05T19:38:58Z,compare-am-gp-n3-4-16-i-adv-mysql-0,slow-log-tailer,2015232,cooldown_50_100
2026-08-05T19:38:58Z,compare-am-gp-n3-4-16-i-adv-mysql-0,do-agent,-1,cooldown_50_100
2026-08-05T19:38:58Z,compare-am-gp-n3-4-16-i-adv-mysql-0,xtrabackup,18907136,cooldown_50_100
2026-08-05T19:38:58Z,compare-am-gp-n3-4-16-i-adv-mysql-1,mysql,12308705280,cooldown_50_100
2026-08-05T19:38:58Z,compare-am-gp-n3-4-16-i-adv-mysql-1,mysqld-exporter,15884288,cooldown_50_100
2026-08-05T19:38:58Z,compare-am-gp-n3-4-16-i-adv-mysql-1,slow-log-tailer,6668288,cooldown_50_100
2026-08-05T19:38:58Z,compare-am-gp-n3-4-16-i-adv-mysql-1,do-agent,-1,cooldown_50_100
2026-08-05T19:38:58Z,compare-am-gp-n3-4-16-i-adv-mysql-1,xtrabackup,520474624,cooldown_50_100
2026-08-05T19:38:58Z,compare-am-gp-n3-4-16-i-adv-mysql-2,mysql,13205311488,cooldown_50_100
2026-08-05T19:38:58Z,compare-am-gp-n3-4-16-i-adv-mysql-2,mysqld-exporter,15323136,cooldown_50_100
2026-08-05T19:38:58Z,compare-am-gp-n3-4-16-i-adv-mysql-2,slow-log-tailer,2248704,cooldown_50_100
2026-08-05T19:38:58Z,compare-am-gp-n3-4-16-i-adv-mysql-2,do-agent,-1,cooldown_50_100
2026-08-05T19:38:58Z,compare-am-gp-n3-4-16-i-adv-mysql-2,xtrabackup,24514560,cooldown_50_100
2026-08-05T19:39:30Z,compare-am-gp-n3-4-16-i-adv-mysql-0,mysql,13333270528,cooldown_50_100
2026-08-05T19:39:30Z,compare-am-gp-n3-4-16-i-adv-mysql-0,mysqld-exporter,16105472,cooldown_50_100
2026-08-05T19:39:30Z,compare-am-gp-n3-4-16-i-adv-mysql-0,slow-log-tailer,2297856,cooldown_50_100
2026-08-05T19:39:30Z,compare-am-gp-n3-4-16-i-adv-mysql-0,do-agent,-1,cooldown_50_100
2026-08-05T19:39:30Z,compare-am-gp-n3-4-16-i-adv-mysql-0,xtrabackup,18956288,cooldown_50_100
2026-08-05T19:39:30Z,compare-am-gp-n3-4-16-i-adv-mysql-1,mysql,12308725760,cooldown_50_100
2026-08-05T19:39:30Z,compare-am-gp-n3-4-16-i-adv-mysql-1,mysqld-exporter,15921152,cooldown_50_100
2026-08-05T19:39:30Z,compare-am-gp-n3-4-16-i-adv-mysql-1,slow-log-tailer,6750208,cooldown_50_100
2026-08-05T19:39:30Z,compare-am-gp-n3-4-16-i-adv-mysql-1,do-agent,-1,cooldown_50_100
2026-08-05T19:39:30Z,compare-am-gp-n3-4-16-i-adv-mysql-1,xtrabackup,520499200,cooldown_50_100
2026-08-05T19:39:30Z,compare-am-gp-n3-4-16-i-adv-mysql-2,mysql,13205151744,cooldown_50_100
2026-08-05T19:39:30Z,compare-am-gp-n3-4-16-i-adv-mysql-2,mysqld-exporter,16019456,cooldown_50_100
2026-08-05T19:39:30Z,compare-am-gp-n3-4-16-i-adv-mysql-2,slow-log-tailer,1978368,cooldown_50_100
2026-08-05T19:39:30Z,compare-am-gp-n3-4-16-i-adv-mysql-2,do-agent,-1,cooldown_50_100
2026-08-05T19:39:30Z,compare-am-gp-n3-4-16-i-adv-mysql-2,xtrabackup,24494080,cooldown_50_100
2026-08-05T19:40:03Z,compare-am-gp-n3-4-16-i-adv-mysql-0,mysql,13331566592,cooldown_50_100
2026-08-05T19:40:03Z,compare-am-gp-n3-4-16-i-adv-mysql-0,mysqld-exporter,16027648,cooldown_50_100
2026-08-05T19:40:03Z,compare-am-gp-n3-4-16-i-adv-mysql-0,slow-log-tailer,2338816,cooldown_50_100
2026-08-05T19:40:03Z,compare-am-gp-n3-4-16-i-adv-mysql-0,do-agent,-1,cooldown_50_100
2026-08-05T19:40:03Z,compare-am-gp-n3-4-16-i-adv-mysql-0,xtrabackup,19013632,cooldown_50_100
2026-08-05T19:40:03Z,compare-am-gp-n3-4-16-i-adv-mysql-1,mysql,12308500480,cooldown_50_100
2026-08-05T19:40:03Z,compare-am-gp-n3-4-16-i-adv-mysql-1,mysqld-exporter,15937536,cooldown_50_100
2026-08-05T19:40:03Z,compare-am-gp-n3-4-16-i-adv-mysql-1,slow-log-tailer,6713344,cooldown_50_100
2026-08-05T19:40:03Z,compare-am-gp-n3-4-16-i-adv-mysql-1,do-agent,-1,cooldown_50_100
2026-08-05T19:40:03Z,compare-am-gp-n3-4-16-i-adv-mysql-1,xtrabackup,520585216,cooldown_50_100
2026-08-05T19:40:03Z,compare-am-gp-n3-4-16-i-adv-mysql-2,mysql,13205438464,cooldown_50_100
2026-08-05T19:40:03Z,compare-am-gp-n3-4-16-i-adv-mysql-2,mysqld-exporter,16306176,cooldown_50_100
2026-08-05T19:40:03Z,compare-am-gp-n3-4-16-i-adv-mysql-2,slow-log-tailer,1810432,cooldown_50_100
2026-08-05T19:40:03Z,compare-am-gp-n3-4-16-i-adv-mysql-2,do-agent,-1,cooldown_50_100
2026-08-05T19:40:03Z,compare-am-gp-n3-4-16-i-adv-mysql-2,xtrabackup,24268800,cooldown_50_100
2026-08-05T19:40:36Z,compare-am-gp-n3-4-16-i-adv-mysql-0,mysql,13401333760,load_100tps
2026-08-05T19:40:36Z,compare-am-gp-n3-4-16-i-adv-mysql-0,mysqld-exporter,15937536,load_100tps
2026-08-05T19:40:36Z,compare-am-gp-n3-4-16-i-adv-mysql-0,slow-log-tailer,2199552,load_100tps
2026-08-05T19:40:36Z,compare-am-gp-n3-4-16-i-adv-mysql-0,do-agent,-1,load_100tps
2026-08-05T19:40:36Z,compare-am-gp-n3-4-16-i-adv-mysql-0,xtrabackup,18956288,load_100tps
2026-08-05T19:40:36Z,compare-am-gp-n3-4-16-i-adv-mysql-1,mysql,12328906752,load_100tps
2026-08-05T19:40:36Z,compare-am-gp-n3-4-16-i-adv-mysql-1,mysqld-exporter,15917056,load_100tps
2026-08-05T19:40:36Z,compare-am-gp-n3-4-16-i-adv-mysql-1,slow-log-tailer,6610944,load_100tps
2026-08-05T19:40:36Z,compare-am-gp-n3-4-16-i-adv-mysql-1,do-agent,-1,load_100tps
2026-08-05T19:40:36Z,compare-am-gp-n3-4-16-i-adv-mysql-1,xtrabackup,520298496,load_100tps
2026-08-05T19:40:36Z,compare-am-gp-n3-4-16-i-adv-mysql-2,mysql,13228290048,load_100tps
2026-08-05T19:40:36Z,compare-am-gp-n3-4-16-i-adv-mysql-2,mysqld-exporter,16347136,load_100tps
2026-08-05T19:40:36Z,compare-am-gp-n3-4-16-i-adv-mysql-2,slow-log-tailer,2150400,load_100tps
2026-08-05T19:40:36Z,compare-am-gp-n3-4-16-i-adv-mysql-2,do-agent,-1,load_100tps
2026-08-05T19:40:36Z,compare-am-gp-n3-4-16-i-adv-mysql-2,xtrabackup,24186880,load_100tps
2026-08-05T19:41:08Z,compare-am-gp-n3-4-16-i-adv-mysql-0,mysql,13361463296,load_100tps
2026-08-05T19:41:08Z,compare-am-gp-n3-4-16-i-adv-mysql-0,mysqld-exporter,15704064,load_100tps
2026-08-05T19:41:08Z,compare-am-gp-n3-4-16-i-adv-mysql-0,slow-log-tailer,2220032,load_100tps
2026-08-05T19:41:08Z,compare-am-gp-n3-4-16-i-adv-mysql-0,do-agent,-1,load_100tps
2026-08-05T19:41:08Z,compare-am-gp-n3-4-16-i-adv-mysql-0,xtrabackup,18915328,load_100tps
2026-08-05T19:41:08Z,compare-am-gp-n3-4-16-i-adv-mysql-1,mysql,12261572608,load_100tps
2026-08-05T19:41:08Z,compare-am-gp-n3-4-16-i-adv-mysql-1,mysqld-exporter,16031744,load_100tps
2026-08-05T19:41:08Z,compare-am-gp-n3-4-16-i-adv-mysql-1,slow-log-tailer,6656000,load_100tps
2026-08-05T19:41:08Z,compare-am-gp-n3-4-16-i-adv-mysql-1,do-agent,-1,load_100tps
2026-08-05T19:41:08Z,compare-am-gp-n3-4-16-i-adv-mysql-1,xtrabackup,520241152,load_100tps
2026-08-05T19:41:08Z,compare-am-gp-n3-4-16-i-adv-mysql-2,mysql,13238939648,load_100tps
2026-08-05T19:41:08Z,compare-am-gp-n3-4-16-i-adv-mysql-2,mysqld-exporter,16084992,load_100tps
2026-08-05T19:41:08Z,compare-am-gp-n3-4-16-i-adv-mysql-2,slow-log-tailer,1933312,load_100tps
2026-08-05T19:41:08Z,compare-am-gp-n3-4-16-i-adv-mysql-2,do-agent,-1,load_100tps
2026-08-05T19:41:08Z,compare-am-gp-n3-4-16-i-adv-mysql-2,xtrabackup,24387584,load_100tps
2026-08-05T19:41:41Z,compare-am-gp-n3-4-16-i-adv-mysql-0,mysql,13352026112,load_100tps
2026-08-05T19:41:41Z,compare-am-gp-n3-4-16-i-adv-mysql-0,mysqld-exporter,15863808,load_100tps
2026-08-05T19:41:41Z,compare-am-gp-n3-4-16-i-adv-mysql-0,slow-log-tailer,2244608,load_100tps
2026-08-05T19:41:41Z,compare-am-gp-n3-4-16-i-adv-mysql-0,do-agent,-1,load_100tps
2026-08-05T19:41:41Z,compare-am-gp-n3-4-16-i-adv-mysql-0,xtrabackup,19005440,load_100tps
2026-08-05T19:41:41Z,compare-am-gp-n3-4-16-i-adv-mysql-1,mysql,12268646400,load_100tps
2026-08-05T19:41:41Z,compare-am-gp-n3-4-16-i-adv-mysql-1,mysqld-exporter,16179200,load_100tps
2026-08-05T19:41:41Z,compare-am-gp-n3-4-16-i-adv-mysql-1,slow-log-tailer,6500352,load_100tps
2026-08-05T19:41:41Z,compare-am-gp-n3-4-16-i-adv-mysql-1,do-agent,-1,load_100tps
2026-08-05T19:41:41Z,compare-am-gp-n3-4-16-i-adv-mysql-1,xtrabackup,520269824,load_100tps
2026-08-05T19:41:41Z,compare-am-gp-n3-4-16-i-adv-mysql-2,mysql,13241335808,load_100tps
2026-08-05T19:41:41Z,compare-am-gp-n3-4-16-i-adv-mysql-2,mysqld-exporter,15888384,load_100tps
2026-08-05T19:41:41Z,compare-am-gp-n3-4-16-i-adv-mysql-2,slow-log-tailer,1781760,load_100tps
2026-08-05T19:41:41Z,compare-am-gp-n3-4-16-i-adv-mysql-2,do-agent,-1,load_100tps
2026-08-05T19:41:41Z,compare-am-gp-n3-4-16-i-adv-mysql-2,xtrabackup,24612864,load_100tps
2026-08-05T19:42:14Z,compare-am-gp-n3-4-16-i-adv-mysql-0,mysql,13353238528,load_100tps
2026-08-05T19:42:14Z,compare-am-gp-n3-4-16-i-adv-mysql-0,mysqld-exporter,16031744,load_100tps
2026-08-05T19:42:14Z,compare-am-gp-n3-4-16-i-adv-mysql-0,slow-log-tailer,2379776,load_100tps
2026-08-05T19:42:14Z,compare-am-gp-n3-4-16-i-adv-mysql-0,do-agent,-1,load_100tps
2026-08-05T19:42:14Z,compare-am-gp-n3-4-16-i-adv-mysql-0,xtrabackup,18931712,load_100tps
2026-08-05T19:42:14Z,compare-am-gp-n3-4-16-i-adv-mysql-1,mysql,12335390720,load_100tps
2026-08-05T19:42:14Z,compare-am-gp-n3-4-16-i-adv-mysql-1,mysqld-exporter,16027648,load_100tps
2026-08-05T19:42:14Z,compare-am-gp-n3-4-16-i-adv-mysql-1,slow-log-tailer,6967296,load_100tps
2026-08-05T19:42:14Z,compare-am-gp-n3-4-16-i-adv-mysql-1,do-agent,-1,load_100tps
2026-08-05T19:42:14Z,compare-am-gp-n3-4-16-i-adv-mysql-1,xtrabackup,520278016,load_100tps
2026-08-05T19:42:14Z,compare-am-gp-n3-4-16-i-adv-mysql-2,mysql,13255712768,load_100tps
2026-08-05T19:42:14Z,compare-am-gp-n3-4-16-i-adv-mysql-2,mysqld-exporter,16031744,load_100tps
2026-08-05T19:42:14Z,compare-am-gp-n3-4-16-i-adv-mysql-2,slow-log-tailer,1933312,load_100tps
2026-08-05T19:42:14Z,compare-am-gp-n3-4-16-i-adv-mysql-2,do-agent,-1,load_100tps
2026-08-05T19:42:14Z,compare-am-gp-n3-4-16-i-adv-mysql-2,xtrabackup,24444928,load_100tps
2026-08-05T19:42:46Z,compare-am-gp-n3-4-16-i-adv-mysql-0,mysql,13355859968,load_100tps
2026-08-05T19:42:46Z,compare-am-gp-n3-4-16-i-adv-mysql-0,mysqld-exporter,15810560,load_100tps
2026-08-05T19:42:46Z,compare-am-gp-n3-4-16-i-adv-mysql-0,slow-log-tailer,2113536,load_100tps
2026-08-05T19:42:46Z,compare-am-gp-n3-4-16-i-adv-mysql-0,do-agent,-1,load_100tps
2026-08-05T19:42:46Z,compare-am-gp-n3-4-16-i-adv-mysql-0,xtrabackup,18952192,load_100tps
2026-08-05T19:42:46Z,compare-am-gp-n3-4-16-i-adv-mysql-1,mysql,12372971520,load_100tps
2026-08-05T19:42:46Z,compare-am-gp-n3-4-16-i-adv-mysql-1,mysqld-exporter,15765504,load_100tps
2026-08-05T19:42:46Z,compare-am-gp-n3-4-16-i-adv-mysql-1,slow-log-tailer,6524928,load_100tps
2026-08-05T19:42:46Z,compare-am-gp-n3-4-16-i-adv-mysql-1,do-agent,-1,load_100tps
2026-08-05T19:42:46Z,compare-am-gp-n3-4-16-i-adv-mysql-1,xtrabackup,520302592,load_100tps
2026-08-05T19:42:46Z,compare-am-gp-n3-4-16-i-adv-mysql-2,mysql,13257662464,load_100tps
2026-08-05T19:42:46Z,compare-am-gp-n3-4-16-i-adv-mysql-2,mysqld-exporter,15769600,load_100tps
2026-08-05T19:42:46Z,compare-am-gp-n3-4-16-i-adv-mysql-2,slow-log-tailer,1810432,load_100tps
2026-08-05T19:42:46Z,compare-am-gp-n3-4-16-i-adv-mysql-2,do-agent,-1,load_100tps
2026-08-05T19:42:46Z,compare-am-gp-n3-4-16-i-adv-mysql-2,xtrabackup,24432640,load_100tps
2026-08-05T19:43:19Z,compare-am-gp-n3-4-16-i-adv-mysql-0,mysql,13351067648,load_100tps
2026-08-05T19:43:19Z,compare-am-gp-n3-4-16-i-adv-mysql-0,mysqld-exporter,15794176,load_100tps
2026-08-05T19:43:19Z,compare-am-gp-n3-4-16-i-adv-mysql-0,slow-log-tailer,2007040,load_100tps
2026-08-05T19:43:19Z,compare-am-gp-n3-4-16-i-adv-mysql-0,do-agent,-1,load_100tps
2026-08-05T19:43:19Z,compare-am-gp-n3-4-16-i-adv-mysql-0,xtrabackup,18952192,load_100tps
2026-08-05T19:43:19Z,compare-am-gp-n3-4-16-i-adv-mysql-1,mysql,12191870976,load_100tps
2026-08-05T19:43:19Z,compare-am-gp-n3-4-16-i-adv-mysql-1,mysqld-exporter,15757312,load_100tps
2026-08-05T19:43:19Z,compare-am-gp-n3-4-16-i-adv-mysql-1,slow-log-tailer,6463488,load_100tps
2026-08-05T19:43:19Z,compare-am-gp-n3-4-16-i-adv-mysql-1,do-agent,-1,load_100tps
2026-08-05T19:43:19Z,compare-am-gp-n3-4-16-i-adv-mysql-1,xtrabackup,520474624,load_100tps
2026-08-05T19:43:19Z,compare-am-gp-n3-4-16-i-adv-mysql-2,mysql,13256716288,load_100tps
2026-08-05T19:43:19Z,compare-am-gp-n3-4-16-i-adv-mysql-2,mysqld-exporter,15175680,load_100tps
2026-08-05T19:43:19Z,compare-am-gp-n3-4-16-i-adv-mysql-2,slow-log-tailer,1974272,load_100tps
2026-08-05T19:43:19Z,compare-am-gp-n3-4-16-i-adv-mysql-2,do-agent,-1,load_100tps
2026-08-05T19:43:19Z,compare-am-gp-n3-4-16-i-adv-mysql-2,xtrabackup,24485888,load_100tps
2026-08-05T19:43:52Z,compare-am-gp-n3-4-16-i-adv-mysql-0,mysql,13359951872,load_100tps
2026-08-05T19:43:52Z,compare-am-gp-n3-4-16-i-adv-mysql-0,mysqld-exporter,15749120,load_100tps
2026-08-05T19:43:52Z,compare-am-gp-n3-4-16-i-adv-mysql-0,slow-log-tailer,2056192,load_100tps
2026-08-05T19:43:52Z,compare-am-gp-n3-4-16-i-adv-mysql-0,do-agent,-1,load_100tps
2026-08-05T19:43:52Z,compare-am-gp-n3-4-16-i-adv-mysql-0,xtrabackup,18939904,load_100tps
2026-08-05T19:43:52Z,compare-am-gp-n3-4-16-i-adv-mysql-1,mysql,12255051776,load_100tps
2026-08-05T19:43:52Z,compare-am-gp-n3-4-16-i-adv-mysql-1,mysqld-exporter,15896576,load_100tps
2026-08-05T19:43:52Z,compare-am-gp-n3-4-16-i-adv-mysql-1,slow-log-tailer,6463488,load_100tps
2026-08-05T19:43:52Z,compare-am-gp-n3-4-16-i-adv-mysql-1,do-agent,-1,load_100tps
2026-08-05T19:43:52Z,compare-am-gp-n3-4-16-i-adv-mysql-1,xtrabackup,520257536,load_100tps
2026-08-05T19:43:52Z,compare-am-gp-n3-4-16-i-adv-mysql-2,mysql,13255151616,load_100tps
2026-08-05T19:43:52Z,compare-am-gp-n3-4-16-i-adv-mysql-2,mysqld-exporter,15163392,load_100tps
2026-08-05T19:43:52Z,compare-am-gp-n3-4-16-i-adv-mysql-2,slow-log-tailer,2060288,load_100tps
2026-08-05T19:43:52Z,compare-am-gp-n3-4-16-i-adv-mysql-2,do-agent,-1,load_100tps
2026-08-05T19:43:52Z,compare-am-gp-n3-4-16-i-adv-mysql-2,xtrabackup,24555520,load_100tps
2026-08-05T19:44:24Z,compare-am-gp-n3-4-16-i-adv-mysql-0,mysql,13375172608,load_100tps
2026-08-05T19:44:24Z,compare-am-gp-n3-4-16-i-adv-mysql-0,mysqld-exporter,15929344,load_100tps
2026-08-05T19:44:24Z,compare-am-gp-n3-4-16-i-adv-mysql-0,slow-log-tailer,2224128,load_100tps
2026-08-05T19:44:24Z,compare-am-gp-n3-4-16-i-adv-mysql-0,do-agent,-1,load_100tps
2026-08-05T19:44:24Z,compare-am-gp-n3-4-16-i-adv-mysql-0,xtrabackup,18956288,load_100tps
2026-08-05T19:44:24Z,compare-am-gp-n3-4-16-i-adv-mysql-1,mysql,12101443584,load_100tps
2026-08-05T19:44:24Z,compare-am-gp-n3-4-16-i-adv-mysql-1,mysqld-exporter,15855616,load_100tps
2026-08-05T19:44:24Z,compare-am-gp-n3-4-16-i-adv-mysql-1,slow-log-tailer,6508544,load_100tps
2026-08-05T19:44:24Z,compare-am-gp-n3-4-16-i-adv-mysql-1,do-agent,-1,load_100tps
2026-08-05T19:44:24Z,compare-am-gp-n3-4-16-i-adv-mysql-1,xtrabackup,520441856,load_100tps
2026-08-05T19:44:24Z,compare-am-gp-n3-4-16-i-adv-mysql-2,mysql,13255131136,load_100tps
2026-08-05T19:44:24Z,compare-am-gp-n3-4-16-i-adv-mysql-2,mysqld-exporter,15171584,load_100tps
2026-08-05T19:44:24Z,compare-am-gp-n3-4-16-i-adv-mysql-2,slow-log-tailer,1884160,load_100tps
2026-08-05T19:44:24Z,compare-am-gp-n3-4-16-i-adv-mysql-2,do-agent,-1,load_100tps
2026-08-05T19:44:24Z,compare-am-gp-n3-4-16-i-adv-mysql-2,xtrabackup,24371200,load_100tps
2026-08-05T19:44:57Z,compare-am-gp-n3-4-16-i-adv-mysql-0,mysql,13390831616,load_100tps
2026-08-05T19:44:57Z,compare-am-gp-n3-4-16-i-adv-mysql-0,mysqld-exporter,15736832,load_100tps
2026-08-05T19:44:57Z,compare-am-gp-n3-4-16-i-adv-mysql-0,slow-log-tailer,2011136,load_100tps
2026-08-05T19:44:57Z,compare-am-gp-n3-4-16-i-adv-mysql-0,do-agent,-1,load_100tps
2026-08-05T19:44:57Z,compare-am-gp-n3-4-16-i-adv-mysql-0,xtrabackup,19169280,load_100tps
2026-08-05T19:44:57Z,compare-am-gp-n3-4-16-i-adv-mysql-1,mysql,12165566464,load_100tps
2026-08-05T19:44:57Z,compare-am-gp-n3-4-16-i-adv-mysql-1,mysqld-exporter,15745024,load_100tps
2026-08-05T19:44:57Z,compare-am-gp-n3-4-16-i-adv-mysql-1,slow-log-tailer,6598656,load_100tps
2026-08-05T19:44:57Z,compare-am-gp-n3-4-16-i-adv-mysql-1,do-agent,-1,load_100tps
2026-08-05T19:44:57Z,compare-am-gp-n3-4-16-i-adv-mysql-1,xtrabackup,520396800,load_100tps
2026-08-05T19:44:57Z,compare-am-gp-n3-4-16-i-adv-mysql-2,mysql,13255745536,load_100tps
2026-08-05T19:44:57Z,compare-am-gp-n3-4-16-i-adv-mysql-2,mysqld-exporter,15327232,load_100tps
2026-08-05T19:44:57Z,compare-am-gp-n3-4-16-i-adv-mysql-2,slow-log-tailer,1961984,load_100tps
2026-08-05T19:44:57Z,compare-am-gp-n3-4-16-i-adv-mysql-2,do-agent,-1,load_100tps
2026-08-05T19:44:57Z,compare-am-gp-n3-4-16-i-adv-mysql-2,xtrabackup,24379392,load_100tps
2026-08-05T19:45:29Z,compare-am-gp-n3-4-16-i-adv-mysql-0,mysql,13401653248,load_100tps
2026-08-05T19:45:29Z,compare-am-gp-n3-4-16-i-adv-mysql-0,mysqld-exporter,15753216,load_100tps
2026-08-05T19:45:29Z,compare-am-gp-n3-4-16-i-adv-mysql-0,slow-log-tailer,2420736,load_100tps
2026-08-05T19:45:29Z,compare-am-gp-n3-4-16-i-adv-mysql-0,do-agent,-1,load_100tps
2026-08-05T19:45:29Z,compare-am-gp-n3-4-16-i-adv-mysql-0,xtrabackup,18825216,load_100tps
2026-08-05T19:45:29Z,compare-am-gp-n3-4-16-i-adv-mysql-1,mysql,12227842048,load_100tps
2026-08-05T19:45:29Z,compare-am-gp-n3-4-16-i-adv-mysql-1,mysqld-exporter,15736832,load_100tps
2026-08-05T19:45:29Z,compare-am-gp-n3-4-16-i-adv-mysql-1,slow-log-tailer,6754304,load_100tps
2026-08-05T19:45:29Z,compare-am-gp-n3-4-16-i-adv-mysql-1,do-agent,-1,load_100tps
2026-08-05T19:45:29Z,compare-am-gp-n3-4-16-i-adv-mysql-1,xtrabackup,520269824,load_100tps
2026-08-05T19:45:29Z,compare-am-gp-n3-4-16-i-adv-mysql-2,mysql,13243650048,load_100tps
2026-08-05T19:45:29Z,compare-am-gp-n3-4-16-i-adv-mysql-2,mysqld-exporter,15495168,load_100tps
2026-08-05T19:45:29Z,compare-am-gp-n3-4-16-i-adv-mysql-2,slow-log-tailer,1748992,load_100tps
2026-08-05T19:45:29Z,compare-am-gp-n3-4-16-i-adv-mysql-2,do-agent,-1,load_100tps
2026-08-05T19:45:29Z,compare-am-gp-n3-4-16-i-adv-mysql-2,xtrabackup,24592384,load_100tps
2026-08-05T19:46:02Z,compare-am-gp-n3-4-16-i-adv-mysql-0,mysql,13404323840,load_100tps
2026-08-05T19:46:02Z,compare-am-gp-n3-4-16-i-adv-mysql-0,mysqld-exporter,15462400,load_100tps
2026-08-05T19:46:02Z,compare-am-gp-n3-4-16-i-adv-mysql-0,slow-log-tailer,2236416,load_100tps
2026-08-05T19:46:02Z,compare-am-gp-n3-4-16-i-adv-mysql-0,do-agent,-1,load_100tps
2026-08-05T19:46:02Z,compare-am-gp-n3-4-16-i-adv-mysql-0,xtrabackup,18948096,load_100tps
2026-08-05T19:46:02Z,compare-am-gp-n3-4-16-i-adv-mysql-1,mysql,12293939200,load_100tps
2026-08-05T19:46:02Z,compare-am-gp-n3-4-16-i-adv-mysql-1,mysqld-exporter,16224256,load_100tps
2026-08-05T19:46:02Z,compare-am-gp-n3-4-16-i-adv-mysql-1,slow-log-tailer,6709248,load_100tps
2026-08-05T19:46:02Z,compare-am-gp-n3-4-16-i-adv-mysql-1,do-agent,-1,load_100tps
2026-08-05T19:46:02Z,compare-am-gp-n3-4-16-i-adv-mysql-1,xtrabackup,520437760,load_100tps
2026-08-05T19:46:02Z,compare-am-gp-n3-4-16-i-adv-mysql-2,mysql,13240381440,load_100tps
2026-08-05T19:46:02Z,compare-am-gp-n3-4-16-i-adv-mysql-2,mysqld-exporter,15511552,load_100tps
2026-08-05T19:46:02Z,compare-am-gp-n3-4-16-i-adv-mysql-2,slow-log-tailer,1757184,load_100tps
2026-08-05T19:46:02Z,compare-am-gp-n3-4-16-i-adv-mysql-2,do-agent,-1,load_100tps
2026-08-05T19:46:02Z,compare-am-gp-n3-4-16-i-adv-mysql-2,xtrabackup,24424448,load_100tps
2026-08-05T19:46:35Z,compare-am-gp-n3-4-16-i-adv-mysql-0,mysql,13348188160,load_100tps
2026-08-05T19:46:35Z,compare-am-gp-n3-4-16-i-adv-mysql-0,mysqld-exporter,15822848,load_100tps
2026-08-05T19:46:35Z,compare-am-gp-n3-4-16-i-adv-mysql-0,slow-log-tailer,2064384,load_100tps
2026-08-05T19:46:35Z,compare-am-gp-n3-4-16-i-adv-mysql-0,do-agent,-1,load_100tps
2026-08-05T19:46:35Z,compare-am-gp-n3-4-16-i-adv-mysql-0,xtrabackup,18845696,load_100tps
2026-08-05T19:46:35Z,compare-am-gp-n3-4-16-i-adv-mysql-1,mysql,12280918016,load_100tps
2026-08-05T19:46:35Z,compare-am-gp-n3-4-16-i-adv-mysql-1,mysqld-exporter,15572992,load_100tps
2026-08-05T19:46:35Z,compare-am-gp-n3-4-16-i-adv-mysql-1,slow-log-tailer,6725632,load_100tps
2026-08-05T19:46:35Z,compare-am-gp-n3-4-16-i-adv-mysql-1,do-agent,-1,load_100tps
2026-08-05T19:46:35Z,compare-am-gp-n3-4-16-i-adv-mysql-1,xtrabackup,520261632,load_100tps
2026-08-05T19:46:35Z,compare-am-gp-n3-4-16-i-adv-mysql-2,mysql,13257998336,load_100tps
2026-08-05T19:46:35Z,compare-am-gp-n3-4-16-i-adv-mysql-2,mysqld-exporter,15273984,load_100tps
2026-08-05T19:46:35Z,compare-am-gp-n3-4-16-i-adv-mysql-2,slow-log-tailer,1982464,load_100tps
2026-08-05T19:46:35Z,compare-am-gp-n3-4-16-i-adv-mysql-2,do-agent,-1,load_100tps
2026-08-05T19:46:35Z,compare-am-gp-n3-4-16-i-adv-mysql-2,xtrabackup,24428544,load_100tps
2026-08-05T19:47:07Z,compare-am-gp-n3-4-16-i-adv-mysql-0,mysql,13347962880,load_100tps
2026-08-05T19:47:07Z,compare-am-gp-n3-4-16-i-adv-mysql-0,mysqld-exporter,15863808,load_100tps
2026-08-05T19:47:07Z,compare-am-gp-n3-4-16-i-adv-mysql-0,slow-log-tailer,2170880,load_100tps
2026-08-05T19:47:07Z,compare-am-gp-n3-4-16-i-adv-mysql-0,do-agent,-1,load_100tps
2026-08-05T19:47:07Z,compare-am-gp-n3-4-16-i-adv-mysql-0,xtrabackup,18907136,load_100tps
2026-08-05T19:47:07Z,compare-am-gp-n3-4-16-i-adv-mysql-1,mysql,12245299200,load_100tps
2026-08-05T19:47:07Z,compare-am-gp-n3-4-16-i-adv-mysql-1,mysqld-exporter,16027648,load_100tps
2026-08-05T19:47:07Z,compare-am-gp-n3-4-16-i-adv-mysql-1,slow-log-tailer,6512640,load_100tps
2026-08-05T19:47:07Z,compare-am-gp-n3-4-16-i-adv-mysql-1,do-agent,-1,load_100tps
2026-08-05T19:47:07Z,compare-am-gp-n3-4-16-i-adv-mysql-1,xtrabackup,520585216,load_100tps
2026-08-05T19:47:07Z,compare-am-gp-n3-4-16-i-adv-mysql-2,mysql,13255274496,load_100tps
2026-08-05T19:47:07Z,compare-am-gp-n3-4-16-i-adv-mysql-2,mysqld-exporter,15257600,load_100tps
2026-08-05T19:47:07Z,compare-am-gp-n3-4-16-i-adv-mysql-2,slow-log-tailer,1789952,load_100tps
2026-08-05T19:47:07Z,compare-am-gp-n3-4-16-i-adv-mysql-2,do-agent,-1,load_100tps
2026-08-05T19:47:07Z,compare-am-gp-n3-4-16-i-adv-mysql-2,xtrabackup,24395776,load_100tps
2026-08-05T19:47:40Z,compare-am-gp-n3-4-16-i-adv-mysql-0,mysql,13344608256,load_100tps
2026-08-05T19:47:40Z,compare-am-gp-n3-4-16-i-adv-mysql-0,mysqld-exporter,15925248,load_100tps
2026-08-05T19:47:40Z,compare-am-gp-n3-4-16-i-adv-mysql-0,slow-log-tailer,2244608,load_100tps
2026-08-05T19:47:40Z,compare-am-gp-n3-4-16-i-adv-mysql-0,do-agent,-1,load_100tps
2026-08-05T19:47:40Z,compare-am-gp-n3-4-16-i-adv-mysql-0,xtrabackup,18894848,load_100tps
2026-08-05T19:47:40Z,compare-am-gp-n3-4-16-i-adv-mysql-1,mysql,12311859200,load_100tps
2026-08-05T19:47:40Z,compare-am-gp-n3-4-16-i-adv-mysql-1,mysqld-exporter,16035840,load_100tps
2026-08-05T19:47:40Z,compare-am-gp-n3-4-16-i-adv-mysql-1,slow-log-tailer,6656000,load_100tps
2026-08-05T19:47:40Z,compare-am-gp-n3-4-16-i-adv-mysql-1,do-agent,-1,load_100tps
2026-08-05T19:47:40Z,compare-am-gp-n3-4-16-i-adv-mysql-1,xtrabackup,520495104,load_100tps
2026-08-05T19:47:40Z,compare-am-gp-n3-4-16-i-adv-mysql-2,mysql,13251567616,load_100tps
2026-08-05T19:47:40Z,compare-am-gp-n3-4-16-i-adv-mysql-2,mysqld-exporter,16011264,load_100tps
2026-08-05T19:47:40Z,compare-am-gp-n3-4-16-i-adv-mysql-2,slow-log-tailer,1785856,load_100tps
2026-08-05T19:47:40Z,compare-am-gp-n3-4-16-i-adv-mysql-2,do-agent,-1,load_100tps
2026-08-05T19:47:40Z,compare-am-gp-n3-4-16-i-adv-mysql-2,xtrabackup,24416256,load_100tps
2026-08-05T19:48:12Z,compare-am-gp-n3-4-16-i-adv-mysql-0,mysql,13344616448,load_100tps
2026-08-05T19:48:12Z,compare-am-gp-n3-4-16-i-adv-mysql-0,mysqld-exporter,15687680,load_100tps
2026-08-05T19:48:12Z,compare-am-gp-n3-4-16-i-adv-mysql-0,slow-log-tailer,2244608,load_100tps
2026-08-05T19:48:12Z,compare-am-gp-n3-4-16-i-adv-mysql-0,do-agent,-1,load_100tps
2026-08-05T19:48:12Z,compare-am-gp-n3-4-16-i-adv-mysql-0,xtrabackup,19116032,load_100tps
2026-08-05T19:48:12Z,compare-am-gp-n3-4-16-i-adv-mysql-1,mysql,12353462272,load_100tps
2026-08-05T19:48:12Z,compare-am-gp-n3-4-16-i-adv-mysql-1,mysqld-exporter,16150528,load_100tps
2026-08-05T19:48:12Z,compare-am-gp-n3-4-16-i-adv-mysql-1,slow-log-tailer,6492160,load_100tps
2026-08-05T19:48:12Z,compare-am-gp-n3-4-16-i-adv-mysql-1,do-agent,-1,load_100tps
2026-08-05T19:48:12Z,compare-am-gp-n3-4-16-i-adv-mysql-1,xtrabackup,520421376,load_100tps
2026-08-05T19:48:12Z,compare-am-gp-n3-4-16-i-adv-mysql-2,mysql,13243518976,load_100tps
2026-08-05T19:48:12Z,compare-am-gp-n3-4-16-i-adv-mysql-2,mysqld-exporter,16056320,load_100tps
2026-08-05T19:48:12Z,compare-am-gp-n3-4-16-i-adv-mysql-2,slow-log-tailer,1982464,load_100tps
2026-08-05T19:48:12Z,compare-am-gp-n3-4-16-i-adv-mysql-2,do-agent,-1,load_100tps
2026-08-05T19:48:12Z,compare-am-gp-n3-4-16-i-adv-mysql-2,xtrabackup,24416256,load_100tps
2026-08-05T19:48:45Z,compare-am-gp-n3-4-16-i-adv-mysql-0,mysql,13345202176,load_100tps
2026-08-05T19:48:45Z,compare-am-gp-n3-4-16-i-adv-mysql-0,mysqld-exporter,15925248,load_100tps
2026-08-05T19:48:45Z,compare-am-gp-n3-4-16-i-adv-mysql-0,slow-log-tailer,2211840,load_100tps
2026-08-05T19:48:45Z,compare-am-gp-n3-4-16-i-adv-mysql-0,do-agent,-1,load_100tps
2026-08-05T19:48:45Z,compare-am-gp-n3-4-16-i-adv-mysql-0,xtrabackup,18931712,load_100tps
2026-08-05T19:48:45Z,compare-am-gp-n3-4-16-i-adv-mysql-1,mysql,12391882752,load_100tps
2026-08-05T19:48:45Z,compare-am-gp-n3-4-16-i-adv-mysql-1,mysqld-exporter,16191488,load_100tps
2026-08-05T19:48:45Z,compare-am-gp-n3-4-16-i-adv-mysql-1,slow-log-tailer,6955008,load_100tps
2026-08-05T19:48:45Z,compare-am-gp-n3-4-16-i-adv-mysql-1,do-agent,-1,load_100tps
2026-08-05T19:48:45Z,compare-am-gp-n3-4-16-i-adv-mysql-1,xtrabackup,520396800,load_100tps
2026-08-05T19:48:45Z,compare-am-gp-n3-4-16-i-adv-mysql-2,mysql,13248303104,load_100tps
2026-08-05T19:48:45Z,compare-am-gp-n3-4-16-i-adv-mysql-2,mysqld-exporter,16359424,load_100tps
2026-08-05T19:48:45Z,compare-am-gp-n3-4-16-i-adv-mysql-2,slow-log-tailer,1982464,load_100tps
2026-08-05T19:48:45Z,compare-am-gp-n3-4-16-i-adv-mysql-2,do-agent,-1,load_100tps
2026-08-05T19:48:45Z,compare-am-gp-n3-4-16-i-adv-mysql-2,xtrabackup,24412160,load_100tps
2026-08-05T19:49:18Z,compare-am-gp-n3-4-16-i-adv-mysql-0,mysql,13392805888,load_100tps
2026-08-05T19:49:18Z,compare-am-gp-n3-4-16-i-adv-mysql-0,mysqld-exporter,15855616,load_100tps
2026-08-05T19:49:18Z,compare-am-gp-n3-4-16-i-adv-mysql-0,slow-log-tailer,2236416,load_100tps
2026-08-05T19:49:18Z,compare-am-gp-n3-4-16-i-adv-mysql-0,do-agent,-1,load_100tps
2026-08-05T19:49:18Z,compare-am-gp-n3-4-16-i-adv-mysql-0,xtrabackup,18796544,load_100tps
2026-08-05T19:49:18Z,compare-am-gp-n3-4-16-i-adv-mysql-1,mysql,12269506560,load_100tps
2026-08-05T19:49:18Z,compare-am-gp-n3-4-16-i-adv-mysql-1,mysqld-exporter,15728640,load_100tps
2026-08-05T19:49:18Z,compare-am-gp-n3-4-16-i-adv-mysql-1,slow-log-tailer,6676480,load_100tps
2026-08-05T19:49:18Z,compare-am-gp-n3-4-16-i-adv-mysql-1,do-agent,-1,load_100tps
2026-08-05T19:49:18Z,compare-am-gp-n3-4-16-i-adv-mysql-1,xtrabackup,520552448,load_100tps
2026-08-05T19:49:18Z,compare-am-gp-n3-4-16-i-adv-mysql-2,mysql,13256892416,load_100tps
2026-08-05T19:49:18Z,compare-am-gp-n3-4-16-i-adv-mysql-2,mysqld-exporter,15425536,load_100tps
2026-08-05T19:49:18Z,compare-am-gp-n3-4-16-i-adv-mysql-2,slow-log-tailer,2039808,load_100tps
2026-08-05T19:49:18Z,compare-am-gp-n3-4-16-i-adv-mysql-2,do-agent,-1,load_100tps
2026-08-05T19:49:18Z,compare-am-gp-n3-4-16-i-adv-mysql-2,xtrabackup,24604672,load_100tps
2026-08-05T19:49:51Z,compare-am-gp-n3-4-16-i-adv-mysql-0,mysql,13348405248,load_100tps
2026-08-05T19:49:51Z,compare-am-gp-n3-4-16-i-adv-mysql-0,mysqld-exporter,15994880,load_100tps
2026-08-05T19:49:51Z,compare-am-gp-n3-4-16-i-adv-mysql-0,slow-log-tailer,2039808,load_100tps
2026-08-05T19:49:51Z,compare-am-gp-n3-4-16-i-adv-mysql-0,do-agent,-1,load_100tps
2026-08-05T19:49:51Z,compare-am-gp-n3-4-16-i-adv-mysql-0,xtrabackup,18788352,load_100tps
2026-08-05T19:49:51Z,compare-am-gp-n3-4-16-i-adv-mysql-1,mysql,12258099200,load_100tps
2026-08-05T19:49:51Z,compare-am-gp-n3-4-16-i-adv-mysql-1,mysqld-exporter,15515648,load_100tps
2026-08-05T19:49:51Z,compare-am-gp-n3-4-16-i-adv-mysql-1,slow-log-tailer,6606848,load_100tps
2026-08-05T19:49:51Z,compare-am-gp-n3-4-16-i-adv-mysql-1,do-agent,-1,load_100tps
2026-08-05T19:49:51Z,compare-am-gp-n3-4-16-i-adv-mysql-1,xtrabackup,520355840,load_100tps
2026-08-05T19:49:51Z,compare-am-gp-n3-4-16-i-adv-mysql-2,mysql,13257891840,load_100tps
2026-08-05T19:49:51Z,compare-am-gp-n3-4-16-i-adv-mysql-2,mysqld-exporter,15425536,load_100tps
2026-08-05T19:49:51Z,compare-am-gp-n3-4-16-i-adv-mysql-2,slow-log-tailer,1785856,load_100tps
2026-08-05T19:49:51Z,compare-am-gp-n3-4-16-i-adv-mysql-2,do-agent,-1,load_100tps
2026-08-05T19:49:51Z,compare-am-gp-n3-4-16-i-adv-mysql-2,xtrabackup,24346624,load_100tps
2026-08-05T19:50:23Z,compare-am-gp-n3-4-16-i-adv-mysql-0,mysql,13347872768,load_100tps
2026-08-05T19:50:23Z,compare-am-gp-n3-4-16-i-adv-mysql-0,mysqld-exporter,15863808,load_100tps
2026-08-05T19:50:23Z,compare-am-gp-n3-4-16-i-adv-mysql-0,slow-log-tailer,2072576,load_100tps
2026-08-05T19:50:23Z,compare-am-gp-n3-4-16-i-adv-mysql-0,do-agent,-1,load_100tps
2026-08-05T19:50:23Z,compare-am-gp-n3-4-16-i-adv-mysql-0,xtrabackup,18845696,load_100tps
2026-08-05T19:50:23Z,compare-am-gp-n3-4-16-i-adv-mysql-1,mysql,12322217984,load_100tps
2026-08-05T19:50:23Z,compare-am-gp-n3-4-16-i-adv-mysql-1,mysqld-exporter,15482880,load_100tps
2026-08-05T19:50:23Z,compare-am-gp-n3-4-16-i-adv-mysql-1,slow-log-tailer,6569984,load_100tps
2026-08-05T19:50:23Z,compare-am-gp-n3-4-16-i-adv-mysql-1,do-agent,-1,load_100tps
2026-08-05T19:50:23Z,compare-am-gp-n3-4-16-i-adv-mysql-1,xtrabackup,520613888,load_100tps
2026-08-05T19:50:23Z,compare-am-gp-n3-4-16-i-adv-mysql-2,mysql,13256925184,load_100tps
2026-08-05T19:50:23Z,compare-am-gp-n3-4-16-i-adv-mysql-2,mysqld-exporter,15478784,load_100tps
2026-08-05T19:50:23Z,compare-am-gp-n3-4-16-i-adv-mysql-2,slow-log-tailer,1830912,load_100tps
2026-08-05T19:50:23Z,compare-am-gp-n3-4-16-i-adv-mysql-2,do-agent,-1,load_100tps
2026-08-05T19:50:23Z,compare-am-gp-n3-4-16-i-adv-mysql-2,xtrabackup,24473600,load_100tps
2026-08-05T19:50:57Z,compare-am-gp-n3-4-16-i-adv-mysql-0,mysql,13348634624,load_100tps
2026-08-05T19:50:57Z,compare-am-gp-n3-4-16-i-adv-mysql-0,mysqld-exporter,15990784,load_100tps
2026-08-05T19:50:57Z,compare-am-gp-n3-4-16-i-adv-mysql-0,slow-log-tailer,2093056,load_100tps
2026-08-05T19:50:57Z,compare-am-gp-n3-4-16-i-adv-mysql-0,do-agent,-1,load_100tps
2026-08-05T19:50:57Z,compare-am-gp-n3-4-16-i-adv-mysql-0,xtrabackup,19095552,load_100tps
2026-08-05T19:50:57Z,compare-am-gp-n3-4-16-i-adv-mysql-1,mysql,12390453248,load_100tps
2026-08-05T19:50:57Z,compare-am-gp-n3-4-16-i-adv-mysql-1,mysqld-exporter,15007744,load_100tps
2026-08-05T19:50:57Z,compare-am-gp-n3-4-16-i-adv-mysql-1,slow-log-tailer,6541312,load_100tps
2026-08-05T19:50:57Z,compare-am-gp-n3-4-16-i-adv-mysql-1,do-agent,-1,load_100tps
2026-08-05T19:50:57Z,compare-am-gp-n3-4-16-i-adv-mysql-1,xtrabackup,520421376,load_100tps
2026-08-05T19:50:57Z,compare-am-gp-n3-4-16-i-adv-mysql-2,mysql,13266038784,load_100tps
2026-08-05T19:50:57Z,compare-am-gp-n3-4-16-i-adv-mysql-2,mysqld-exporter,15486976,load_100tps
2026-08-05T19:50:57Z,compare-am-gp-n3-4-16-i-adv-mysql-2,slow-log-tailer,1810432,load_100tps
2026-08-05T19:50:57Z,compare-am-gp-n3-4-16-i-adv-mysql-2,do-agent,-1,load_100tps
2026-08-05T19:50:57Z,compare-am-gp-n3-4-16-i-adv-mysql-2,xtrabackup,24514560,load_100tps
2026-08-05T19:51:29Z,compare-am-gp-n3-4-16-i-adv-mysql-0,mysql,13392564224,load_100tps
2026-08-05T19:51:29Z,compare-am-gp-n3-4-16-i-adv-mysql-0,mysqld-exporter,16015360,load_100tps
2026-08-05T19:51:29Z,compare-am-gp-n3-4-16-i-adv-mysql-0,slow-log-tailer,1978368,load_100tps
2026-08-05T19:51:29Z,compare-am-gp-n3-4-16-i-adv-mysql-0,do-agent,-1,load_100tps
2026-08-05T19:51:29Z,compare-am-gp-n3-4-16-i-adv-mysql-0,xtrabackup,18882560,load_100tps
2026-08-05T19:51:29Z,compare-am-gp-n3-4-16-i-adv-mysql-1,mysql,12402651136,load_100tps
2026-08-05T19:51:29Z,compare-am-gp-n3-4-16-i-adv-mysql-1,mysqld-exporter,15192064,load_100tps
2026-08-05T19:51:29Z,compare-am-gp-n3-4-16-i-adv-mysql-1,slow-log-tailer,6610944,load_100tps
2026-08-05T19:51:29Z,compare-am-gp-n3-4-16-i-adv-mysql-1,do-agent,-1,load_100tps
2026-08-05T19:51:29Z,compare-am-gp-n3-4-16-i-adv-mysql-1,xtrabackup,520597504,load_100tps
2026-08-05T19:51:29Z,compare-am-gp-n3-4-16-i-adv-mysql-2,mysql,13241499648,load_100tps
2026-08-05T19:51:29Z,compare-am-gp-n3-4-16-i-adv-mysql-2,mysqld-exporter,15208448,load_100tps
2026-08-05T19:51:29Z,compare-am-gp-n3-4-16-i-adv-mysql-2,slow-log-tailer,2056192,load_100tps
2026-08-05T19:51:29Z,compare-am-gp-n3-4-16-i-adv-mysql-2,do-agent,-1,load_100tps
2026-08-05T19:51:29Z,compare-am-gp-n3-4-16-i-adv-mysql-2,xtrabackup,24576000,load_100tps
2026-08-05T19:52:02Z,compare-am-gp-n3-4-16-i-adv-mysql-0,mysql,13350883328,load_100tps
2026-08-05T19:52:02Z,compare-am-gp-n3-4-16-i-adv-mysql-0,mysqld-exporter,16158720,load_100tps
2026-08-05T19:52:02Z,compare-am-gp-n3-4-16-i-adv-mysql-0,slow-log-tailer,2342912,load_100tps
2026-08-05T19:52:02Z,compare-am-gp-n3-4-16-i-adv-mysql-0,do-agent,-1,load_100tps
2026-08-05T19:52:02Z,compare-am-gp-n3-4-16-i-adv-mysql-0,xtrabackup,18927616,load_100tps
2026-08-05T19:52:02Z,compare-am-gp-n3-4-16-i-adv-mysql-1,mysql,12308516864,load_100tps
2026-08-05T19:52:02Z,compare-am-gp-n3-4-16-i-adv-mysql-1,mysqld-exporter,15183872,load_100tps
2026-08-05T19:52:02Z,compare-am-gp-n3-4-16-i-adv-mysql-1,slow-log-tailer,6660096,load_100tps
2026-08-05T19:52:02Z,compare-am-gp-n3-4-16-i-adv-mysql-1,do-agent,-1,load_100tps
2026-08-05T19:52:02Z,compare-am-gp-n3-4-16-i-adv-mysql-1,xtrabackup,520470528,load_100tps
2026-08-05T19:52:02Z,compare-am-gp-n3-4-16-i-adv-mysql-2,mysql,13248438272,load_100tps
2026-08-05T19:52:02Z,compare-am-gp-n3-4-16-i-adv-mysql-2,mysqld-exporter,15138816,load_100tps
2026-08-05T19:52:02Z,compare-am-gp-n3-4-16-i-adv-mysql-2,slow-log-tailer,1830912,load_100tps
2026-08-05T19:52:02Z,compare-am-gp-n3-4-16-i-adv-mysql-2,do-agent,-1,load_100tps
2026-08-05T19:52:02Z,compare-am-gp-n3-4-16-i-adv-mysql-2,xtrabackup,24600576,load_100tps
2026-08-05T19:52:35Z,compare-am-gp-n3-4-16-i-adv-mysql-0,mysql,13350297600,load_100tps
2026-08-05T19:52:35Z,compare-am-gp-n3-4-16-i-adv-mysql-0,mysqld-exporter,15945728,load_100tps
2026-08-05T19:52:35Z,compare-am-gp-n3-4-16-i-adv-mysql-0,slow-log-tailer,3125248,load_100tps
2026-08-05T19:52:35Z,compare-am-gp-n3-4-16-i-adv-mysql-0,do-agent,-1,load_100tps
2026-08-05T19:52:35Z,compare-am-gp-n3-4-16-i-adv-mysql-0,xtrabackup,18903040,load_100tps
2026-08-05T19:52:35Z,compare-am-gp-n3-4-16-i-adv-mysql-1,mysql,12148748288,load_100tps
2026-08-05T19:52:35Z,compare-am-gp-n3-4-16-i-adv-mysql-1,mysqld-exporter,15175680,load_100tps
2026-08-05T19:52:35Z,compare-am-gp-n3-4-16-i-adv-mysql-1,slow-log-tailer,6746112,load_100tps
2026-08-05T19:52:35Z,compare-am-gp-n3-4-16-i-adv-mysql-1,do-agent,-1,load_100tps
2026-08-05T19:52:35Z,compare-am-gp-n3-4-16-i-adv-mysql-1,xtrabackup,520425472,load_100tps
2026-08-05T19:52:35Z,compare-am-gp-n3-4-16-i-adv-mysql-2,mysql,13254328320,load_100tps
2026-08-05T19:52:35Z,compare-am-gp-n3-4-16-i-adv-mysql-2,mysqld-exporter,15196160,load_100tps
2026-08-05T19:52:35Z,compare-am-gp-n3-4-16-i-adv-mysql-2,slow-log-tailer,1859584,load_100tps
2026-08-05T19:52:35Z,compare-am-gp-n3-4-16-i-adv-mysql-2,do-agent,-1,load_100tps
2026-08-05T19:52:35Z,compare-am-gp-n3-4-16-i-adv-mysql-2,xtrabackup,24395776,load_100tps
2026-08-05T19:53:07Z,compare-am-gp-n3-4-16-i-adv-mysql-0,mysql,13341356032,load_100tps
2026-08-05T19:53:07Z,compare-am-gp-n3-4-16-i-adv-mysql-0,mysqld-exporter,15675392,load_100tps
2026-08-05T19:53:07Z,compare-am-gp-n3-4-16-i-adv-mysql-0,slow-log-tailer,2285568,load_100tps
2026-08-05T19:53:07Z,compare-am-gp-n3-4-16-i-adv-mysql-0,do-agent,-1,load_100tps
2026-08-05T19:53:07Z,compare-am-gp-n3-4-16-i-adv-mysql-0,xtrabackup,18976768,load_100tps
2026-08-05T19:53:07Z,compare-am-gp-n3-4-16-i-adv-mysql-1,mysql,12214632448,load_100tps
2026-08-05T19:53:07Z,compare-am-gp-n3-4-16-i-adv-mysql-1,mysqld-exporter,15339520,load_100tps
2026-08-05T19:53:07Z,compare-am-gp-n3-4-16-i-adv-mysql-1,slow-log-tailer,6807552,load_100tps
2026-08-05T19:53:07Z,compare-am-gp-n3-4-16-i-adv-mysql-1,do-agent,-1,load_100tps
2026-08-05T19:53:07Z,compare-am-gp-n3-4-16-i-adv-mysql-1,xtrabackup,520220672,load_100tps
2026-08-05T19:53:07Z,compare-am-gp-n3-4-16-i-adv-mysql-2,mysql,13256318976,load_100tps
2026-08-05T19:53:07Z,compare-am-gp-n3-4-16-i-adv-mysql-2,mysqld-exporter,15360000,load_100tps
2026-08-05T19:53:07Z,compare-am-gp-n3-4-16-i-adv-mysql-2,slow-log-tailer,2256896,load_100tps
2026-08-05T19:53:07Z,compare-am-gp-n3-4-16-i-adv-mysql-2,do-agent,-1,load_100tps
2026-08-05T19:53:07Z,compare-am-gp-n3-4-16-i-adv-mysql-2,xtrabackup,24469504,load_100tps
2026-08-05T19:53:40Z,compare-am-gp-n3-4-16-i-adv-mysql-0,mysql,13356371968,load_100tps
2026-08-05T19:53:40Z,compare-am-gp-n3-4-16-i-adv-mysql-0,mysqld-exporter,15708160,load_100tps
2026-08-05T19:53:40Z,compare-am-gp-n3-4-16-i-adv-mysql-0,slow-log-tailer,2285568,load_100tps
2026-08-05T19:53:40Z,compare-am-gp-n3-4-16-i-adv-mysql-0,do-agent,-1,load_100tps
2026-08-05T19:53:40Z,compare-am-gp-n3-4-16-i-adv-mysql-0,xtrabackup,18948096,load_100tps
2026-08-05T19:53:40Z,compare-am-gp-n3-4-16-i-adv-mysql-1,mysql,12282912768,load_100tps
2026-08-05T19:53:40Z,compare-am-gp-n3-4-16-i-adv-mysql-1,mysqld-exporter,15306752,load_100tps
2026-08-05T19:53:40Z,compare-am-gp-n3-4-16-i-adv-mysql-1,slow-log-tailer,6586368,load_100tps
2026-08-05T19:53:40Z,compare-am-gp-n3-4-16-i-adv-mysql-1,do-agent,-1,load_100tps
2026-08-05T19:53:40Z,compare-am-gp-n3-4-16-i-adv-mysql-1,xtrabackup,520454144,load_100tps
2026-08-05T19:53:40Z,compare-am-gp-n3-4-16-i-adv-mysql-2,mysql,13252505600,load_100tps
2026-08-05T19:53:40Z,compare-am-gp-n3-4-16-i-adv-mysql-2,mysqld-exporter,15347712,load_100tps
2026-08-05T19:53:40Z,compare-am-gp-n3-4-16-i-adv-mysql-2,slow-log-tailer,1814528,load_100tps
2026-08-05T19:53:40Z,compare-am-gp-n3-4-16-i-adv-mysql-2,do-agent,-1,load_100tps
2026-08-05T19:53:40Z,compare-am-gp-n3-4-16-i-adv-mysql-2,xtrabackup,24469504,load_100tps
2026-08-05T19:54:13Z,compare-am-gp-n3-4-16-i-adv-mysql-0,mysql,13343014912,load_100tps
2026-08-05T19:54:13Z,compare-am-gp-n3-4-16-i-adv-mysql-0,mysqld-exporter,15597568,load_100tps
2026-08-05T19:54:13Z,compare-am-gp-n3-4-16-i-adv-mysql-0,slow-log-tailer,2125824,load_100tps
2026-08-05T19:54:13Z,compare-am-gp-n3-4-16-i-adv-mysql-0,do-agent,-1,load_100tps
2026-08-05T19:54:13Z,compare-am-gp-n3-4-16-i-adv-mysql-0,xtrabackup,19038208,load_100tps
2026-08-05T19:54:13Z,compare-am-gp-n3-4-16-i-adv-mysql-1,mysql,12346212352,load_100tps
2026-08-05T19:54:13Z,compare-am-gp-n3-4-16-i-adv-mysql-1,mysqld-exporter,15306752,load_100tps
2026-08-05T19:54:13Z,compare-am-gp-n3-4-16-i-adv-mysql-1,slow-log-tailer,6615040,load_100tps
2026-08-05T19:54:13Z,compare-am-gp-n3-4-16-i-adv-mysql-1,do-agent,-1,load_100tps
2026-08-05T19:54:13Z,compare-am-gp-n3-4-16-i-adv-mysql-1,xtrabackup,520450048,load_100tps
2026-08-05T19:54:13Z,compare-am-gp-n3-4-16-i-adv-mysql-2,mysql,13244964864,load_100tps
2026-08-05T19:54:13Z,compare-am-gp-n3-4-16-i-adv-mysql-2,mysqld-exporter,15499264,load_100tps
2026-08-05T19:54:13Z,compare-am-gp-n3-4-16-i-adv-mysql-2,slow-log-tailer,2064384,load_100tps
2026-08-05T19:54:13Z,compare-am-gp-n3-4-16-i-adv-mysql-2,do-agent,-1,load_100tps
2026-08-05T19:54:13Z,compare-am-gp-n3-4-16-i-adv-mysql-2,xtrabackup,24449024,load_100tps
2026-08-05T19:54:45Z,compare-am-gp-n3-4-16-i-adv-mysql-0,mysql,13350862848,load_100tps
2026-08-05T19:54:45Z,compare-am-gp-n3-4-16-i-adv-mysql-0,mysqld-exporter,15708160,load_100tps
2026-08-05T19:54:45Z,compare-am-gp-n3-4-16-i-adv-mysql-0,slow-log-tailer,2121728,load_100tps
2026-08-05T19:54:45Z,compare-am-gp-n3-4-16-i-adv-mysql-0,do-agent,-1,load_100tps
2026-08-05T19:54:45Z,compare-am-gp-n3-4-16-i-adv-mysql-0,xtrabackup,19177472,load_100tps
2026-08-05T19:54:45Z,compare-am-gp-n3-4-16-i-adv-mysql-1,mysql,12273475584,load_100tps
2026-08-05T19:54:45Z,compare-am-gp-n3-4-16-i-adv-mysql-1,mysqld-exporter,15343616,load_100tps
2026-08-05T19:54:45Z,compare-am-gp-n3-4-16-i-adv-mysql-1,slow-log-tailer,6787072,load_100tps
2026-08-05T19:54:45Z,compare-am-gp-n3-4-16-i-adv-mysql-1,do-agent,-1,load_100tps
2026-08-05T19:54:45Z,compare-am-gp-n3-4-16-i-adv-mysql-1,xtrabackup,520843264,load_100tps
2026-08-05T19:54:45Z,compare-am-gp-n3-4-16-i-adv-mysql-2,mysql,13258596352,load_100tps
2026-08-05T19:54:45Z,compare-am-gp-n3-4-16-i-adv-mysql-2,mysqld-exporter,15405056,load_100tps
2026-08-05T19:54:45Z,compare-am-gp-n3-4-16-i-adv-mysql-2,slow-log-tailer,1855488,load_100tps
2026-08-05T19:54:45Z,compare-am-gp-n3-4-16-i-adv-mysql-2,do-agent,-1,load_100tps
2026-08-05T19:54:45Z,compare-am-gp-n3-4-16-i-adv-mysql-2,xtrabackup,24186880,load_100tps
2026-08-05T19:55:19Z,compare-am-gp-n3-4-16-i-adv-mysql-0,mysql,13390811136,load_100tps
2026-08-05T19:55:19Z,compare-am-gp-n3-4-16-i-adv-mysql-0,mysqld-exporter,15904768,load_100tps
2026-08-05T19:55:19Z,compare-am-gp-n3-4-16-i-adv-mysql-0,slow-log-tailer,2359296,load_100tps
2026-08-05T19:55:19Z,compare-am-gp-n3-4-16-i-adv-mysql-0,do-agent,-1,load_100tps
2026-08-05T19:55:19Z,compare-am-gp-n3-4-16-i-adv-mysql-0,xtrabackup,18886656,load_100tps
2026-08-05T19:55:19Z,compare-am-gp-n3-4-16-i-adv-mysql-1,mysql,12271312896,load_100tps
2026-08-05T19:55:19Z,compare-am-gp-n3-4-16-i-adv-mysql-1,mysqld-exporter,15306752,load_100tps
2026-08-05T19:55:19Z,compare-am-gp-n3-4-16-i-adv-mysql-1,slow-log-tailer,6656000,load_100tps
2026-08-05T19:55:19Z,compare-am-gp-n3-4-16-i-adv-mysql-1,do-agent,-1,load_100tps
2026-08-05T19:55:19Z,compare-am-gp-n3-4-16-i-adv-mysql-1,xtrabackup,521015296,load_100tps
2026-08-05T19:55:19Z,compare-am-gp-n3-4-16-i-adv-mysql-2,mysql,13246844928,load_100tps
2026-08-05T19:55:19Z,compare-am-gp-n3-4-16-i-adv-mysql-2,mysqld-exporter,15380480,load_100tps
2026-08-05T19:55:19Z,compare-am-gp-n3-4-16-i-adv-mysql-2,slow-log-tailer,1966080,load_100tps
2026-08-05T19:55:19Z,compare-am-gp-n3-4-16-i-adv-mysql-2,do-agent,-1,load_100tps
2026-08-05T19:55:19Z,compare-am-gp-n3-4-16-i-adv-mysql-2,xtrabackup,24399872,load_100tps
2026-08-05T19:55:51Z,compare-am-gp-n3-4-16-i-adv-mysql-0,mysql,13390708736,load_100tps
2026-08-05T19:55:51Z,compare-am-gp-n3-4-16-i-adv-mysql-0,mysqld-exporter,15835136,load_100tps
2026-08-05T19:55:51Z,compare-am-gp-n3-4-16-i-adv-mysql-0,slow-log-tailer,2199552,load_100tps
2026-08-05T19:55:51Z,compare-am-gp-n3-4-16-i-adv-mysql-0,do-agent,-1,load_100tps
2026-08-05T19:55:51Z,compare-am-gp-n3-4-16-i-adv-mysql-0,xtrabackup,18763776,load_100tps
2026-08-05T19:55:51Z,compare-am-gp-n3-4-16-i-adv-mysql-1,mysql,12325801984,load_100tps
2026-08-05T19:55:51Z,compare-am-gp-n3-4-16-i-adv-mysql-1,mysqld-exporter,15437824,load_100tps
2026-08-05T19:55:51Z,compare-am-gp-n3-4-16-i-adv-mysql-1,slow-log-tailer,6696960,load_100tps
2026-08-05T19:55:51Z,compare-am-gp-n3-4-16-i-adv-mysql-1,do-agent,-1,load_100tps
2026-08-05T19:55:51Z,compare-am-gp-n3-4-16-i-adv-mysql-1,xtrabackup,521056256,load_100tps
2026-08-05T19:55:51Z,compare-am-gp-n3-4-16-i-adv-mysql-2,mysql,13262934016,load_100tps
2026-08-05T19:55:51Z,compare-am-gp-n3-4-16-i-adv-mysql-2,mysqld-exporter,15446016,load_100tps
2026-08-05T19:55:51Z,compare-am-gp-n3-4-16-i-adv-mysql-2,slow-log-tailer,2256896,load_100tps
2026-08-05T19:55:51Z,compare-am-gp-n3-4-16-i-adv-mysql-2,do-agent,-1,load_100tps
2026-08-05T19:55:51Z,compare-am-gp-n3-4-16-i-adv-mysql-2,xtrabackup,24387584,load_100tps
2026-08-05T19:56:24Z,compare-am-gp-n3-4-16-i-adv-mysql-0,mysql,13338071040,load_100tps
2026-08-05T19:56:24Z,compare-am-gp-n3-4-16-i-adv-mysql-0,mysqld-exporter,15851520,load_100tps
2026-08-05T19:56:24Z,compare-am-gp-n3-4-16-i-adv-mysql-0,slow-log-tailer,2473984,load_100tps
2026-08-05T19:56:24Z,compare-am-gp-n3-4-16-i-adv-mysql-0,do-agent,-1,load_100tps
2026-08-05T19:56:24Z,compare-am-gp-n3-4-16-i-adv-mysql-0,xtrabackup,18931712,load_100tps
2026-08-05T19:56:24Z,compare-am-gp-n3-4-16-i-adv-mysql-1,mysql,12377595904,load_100tps
2026-08-05T19:56:24Z,compare-am-gp-n3-4-16-i-adv-mysql-1,mysqld-exporter,15306752,load_100tps
2026-08-05T19:56:24Z,compare-am-gp-n3-4-16-i-adv-mysql-1,slow-log-tailer,6516736,load_100tps
2026-08-05T19:56:24Z,compare-am-gp-n3-4-16-i-adv-mysql-1,do-agent,-1,load_100tps
2026-08-05T19:56:24Z,compare-am-gp-n3-4-16-i-adv-mysql-1,xtrabackup,522014720,load_100tps
2026-08-05T19:56:24Z,compare-am-gp-n3-4-16-i-adv-mysql-2,mysql,13239181312,load_100tps
2026-08-05T19:56:24Z,compare-am-gp-n3-4-16-i-adv-mysql-2,mysqld-exporter,15331328,load_100tps
2026-08-05T19:56:24Z,compare-am-gp-n3-4-16-i-adv-mysql-2,slow-log-tailer,1810432,load_100tps
2026-08-05T19:56:24Z,compare-am-gp-n3-4-16-i-adv-mysql-2,do-agent,-1,load_100tps
2026-08-05T19:56:24Z,compare-am-gp-n3-4-16-i-adv-mysql-2,xtrabackup,24416256,load_100tps
2026-08-05T19:56:57Z,compare-am-gp-n3-4-16-i-adv-mysql-0,mysql,13340127232,load_100tps
2026-08-05T19:56:57Z,compare-am-gp-n3-4-16-i-adv-mysql-0,mysqld-exporter,16244736,load_100tps
2026-08-05T19:56:57Z,compare-am-gp-n3-4-16-i-adv-mysql-0,slow-log-tailer,2469888,load_100tps
2026-08-05T19:56:57Z,compare-am-gp-n3-4-16-i-adv-mysql-0,do-agent,-1,load_100tps
2026-08-05T19:56:57Z,compare-am-gp-n3-4-16-i-adv-mysql-0,xtrabackup,18903040,load_100tps
2026-08-05T19:56:57Z,compare-am-gp-n3-4-16-i-adv-mysql-1,mysql,12404641792,load_100tps
2026-08-05T19:56:57Z,compare-am-gp-n3-4-16-i-adv-mysql-1,mysqld-exporter,15749120,load_100tps
2026-08-05T19:56:57Z,compare-am-gp-n3-4-16-i-adv-mysql-1,slow-log-tailer,6565888,load_100tps
2026-08-05T19:56:57Z,compare-am-gp-n3-4-16-i-adv-mysql-1,do-agent,-1,load_100tps
2026-08-05T19:56:57Z,compare-am-gp-n3-4-16-i-adv-mysql-1,xtrabackup,522010624,load_100tps
2026-08-05T19:56:57Z,compare-am-gp-n3-4-16-i-adv-mysql-2,mysql,13219037184,load_100tps
2026-08-05T19:56:57Z,compare-am-gp-n3-4-16-i-adv-mysql-2,mysqld-exporter,15273984,load_100tps
2026-08-05T19:56:57Z,compare-am-gp-n3-4-16-i-adv-mysql-2,slow-log-tailer,1941504,load_100tps
2026-08-05T19:56:57Z,compare-am-gp-n3-4-16-i-adv-mysql-2,do-agent,-1,load_100tps
2026-08-05T19:56:57Z,compare-am-gp-n3-4-16-i-adv-mysql-2,xtrabackup,24489984,load_100tps
2026-08-05T19:57:30Z,compare-am-gp-n3-4-16-i-adv-mysql-0,mysql,13349773312,load_100tps
2026-08-05T19:57:30Z,compare-am-gp-n3-4-16-i-adv-mysql-0,mysqld-exporter,15863808,load_100tps
2026-08-05T19:57:30Z,compare-am-gp-n3-4-16-i-adv-mysql-0,slow-log-tailer,2039808,load_100tps
2026-08-05T19:57:30Z,compare-am-gp-n3-4-16-i-adv-mysql-0,do-agent,-1,load_100tps
2026-08-05T19:57:30Z,compare-am-gp-n3-4-16-i-adv-mysql-0,xtrabackup,18944000,load_100tps
2026-08-05T19:57:30Z,compare-am-gp-n3-4-16-i-adv-mysql-1,mysql,12295757824,load_100tps
2026-08-05T19:57:30Z,compare-am-gp-n3-4-16-i-adv-mysql-1,mysqld-exporter,15642624,load_100tps
2026-08-05T19:57:30Z,compare-am-gp-n3-4-16-i-adv-mysql-1,slow-log-tailer,6688768,load_100tps
2026-08-05T19:57:30Z,compare-am-gp-n3-4-16-i-adv-mysql-1,do-agent,-1,load_100tps
2026-08-05T19:57:30Z,compare-am-gp-n3-4-16-i-adv-mysql-1,xtrabackup,522272768,load_100tps
2026-08-05T19:57:30Z,compare-am-gp-n3-4-16-i-adv-mysql-2,mysql,13221249024,load_100tps
2026-08-05T19:57:30Z,compare-am-gp-n3-4-16-i-adv-mysql-2,mysqld-exporter,15609856,load_100tps
2026-08-05T19:57:30Z,compare-am-gp-n3-4-16-i-adv-mysql-2,slow-log-tailer,1830912,load_100tps
2026-08-05T19:57:30Z,compare-am-gp-n3-4-16-i-adv-mysql-2,do-agent,-1,load_100tps
2026-08-05T19:57:30Z,compare-am-gp-n3-4-16-i-adv-mysql-2,xtrabackup,24367104,load_100tps
2026-08-05T19:58:03Z,compare-am-gp-n3-4-16-i-adv-mysql-0,mysql,13357363200,load_100tps
2026-08-05T19:58:03Z,compare-am-gp-n3-4-16-i-adv-mysql-0,mysqld-exporter,15953920,load_100tps
2026-08-05T19:58:03Z,compare-am-gp-n3-4-16-i-adv-mysql-0,slow-log-tailer,2166784,load_100tps
2026-08-05T19:58:03Z,compare-am-gp-n3-4-16-i-adv-mysql-0,do-agent,-1,load_100tps
2026-08-05T19:58:03Z,compare-am-gp-n3-4-16-i-adv-mysql-0,xtrabackup,18980864,load_100tps
2026-08-05T19:58:03Z,compare-am-gp-n3-4-16-i-adv-mysql-1,mysql,12294246400,load_100tps
2026-08-05T19:58:03Z,compare-am-gp-n3-4-16-i-adv-mysql-1,mysqld-exporter,15876096,load_100tps
2026-08-05T19:58:03Z,compare-am-gp-n3-4-16-i-adv-mysql-1,slow-log-tailer,6692864,load_100tps
2026-08-05T19:58:03Z,compare-am-gp-n3-4-16-i-adv-mysql-1,do-agent,-1,load_100tps
2026-08-05T19:58:03Z,compare-am-gp-n3-4-16-i-adv-mysql-1,xtrabackup,522559488,load_100tps
2026-08-05T19:58:03Z,compare-am-gp-n3-4-16-i-adv-mysql-2,mysql,13237096448,load_100tps
2026-08-05T19:58:03Z,compare-am-gp-n3-4-16-i-adv-mysql-2,mysqld-exporter,15790080,load_100tps
2026-08-05T19:58:03Z,compare-am-gp-n3-4-16-i-adv-mysql-2,slow-log-tailer,2367488,load_100tps
2026-08-05T19:58:03Z,compare-am-gp-n3-4-16-i-adv-mysql-2,do-agent,-1,load_100tps
2026-08-05T19:58:03Z,compare-am-gp-n3-4-16-i-adv-mysql-2,xtrabackup,24444928,load_100tps
2026-08-05T19:58:35Z,compare-am-gp-n3-4-16-i-adv-mysql-0,mysql,13368774656,load_100tps
2026-08-05T19:58:35Z,compare-am-gp-n3-4-16-i-adv-mysql-0,mysqld-exporter,15863808,load_100tps
2026-08-05T19:58:35Z,compare-am-gp-n3-4-16-i-adv-mysql-0,slow-log-tailer,2322432,load_100tps
2026-08-05T19:58:35Z,compare-am-gp-n3-4-16-i-adv-mysql-0,do-agent,-1,load_100tps
2026-08-05T19:58:35Z,compare-am-gp-n3-4-16-i-adv-mysql-0,xtrabackup,18788352,load_100tps
2026-08-05T19:58:35Z,compare-am-gp-n3-4-16-i-adv-mysql-1,mysql,12350369792,load_100tps
2026-08-05T19:58:35Z,compare-am-gp-n3-4-16-i-adv-mysql-1,mysqld-exporter,15736832,load_100tps
2026-08-05T19:58:35Z,compare-am-gp-n3-4-16-i-adv-mysql-1,slow-log-tailer,6504448,load_100tps
2026-08-05T19:58:35Z,compare-am-gp-n3-4-16-i-adv-mysql-1,do-agent,-1,load_100tps
2026-08-05T19:58:35Z,compare-am-gp-n3-4-16-i-adv-mysql-1,xtrabackup,523153408,load_100tps
2026-08-05T19:58:35Z,compare-am-gp-n3-4-16-i-adv-mysql-2,mysql,13225111552,load_100tps
2026-08-05T19:58:35Z,compare-am-gp-n3-4-16-i-adv-mysql-2,mysqld-exporter,15609856,load_100tps
2026-08-05T19:58:35Z,compare-am-gp-n3-4-16-i-adv-mysql-2,slow-log-tailer,1867776,load_100tps
2026-08-05T19:58:35Z,compare-am-gp-n3-4-16-i-adv-mysql-2,do-agent,-1,load_100tps
2026-08-05T19:58:35Z,compare-am-gp-n3-4-16-i-adv-mysql-2,xtrabackup,24621056,load_100tps
2026-08-05T19:59:08Z,compare-am-gp-n3-4-16-i-adv-mysql-0,mysql,13357215744,load_100tps
2026-08-05T19:59:08Z,compare-am-gp-n3-4-16-i-adv-mysql-0,mysqld-exporter,15646720,load_100tps
2026-08-05T19:59:08Z,compare-am-gp-n3-4-16-i-adv-mysql-0,slow-log-tailer,2248704,load_100tps
2026-08-05T19:59:08Z,compare-am-gp-n3-4-16-i-adv-mysql-0,do-agent,-1,load_100tps
2026-08-05T19:59:08Z,compare-am-gp-n3-4-16-i-adv-mysql-0,xtrabackup,18919424,load_100tps
2026-08-05T19:59:08Z,compare-am-gp-n3-4-16-i-adv-mysql-1,mysql,12402335744,load_100tps
2026-08-05T19:59:08Z,compare-am-gp-n3-4-16-i-adv-mysql-1,mysqld-exporter,15601664,load_100tps
2026-08-05T19:59:08Z,compare-am-gp-n3-4-16-i-adv-mysql-1,slow-log-tailer,6508544,load_100tps
2026-08-05T19:59:08Z,compare-am-gp-n3-4-16-i-adv-mysql-1,do-agent,-1,load_100tps
2026-08-05T19:59:08Z,compare-am-gp-n3-4-16-i-adv-mysql-1,xtrabackup,523304960,load_100tps
2026-08-05T19:59:08Z,compare-am-gp-n3-4-16-i-adv-mysql-2,mysql,13229375488,load_100tps
2026-08-05T19:59:08Z,compare-am-gp-n3-4-16-i-adv-mysql-2,mysqld-exporter,15675392,load_100tps
2026-08-05T19:59:08Z,compare-am-gp-n3-4-16-i-adv-mysql-2,slow-log-tailer,1921024,load_100tps
2026-08-05T19:59:08Z,compare-am-gp-n3-4-16-i-adv-mysql-2,do-agent,-1,load_100tps
2026-08-05T19:59:08Z,compare-am-gp-n3-4-16-i-adv-mysql-2,xtrabackup,24514560,load_100tps
2026-08-05T19:59:41Z,compare-am-gp-n3-4-16-i-adv-mysql-0,mysql,13369614336,load_100tps
2026-08-05T19:59:41Z,compare-am-gp-n3-4-16-i-adv-mysql-0,mysqld-exporter,15650816,load_100tps
2026-08-05T19:59:41Z,compare-am-gp-n3-4-16-i-adv-mysql-0,slow-log-tailer,2195456,load_100tps
2026-08-05T19:59:41Z,compare-am-gp-n3-4-16-i-adv-mysql-0,do-agent,-1,load_100tps
2026-08-05T19:59:41Z,compare-am-gp-n3-4-16-i-adv-mysql-0,xtrabackup,18714624,load_100tps
2026-08-05T19:59:41Z,compare-am-gp-n3-4-16-i-adv-mysql-1,mysql,12401246208,load_100tps
2026-08-05T19:59:41Z,compare-am-gp-n3-4-16-i-adv-mysql-1,mysqld-exporter,15572992,load_100tps
2026-08-05T19:59:41Z,compare-am-gp-n3-4-16-i-adv-mysql-1,slow-log-tailer,6524928,load_100tps
2026-08-05T19:59:41Z,compare-am-gp-n3-4-16-i-adv-mysql-1,do-agent,-1,load_100tps
2026-08-05T19:59:41Z,compare-am-gp-n3-4-16-i-adv-mysql-1,xtrabackup,523603968,load_100tps
2026-08-05T19:59:41Z,compare-am-gp-n3-4-16-i-adv-mysql-2,mysql,13243203584,load_100tps
2026-08-05T19:59:41Z,compare-am-gp-n3-4-16-i-adv-mysql-2,mysqld-exporter,16052224,load_100tps
2026-08-05T19:59:41Z,compare-am-gp-n3-4-16-i-adv-mysql-2,slow-log-tailer,1904640,load_100tps
2026-08-05T19:59:41Z,compare-am-gp-n3-4-16-i-adv-mysql-2,do-agent,-1,load_100tps
2026-08-05T19:59:41Z,compare-am-gp-n3-4-16-i-adv-mysql-2,xtrabackup,24436736,load_100tps
2026-08-05T20:00:14Z,compare-am-gp-n3-4-16-i-adv-mysql-0,mysql,13393936384,load_100tps
2026-08-05T20:00:14Z,compare-am-gp-n3-4-16-i-adv-mysql-0,mysqld-exporter,15491072,load_100tps
2026-08-05T20:00:14Z,compare-am-gp-n3-4-16-i-adv-mysql-0,slow-log-tailer,2195456,load_100tps
2026-08-05T20:00:14Z,compare-am-gp-n3-4-16-i-adv-mysql-0,do-agent,-1,load_100tps
2026-08-05T20:00:14Z,compare-am-gp-n3-4-16-i-adv-mysql-0,xtrabackup,19210240,load_100tps
2026-08-05T20:00:14Z,compare-am-gp-n3-4-16-i-adv-mysql-1,mysql,12162334720,load_100tps
2026-08-05T20:00:14Z,compare-am-gp-n3-4-16-i-adv-mysql-1,mysqld-exporter,15552512,load_100tps
2026-08-05T20:00:14Z,compare-am-gp-n3-4-16-i-adv-mysql-1,slow-log-tailer,6557696,load_100tps
2026-08-05T20:00:14Z,compare-am-gp-n3-4-16-i-adv-mysql-1,do-agent,-1,load_100tps
2026-08-05T20:00:14Z,compare-am-gp-n3-4-16-i-adv-mysql-1,xtrabackup,523833344,load_100tps
2026-08-05T20:00:14Z,compare-am-gp-n3-4-16-i-adv-mysql-2,mysql,13241335808,load_100tps
2026-08-05T20:00:14Z,compare-am-gp-n3-4-16-i-adv-mysql-2,mysqld-exporter,16068608,load_100tps
2026-08-05T20:00:14Z,compare-am-gp-n3-4-16-i-adv-mysql-2,slow-log-tailer,1777664,load_100tps
2026-08-05T20:00:14Z,compare-am-gp-n3-4-16-i-adv-mysql-2,do-agent,-1,load_100tps
2026-08-05T20:00:14Z,compare-am-gp-n3-4-16-i-adv-mysql-2,xtrabackup,24313856,load_100tps
2026-08-05T20:00:47Z,compare-am-gp-n3-4-16-i-adv-mysql-0,mysql,13391466496,load_100tps
2026-08-05T20:00:47Z,compare-am-gp-n3-4-16-i-adv-mysql-0,mysqld-exporter,15646720,load_100tps
2026-08-05T20:00:47Z,compare-am-gp-n3-4-16-i-adv-mysql-0,slow-log-tailer,2232320,load_100tps
2026-08-05T20:00:47Z,compare-am-gp-n3-4-16-i-adv-mysql-0,do-agent,-1,load_100tps
2026-08-05T20:00:47Z,compare-am-gp-n3-4-16-i-adv-mysql-0,xtrabackup,19042304,load_100tps
2026-08-05T20:00:47Z,compare-am-gp-n3-4-16-i-adv-mysql-1,mysql,12056338432,load_100tps
2026-08-05T20:00:47Z,compare-am-gp-n3-4-16-i-adv-mysql-1,mysqld-exporter,15323136,load_100tps
2026-08-05T20:00:47Z,compare-am-gp-n3-4-16-i-adv-mysql-1,slow-log-tailer,6696960,load_100tps
2026-08-05T20:00:47Z,compare-am-gp-n3-4-16-i-adv-mysql-1,do-agent,-1,load_100tps
2026-08-05T20:00:47Z,compare-am-gp-n3-4-16-i-adv-mysql-1,xtrabackup,524447744,load_100tps
2026-08-05T20:00:47Z,compare-am-gp-n3-4-16-i-adv-mysql-2,mysql,13220945920,load_100tps
2026-08-05T20:00:47Z,compare-am-gp-n3-4-16-i-adv-mysql-2,mysqld-exporter,15282176,load_100tps
2026-08-05T20:00:47Z,compare-am-gp-n3-4-16-i-adv-mysql-2,slow-log-tailer,1810432,load_100tps
2026-08-05T20:00:47Z,compare-am-gp-n3-4-16-i-adv-mysql-2,do-agent,-1,load_100tps
2026-08-05T20:00:47Z,compare-am-gp-n3-4-16-i-adv-mysql-2,xtrabackup,24399872,load_100tps
2026-08-05T20:01:20Z,compare-am-gp-n3-4-16-i-adv-mysql-0,mysql,13377429504,load_100tps
2026-08-05T20:01:20Z,compare-am-gp-n3-4-16-i-adv-mysql-0,mysqld-exporter,15671296,load_100tps
2026-08-05T20:01:20Z,compare-am-gp-n3-4-16-i-adv-mysql-0,slow-log-tailer,2076672,load_100tps
2026-08-05T20:01:20Z,compare-am-gp-n3-4-16-i-adv-mysql-0,do-agent,-1,load_100tps
2026-08-05T20:01:20Z,compare-am-gp-n3-4-16-i-adv-mysql-0,xtrabackup,18890752,load_100tps
2026-08-05T20:01:20Z,compare-am-gp-n3-4-16-i-adv-mysql-1,mysql,12108660736,load_100tps
2026-08-05T20:01:20Z,compare-am-gp-n3-4-16-i-adv-mysql-1,mysqld-exporter,15998976,load_100tps
2026-08-05T20:01:20Z,compare-am-gp-n3-4-16-i-adv-mysql-1,slow-log-tailer,6467584,load_100tps
2026-08-05T20:01:20Z,compare-am-gp-n3-4-16-i-adv-mysql-1,do-agent,-1,load_100tps
2026-08-05T20:01:20Z,compare-am-gp-n3-4-16-i-adv-mysql-1,xtrabackup,524451840,load_100tps
2026-08-05T20:01:20Z,compare-am-gp-n3-4-16-i-adv-mysql-2,mysql,13218816000,load_100tps
2026-08-05T20:01:20Z,compare-am-gp-n3-4-16-i-adv-mysql-2,mysqld-exporter,15745024,load_100tps
2026-08-05T20:01:20Z,compare-am-gp-n3-4-16-i-adv-mysql-2,slow-log-tailer,1937408,load_100tps
2026-08-05T20:01:20Z,compare-am-gp-n3-4-16-i-adv-mysql-2,do-agent,-1,load_100tps
2026-08-05T20:01:20Z,compare-am-gp-n3-4-16-i-adv-mysql-2,xtrabackup,24367104,load_100tps
2026-08-05T20:01:53Z,compare-am-gp-n3-4-16-i-adv-mysql-0,mysql,13341507584,load_100tps
2026-08-05T20:01:53Z,compare-am-gp-n3-4-16-i-adv-mysql-0,mysqld-exporter,15781888,load_100tps
2026-08-05T20:01:53Z,compare-am-gp-n3-4-16-i-adv-mysql-0,slow-log-tailer,2203648,load_100tps
2026-08-05T20:01:53Z,compare-am-gp-n3-4-16-i-adv-mysql-0,do-agent,-1,load_100tps
2026-08-05T20:01:53Z,compare-am-gp-n3-4-16-i-adv-mysql-0,xtrabackup,19054592,load_100tps
2026-08-05T20:01:53Z,compare-am-gp-n3-4-16-i-adv-mysql-1,mysql,12162498560,load_100tps
2026-08-05T20:01:53Z,compare-am-gp-n3-4-16-i-adv-mysql-1,mysqld-exporter,15638528,load_100tps
2026-08-05T20:01:53Z,compare-am-gp-n3-4-16-i-adv-mysql-1,slow-log-tailer,6590464,load_100tps
2026-08-05T20:01:53Z,compare-am-gp-n3-4-16-i-adv-mysql-1,do-agent,-1,load_100tps
2026-08-05T20:01:53Z,compare-am-gp-n3-4-16-i-adv-mysql-1,xtrabackup,524902400,load_100tps
2026-08-05T20:01:53Z,compare-am-gp-n3-4-16-i-adv-mysql-2,mysql,13244502016,load_100tps
2026-08-05T20:01:53Z,compare-am-gp-n3-4-16-i-adv-mysql-2,mysqld-exporter,15511552,load_100tps
2026-08-05T20:01:53Z,compare-am-gp-n3-4-16-i-adv-mysql-2,slow-log-tailer,1961984,load_100tps
2026-08-05T20:01:53Z,compare-am-gp-n3-4-16-i-adv-mysql-2,do-agent,-1,load_100tps
2026-08-05T20:01:53Z,compare-am-gp-n3-4-16-i-adv-mysql-2,xtrabackup,24481792,load_100tps
2026-08-05T20:02:26Z,compare-am-gp-n3-4-16-i-adv-mysql-0,mysql,13348757504,load_100tps
2026-08-05T20:02:26Z,compare-am-gp-n3-4-16-i-adv-mysql-0,mysqld-exporter,15777792,load_100tps
2026-08-05T20:02:26Z,compare-am-gp-n3-4-16-i-adv-mysql-0,slow-log-tailer,2076672,load_100tps
2026-08-05T20:02:26Z,compare-am-gp-n3-4-16-i-adv-mysql-0,do-agent,-1,load_100tps
2026-08-05T20:02:26Z,compare-am-gp-n3-4-16-i-adv-mysql-0,xtrabackup,18964480,load_100tps
2026-08-05T20:02:26Z,compare-am-gp-n3-4-16-i-adv-mysql-1,mysql,12216979456,load_100tps
2026-08-05T20:02:26Z,compare-am-gp-n3-4-16-i-adv-mysql-1,mysqld-exporter,15753216,load_100tps
2026-08-05T20:02:26Z,compare-am-gp-n3-4-16-i-adv-mysql-1,slow-log-tailer,6647808,load_100tps
2026-08-05T20:02:26Z,compare-am-gp-n3-4-16-i-adv-mysql-1,do-agent,-1,load_100tps
2026-08-05T20:02:26Z,compare-am-gp-n3-4-16-i-adv-mysql-1,xtrabackup,525029376,load_100tps
2026-08-05T20:02:26Z,compare-am-gp-n3-4-16-i-adv-mysql-2,mysql,13242548224,load_100tps
2026-08-05T20:02:26Z,compare-am-gp-n3-4-16-i-adv-mysql-2,mysqld-exporter,15355904,load_100tps
2026-08-05T20:02:26Z,compare-am-gp-n3-4-16-i-adv-mysql-2,slow-log-tailer,1769472,load_100tps
2026-08-05T20:02:26Z,compare-am-gp-n3-4-16-i-adv-mysql-2,do-agent,-1,load_100tps
2026-08-05T20:02:26Z,compare-am-gp-n3-4-16-i-adv-mysql-2,xtrabackup,24391680,load_100tps
2026-08-05T20:02:58Z,compare-am-gp-n3-4-16-i-adv-mysql-0,mysql,13347753984,load_100tps
2026-08-05T20:02:58Z,compare-am-gp-n3-4-16-i-adv-mysql-0,mysqld-exporter,15736832,load_100tps
2026-08-05T20:02:58Z,compare-am-gp-n3-4-16-i-adv-mysql-0,slow-log-tailer,2019328,load_100tps
2026-08-05T20:02:58Z,compare-am-gp-n3-4-16-i-adv-mysql-0,do-agent,-1,load_100tps
2026-08-05T20:02:58Z,compare-am-gp-n3-4-16-i-adv-mysql-0,xtrabackup,18939904,load_100tps
2026-08-05T20:02:58Z,compare-am-gp-n3-4-16-i-adv-mysql-1,mysql,12245876736,load_100tps
2026-08-05T20:02:58Z,compare-am-gp-n3-4-16-i-adv-mysql-1,mysqld-exporter,15548416,load_100tps
2026-08-05T20:02:58Z,compare-am-gp-n3-4-16-i-adv-mysql-1,slow-log-tailer,6803456,load_100tps
2026-08-05T20:02:58Z,compare-am-gp-n3-4-16-i-adv-mysql-1,do-agent,-1,load_100tps
2026-08-05T20:02:58Z,compare-am-gp-n3-4-16-i-adv-mysql-1,xtrabackup,525529088,load_100tps
2026-08-05T20:02:58Z,compare-am-gp-n3-4-16-i-adv-mysql-2,mysql,13233410048,load_100tps
2026-08-05T20:02:58Z,compare-am-gp-n3-4-16-i-adv-mysql-2,mysqld-exporter,15732736,load_100tps
2026-08-05T20:02:58Z,compare-am-gp-n3-4-16-i-adv-mysql-2,slow-log-tailer,1916928,load_100tps
2026-08-05T20:02:58Z,compare-am-gp-n3-4-16-i-adv-mysql-2,do-agent,-1,load_100tps
2026-08-05T20:02:58Z,compare-am-gp-n3-4-16-i-adv-mysql-2,xtrabackup,24432640,load_100tps
2026-08-05T20:03:31Z,compare-am-gp-n3-4-16-i-adv-mysql-0,mysql,13357907968,load_100tps
2026-08-05T20:03:31Z,compare-am-gp-n3-4-16-i-adv-mysql-0,mysqld-exporter,16105472,load_100tps
2026-08-05T20:03:31Z,compare-am-gp-n3-4-16-i-adv-mysql-0,slow-log-tailer,2019328,load_100tps
2026-08-05T20:03:31Z,compare-am-gp-n3-4-16-i-adv-mysql-0,do-agent,-1,load_100tps
2026-08-05T20:03:31Z,compare-am-gp-n3-4-16-i-adv-mysql-0,xtrabackup,18698240,load_100tps
2026-08-05T20:03:31Z,compare-am-gp-n3-4-16-i-adv-mysql-1,mysql,12060782592,load_100tps
2026-08-05T20:03:31Z,compare-am-gp-n3-4-16-i-adv-mysql-1,mysqld-exporter,15400960,load_100tps
2026-08-05T20:03:31Z,compare-am-gp-n3-4-16-i-adv-mysql-1,slow-log-tailer,6791168,load_100tps
2026-08-05T20:03:31Z,compare-am-gp-n3-4-16-i-adv-mysql-1,do-agent,-1,load_100tps
2026-08-05T20:03:31Z,compare-am-gp-n3-4-16-i-adv-mysql-1,xtrabackup,525873152,load_100tps
2026-08-05T20:03:31Z,compare-am-gp-n3-4-16-i-adv-mysql-2,mysql,13245149184,load_100tps
2026-08-05T20:03:31Z,compare-am-gp-n3-4-16-i-adv-mysql-2,mysqld-exporter,15650816,load_100tps
2026-08-05T20:03:31Z,compare-am-gp-n3-4-16-i-adv-mysql-2,slow-log-tailer,1855488,load_100tps
2026-08-05T20:03:31Z,compare-am-gp-n3-4-16-i-adv-mysql-2,do-agent,-1,load_100tps
2026-08-05T20:03:31Z,compare-am-gp-n3-4-16-i-adv-mysql-2,xtrabackup,24428544,load_100tps
2026-08-05T20:04:04Z,compare-am-gp-n3-4-16-i-adv-mysql-0,mysql,13394055168,load_100tps
2026-08-05T20:04:04Z,compare-am-gp-n3-4-16-i-adv-mysql-0,mysqld-exporter,15683584,load_100tps
2026-08-05T20:04:04Z,compare-am-gp-n3-4-16-i-adv-mysql-0,slow-log-tailer,2162688,load_100tps
2026-08-05T20:04:04Z,compare-am-gp-n3-4-16-i-adv-mysql-0,do-agent,-1,load_100tps
2026-08-05T20:04:04Z,compare-am-gp-n3-4-16-i-adv-mysql-0,xtrabackup,18776064,load_100tps
2026-08-05T20:04:04Z,compare-am-gp-n3-4-16-i-adv-mysql-1,mysql,12112723968,load_100tps
2026-08-05T20:04:04Z,compare-am-gp-n3-4-16-i-adv-mysql-1,mysqld-exporter,15552512,load_100tps
2026-08-05T20:04:04Z,compare-am-gp-n3-4-16-i-adv-mysql-1,slow-log-tailer,6602752,load_100tps
2026-08-05T20:04:04Z,compare-am-gp-n3-4-16-i-adv-mysql-1,do-agent,-1,load_100tps
2026-08-05T20:04:04Z,compare-am-gp-n3-4-16-i-adv-mysql-1,xtrabackup,526188544,load_100tps
2026-08-05T20:04:04Z,compare-am-gp-n3-4-16-i-adv-mysql-2,mysql,13208301568,load_100tps
2026-08-05T20:04:04Z,compare-am-gp-n3-4-16-i-adv-mysql-2,mysqld-exporter,15814656,load_100tps
2026-08-05T20:04:04Z,compare-am-gp-n3-4-16-i-adv-mysql-2,slow-log-tailer,1810432,load_100tps
2026-08-05T20:04:04Z,compare-am-gp-n3-4-16-i-adv-mysql-2,do-agent,-1,load_100tps
2026-08-05T20:04:04Z,compare-am-gp-n3-4-16-i-adv-mysql-2,xtrabackup,24694784,load_100tps
2026-08-05T20:04:36Z,compare-am-gp-n3-4-16-i-adv-mysql-0,mysql,13351657472,load_100tps
2026-08-05T20:04:36Z,compare-am-gp-n3-4-16-i-adv-mysql-0,mysqld-exporter,15745024,load_100tps
2026-08-05T20:04:36Z,compare-am-gp-n3-4-16-i-adv-mysql-0,slow-log-tailer,2052096,load_100tps
2026-08-05T20:04:36Z,compare-am-gp-n3-4-16-i-adv-mysql-0,do-agent,-1,load_100tps
2026-08-05T20:04:36Z,compare-am-gp-n3-4-16-i-adv-mysql-0,xtrabackup,18890752,load_100tps
2026-08-05T20:04:36Z,compare-am-gp-n3-4-16-i-adv-mysql-1,mysql,12167368704,load_100tps
2026-08-05T20:04:36Z,compare-am-gp-n3-4-16-i-adv-mysql-1,mysqld-exporter,15450112,load_100tps
2026-08-05T20:04:36Z,compare-am-gp-n3-4-16-i-adv-mysql-1,slow-log-tailer,6721536,load_100tps
2026-08-05T20:04:36Z,compare-am-gp-n3-4-16-i-adv-mysql-1,do-agent,-1,load_100tps
2026-08-05T20:04:36Z,compare-am-gp-n3-4-16-i-adv-mysql-1,xtrabackup,526540800,load_100tps
2026-08-05T20:04:36Z,compare-am-gp-n3-4-16-i-adv-mysql-2,mysql,13231783936,load_100tps
2026-08-05T20:04:36Z,compare-am-gp-n3-4-16-i-adv-mysql-2,mysqld-exporter,15495168,load_100tps
2026-08-05T20:04:36Z,compare-am-gp-n3-4-16-i-adv-mysql-2,slow-log-tailer,1884160,load_100tps
2026-08-05T20:04:36Z,compare-am-gp-n3-4-16-i-adv-mysql-2,do-agent,-1,load_100tps
2026-08-05T20:04:36Z,compare-am-gp-n3-4-16-i-adv-mysql-2,xtrabackup,24383488,load_100tps
2026-08-05T20:05:09Z,compare-am-gp-n3-4-16-i-adv-mysql-0,mysql,13343207424,load_100tps
2026-08-05T20:05:09Z,compare-am-gp-n3-4-16-i-adv-mysql-0,mysqld-exporter,15773696,load_100tps
2026-08-05T20:05:09Z,compare-am-gp-n3-4-16-i-adv-mysql-0,slow-log-tailer,2023424,load_100tps
2026-08-05T20:05:09Z,compare-am-gp-n3-4-16-i-adv-mysql-0,do-agent,-1,load_100tps
2026-08-05T20:05:09Z,compare-am-gp-n3-4-16-i-adv-mysql-0,xtrabackup,18731008,load_100tps
2026-08-05T20:05:09Z,compare-am-gp-n3-4-16-i-adv-mysql-1,mysql,12222312448,load_100tps
2026-08-05T20:05:09Z,compare-am-gp-n3-4-16-i-adv-mysql-1,mysqld-exporter,15458304,load_100tps
2026-08-05T20:05:09Z,compare-am-gp-n3-4-16-i-adv-mysql-1,slow-log-tailer,6602752,load_100tps
2026-08-05T20:05:09Z,compare-am-gp-n3-4-16-i-adv-mysql-1,do-agent,-1,load_100tps
2026-08-05T20:05:09Z,compare-am-gp-n3-4-16-i-adv-mysql-1,xtrabackup,526905344,load_100tps
2026-08-05T20:05:09Z,compare-am-gp-n3-4-16-i-adv-mysql-2,mysql,13230071808,load_100tps
2026-08-05T20:05:09Z,compare-am-gp-n3-4-16-i-adv-mysql-2,mysqld-exporter,15486976,load_100tps
2026-08-05T20:05:09Z,compare-am-gp-n3-4-16-i-adv-mysql-2,slow-log-tailer,2002944,load_100tps
2026-08-05T20:05:09Z,compare-am-gp-n3-4-16-i-adv-mysql-2,do-agent,-1,load_100tps
2026-08-05T20:05:09Z,compare-am-gp-n3-4-16-i-adv-mysql-2,xtrabackup,24506368,load_100tps
2026-08-05T20:05:41Z,compare-am-gp-n3-4-16-i-adv-mysql-0,mysql,13351395328,load_100tps
2026-08-05T20:05:41Z,compare-am-gp-n3-4-16-i-adv-mysql-0,mysqld-exporter,15659008,load_100tps
2026-08-05T20:05:41Z,compare-am-gp-n3-4-16-i-adv-mysql-0,slow-log-tailer,2281472,load_100tps
2026-08-05T20:05:41Z,compare-am-gp-n3-4-16-i-adv-mysql-0,do-agent,-1,load_100tps
2026-08-05T20:05:41Z,compare-am-gp-n3-4-16-i-adv-mysql-0,xtrabackup,18952192,load_100tps
2026-08-05T20:05:41Z,compare-am-gp-n3-4-16-i-adv-mysql-1,mysql,12250484736,load_100tps
2026-08-05T20:05:41Z,compare-am-gp-n3-4-16-i-adv-mysql-1,mysqld-exporter,15306752,load_100tps
2026-08-05T20:05:41Z,compare-am-gp-n3-4-16-i-adv-mysql-1,slow-log-tailer,6606848,load_100tps
2026-08-05T20:05:41Z,compare-am-gp-n3-4-16-i-adv-mysql-1,do-agent,-1,load_100tps
2026-08-05T20:05:41Z,compare-am-gp-n3-4-16-i-adv-mysql-1,xtrabackup,527044608,load_100tps
2026-08-05T20:05:41Z,compare-am-gp-n3-4-16-i-adv-mysql-2,mysql,13229195264,load_100tps
2026-08-05T20:05:41Z,compare-am-gp-n3-4-16-i-adv-mysql-2,mysqld-exporter,15835136,load_100tps
2026-08-05T20:05:41Z,compare-am-gp-n3-4-16-i-adv-mysql-2,slow-log-tailer,2260992,load_100tps
2026-08-05T20:05:41Z,compare-am-gp-n3-4-16-i-adv-mysql-2,do-agent,-1,load_100tps
2026-08-05T20:05:41Z,compare-am-gp-n3-4-16-i-adv-mysql-2,xtrabackup,24600576,load_100tps
2026-08-05T20:06:14Z,compare-am-gp-n3-4-16-i-adv-mysql-0,mysql,13384744960,load_100tps
2026-08-05T20:06:14Z,compare-am-gp-n3-4-16-i-adv-mysql-0,mysqld-exporter,15577088,load_100tps
2026-08-05T20:06:14Z,compare-am-gp-n3-4-16-i-adv-mysql-0,slow-log-tailer,2187264,load_100tps
2026-08-05T20:06:14Z,compare-am-gp-n3-4-16-i-adv-mysql-0,do-agent,-1,load_100tps
2026-08-05T20:06:14Z,compare-am-gp-n3-4-16-i-adv-mysql-0,xtrabackup,18952192,load_100tps
2026-08-05T20:06:14Z,compare-am-gp-n3-4-16-i-adv-mysql-1,mysql,12228206592,load_100tps
2026-08-05T20:06:14Z,compare-am-gp-n3-4-16-i-adv-mysql-1,mysqld-exporter,15409152,load_100tps
2026-08-05T20:06:14Z,compare-am-gp-n3-4-16-i-adv-mysql-1,slow-log-tailer,6656000,load_100tps
2026-08-05T20:06:14Z,compare-am-gp-n3-4-16-i-adv-mysql-1,do-agent,-1,load_100tps
2026-08-05T20:06:14Z,compare-am-gp-n3-4-16-i-adv-mysql-1,xtrabackup,527503360,load_100tps
2026-08-05T20:06:14Z,compare-am-gp-n3-4-16-i-adv-mysql-2,mysql,13228548096,load_100tps
2026-08-05T20:06:14Z,compare-am-gp-n3-4-16-i-adv-mysql-2,mysqld-exporter,15753216,load_100tps
2026-08-05T20:06:14Z,compare-am-gp-n3-4-16-i-adv-mysql-2,slow-log-tailer,1781760,load_100tps
2026-08-05T20:06:14Z,compare-am-gp-n3-4-16-i-adv-mysql-2,do-agent,-1,load_100tps
2026-08-05T20:06:14Z,compare-am-gp-n3-4-16-i-adv-mysql-2,xtrabackup,24387584,load_100tps
2026-08-05T20:06:46Z,compare-am-gp-n3-4-16-i-adv-mysql-0,mysql,13382881280,load_100tps
2026-08-05T20:06:46Z,compare-am-gp-n3-4-16-i-adv-mysql-0,mysqld-exporter,15802368,load_100tps
2026-08-05T20:06:46Z,compare-am-gp-n3-4-16-i-adv-mysql-0,slow-log-tailer,2035712,load_100tps
2026-08-05T20:06:46Z,compare-am-gp-n3-4-16-i-adv-mysql-0,do-agent,-1,load_100tps
2026-08-05T20:06:46Z,compare-am-gp-n3-4-16-i-adv-mysql-0,xtrabackup,18972672,load_100tps
2026-08-05T20:06:46Z,compare-am-gp-n3-4-16-i-adv-mysql-1,mysql,12281831424,load_100tps
2026-08-05T20:06:46Z,compare-am-gp-n3-4-16-i-adv-mysql-1,mysqld-exporter,15486976,load_100tps
2026-08-05T20:06:46Z,compare-am-gp-n3-4-16-i-adv-mysql-1,slow-log-tailer,6623232,load_100tps
2026-08-05T20:06:46Z,compare-am-gp-n3-4-16-i-adv-mysql-1,do-agent,-1,load_100tps
2026-08-05T20:06:46Z,compare-am-gp-n3-4-16-i-adv-mysql-1,xtrabackup,527912960,load_100tps
2026-08-05T20:06:46Z,compare-am-gp-n3-4-16-i-adv-mysql-2,mysql,13225562112,load_100tps
2026-08-05T20:06:46Z,compare-am-gp-n3-4-16-i-adv-mysql-2,mysqld-exporter,16121856,load_100tps
2026-08-05T20:06:46Z,compare-am-gp-n3-4-16-i-adv-mysql-2,slow-log-tailer,1794048,load_100tps
2026-08-05T20:06:46Z,compare-am-gp-n3-4-16-i-adv-mysql-2,do-agent,-1,load_100tps
2026-08-05T20:06:46Z,compare-am-gp-n3-4-16-i-adv-mysql-2,xtrabackup,24215552,load_100tps
2026-08-05T20:07:19Z,compare-am-gp-n3-4-16-i-adv-mysql-0,mysql,13383577600,load_100tps
2026-08-05T20:07:19Z,compare-am-gp-n3-4-16-i-adv-mysql-0,mysqld-exporter,15708160,load_100tps
2026-08-05T20:07:19Z,compare-am-gp-n3-4-16-i-adv-mysql-0,slow-log-tailer,2260992,load_100tps
2026-08-05T20:07:19Z,compare-am-gp-n3-4-16-i-adv-mysql-0,do-agent,-1,load_100tps
2026-08-05T20:07:19Z,compare-am-gp-n3-4-16-i-adv-mysql-0,xtrabackup,18935808,load_100tps
2026-08-05T20:07:19Z,compare-am-gp-n3-4-16-i-adv-mysql-1,mysql,12333957120,load_100tps
2026-08-05T20:07:19Z,compare-am-gp-n3-4-16-i-adv-mysql-1,mysqld-exporter,15749120,load_100tps
2026-08-05T20:07:19Z,compare-am-gp-n3-4-16-i-adv-mysql-1,slow-log-tailer,6672384,load_100tps
2026-08-05T20:07:19Z,compare-am-gp-n3-4-16-i-adv-mysql-1,do-agent,-1,load_100tps
2026-08-05T20:07:19Z,compare-am-gp-n3-4-16-i-adv-mysql-1,xtrabackup,528207872,load_100tps
2026-08-05T20:07:19Z,compare-am-gp-n3-4-16-i-adv-mysql-2,mysql,13237231616,load_100tps
2026-08-05T20:07:19Z,compare-am-gp-n3-4-16-i-adv-mysql-2,mysqld-exporter,15769600,load_100tps
2026-08-05T20:07:19Z,compare-am-gp-n3-4-16-i-adv-mysql-2,slow-log-tailer,1933312,load_100tps
2026-08-05T20:07:19Z,compare-am-gp-n3-4-16-i-adv-mysql-2,do-agent,-1,load_100tps
2026-08-05T20:07:19Z,compare-am-gp-n3-4-16-i-adv-mysql-2,xtrabackup,24637440,load_100tps
2026-08-05T20:07:52Z,compare-am-gp-n3-4-16-i-adv-mysql-0,mysql,13378404352,load_100tps
2026-08-05T20:07:52Z,compare-am-gp-n3-4-16-i-adv-mysql-0,mysqld-exporter,15794176,load_100tps
2026-08-05T20:07:52Z,compare-am-gp-n3-4-16-i-adv-mysql-0,slow-log-tailer,2019328,load_100tps
2026-08-05T20:07:52Z,compare-am-gp-n3-4-16-i-adv-mysql-0,do-agent,-1,load_100tps
2026-08-05T20:07:52Z,compare-am-gp-n3-4-16-i-adv-mysql-0,xtrabackup,19001344,load_100tps
2026-08-05T20:07:52Z,compare-am-gp-n3-4-16-i-adv-mysql-1,mysql,12332695552,load_100tps
2026-08-05T20:07:52Z,compare-am-gp-n3-4-16-i-adv-mysql-1,mysqld-exporter,15888384,load_100tps
2026-08-05T20:07:52Z,compare-am-gp-n3-4-16-i-adv-mysql-1,slow-log-tailer,6721536,load_100tps
2026-08-05T20:07:52Z,compare-am-gp-n3-4-16-i-adv-mysql-1,do-agent,-1,load_100tps
2026-08-05T20:07:52Z,compare-am-gp-n3-4-16-i-adv-mysql-1,xtrabackup,528547840,load_100tps
2026-08-05T20:07:52Z,compare-am-gp-n3-4-16-i-adv-mysql-2,mysql,13261254656,load_100tps
2026-08-05T20:07:52Z,compare-am-gp-n3-4-16-i-adv-mysql-2,mysqld-exporter,15810560,load_100tps
2026-08-05T20:07:52Z,compare-am-gp-n3-4-16-i-adv-mysql-2,slow-log-tailer,1961984,load_100tps
2026-08-05T20:07:52Z,compare-am-gp-n3-4-16-i-adv-mysql-2,do-agent,-1,load_100tps
2026-08-05T20:07:52Z,compare-am-gp-n3-4-16-i-adv-mysql-2,xtrabackup,24444928,load_100tps
2026-08-05T20:08:24Z,compare-am-gp-n3-4-16-i-adv-mysql-0,mysql,13351272448,load_100tps
2026-08-05T20:08:24Z,compare-am-gp-n3-4-16-i-adv-mysql-0,mysqld-exporter,15998976,load_100tps
2026-08-05T20:08:24Z,compare-am-gp-n3-4-16-i-adv-mysql-0,slow-log-tailer,2174976,load_100tps
2026-08-05T20:08:24Z,compare-am-gp-n3-4-16-i-adv-mysql-0,do-agent,-1,load_100tps
2026-08-05T20:08:24Z,compare-am-gp-n3-4-16-i-adv-mysql-0,xtrabackup,18894848,load_100tps
2026-08-05T20:08:24Z,compare-am-gp-n3-4-16-i-adv-mysql-1,mysql,12352016384,load_100tps
2026-08-05T20:08:24Z,compare-am-gp-n3-4-16-i-adv-mysql-1,mysqld-exporter,15851520,load_100tps
2026-08-05T20:08:24Z,compare-am-gp-n3-4-16-i-adv-mysql-1,slow-log-tailer,6791168,load_100tps
2026-08-05T20:08:24Z,compare-am-gp-n3-4-16-i-adv-mysql-1,do-agent,-1,load_100tps
2026-08-05T20:08:24Z,compare-am-gp-n3-4-16-i-adv-mysql-1,xtrabackup,529018880,load_100tps
2026-08-05T20:08:24Z,compare-am-gp-n3-4-16-i-adv-mysql-2,mysql,13220954112,load_100tps
2026-08-05T20:08:24Z,compare-am-gp-n3-4-16-i-adv-mysql-2,mysqld-exporter,15687680,load_100tps
2026-08-05T20:08:24Z,compare-am-gp-n3-4-16-i-adv-mysql-2,slow-log-tailer,1781760,load_100tps
2026-08-05T20:08:24Z,compare-am-gp-n3-4-16-i-adv-mysql-2,do-agent,-1,load_100tps
2026-08-05T20:08:24Z,compare-am-gp-n3-4-16-i-adv-mysql-2,xtrabackup,24383488,load_100tps
2026-08-05T20:08:57Z,compare-am-gp-n3-4-16-i-adv-mysql-0,mysql,13353095168,load_100tps
2026-08-05T20:08:57Z,compare-am-gp-n3-4-16-i-adv-mysql-0,mysqld-exporter,15687680,load_100tps
2026-08-05T20:08:57Z,compare-am-gp-n3-4-16-i-adv-mysql-0,slow-log-tailer,2043904,load_100tps
2026-08-05T20:08:57Z,compare-am-gp-n3-4-16-i-adv-mysql-0,do-agent,-1,load_100tps
2026-08-05T20:08:57Z,compare-am-gp-n3-4-16-i-adv-mysql-0,xtrabackup,19136512,load_100tps
2026-08-05T20:08:57Z,compare-am-gp-n3-4-16-i-adv-mysql-1,mysql,12256411648,load_100tps
2026-08-05T20:08:57Z,compare-am-gp-n3-4-16-i-adv-mysql-1,mysqld-exporter,15724544,load_100tps
2026-08-05T20:08:57Z,compare-am-gp-n3-4-16-i-adv-mysql-1,slow-log-tailer,6692864,load_100tps
2026-08-05T20:08:57Z,compare-am-gp-n3-4-16-i-adv-mysql-1,do-agent,-1,load_100tps
2026-08-05T20:08:57Z,compare-am-gp-n3-4-16-i-adv-mysql-1,xtrabackup,529117184,load_100tps
2026-08-05T20:08:57Z,compare-am-gp-n3-4-16-i-adv-mysql-2,mysql,13261455360,load_100tps
2026-08-05T20:08:57Z,compare-am-gp-n3-4-16-i-adv-mysql-2,mysqld-exporter,15736832,load_100tps
2026-08-05T20:08:57Z,compare-am-gp-n3-4-16-i-adv-mysql-2,slow-log-tailer,1994752,load_100tps
2026-08-05T20:08:57Z,compare-am-gp-n3-4-16-i-adv-mysql-2,do-agent,-1,load_100tps
2026-08-05T20:08:57Z,compare-am-gp-n3-4-16-i-adv-mysql-2,xtrabackup,24645632,load_100tps
2026-08-05T20:09:29Z,compare-am-gp-n3-4-16-i-adv-mysql-0,mysql,13391228928,load_100tps
2026-08-05T20:09:29Z,compare-am-gp-n3-4-16-i-adv-mysql-0,mysqld-exporter,15998976,load_100tps
2026-08-05T20:09:29Z,compare-am-gp-n3-4-16-i-adv-mysql-0,slow-log-tailer,2158592,load_100tps
2026-08-05T20:09:29Z,compare-am-gp-n3-4-16-i-adv-mysql-0,do-agent,-1,load_100tps
2026-08-05T20:09:29Z,compare-am-gp-n3-4-16-i-adv-mysql-0,xtrabackup,18878464,load_100tps
2026-08-05T20:09:29Z,compare-am-gp-n3-4-16-i-adv-mysql-1,mysql,12267315200,load_100tps
2026-08-05T20:09:29Z,compare-am-gp-n3-4-16-i-adv-mysql-1,mysqld-exporter,15843328,load_100tps
2026-08-05T20:09:29Z,compare-am-gp-n3-4-16-i-adv-mysql-1,slow-log-tailer,6504448,load_100tps
2026-08-05T20:09:29Z,compare-am-gp-n3-4-16-i-adv-mysql-1,do-agent,-1,load_100tps
2026-08-05T20:09:29Z,compare-am-gp-n3-4-16-i-adv-mysql-1,xtrabackup,529256448,load_100tps
2026-08-05T20:09:29Z,compare-am-gp-n3-4-16-i-adv-mysql-2,mysql,13242355712,load_100tps
2026-08-05T20:09:29Z,compare-am-gp-n3-4-16-i-adv-mysql-2,mysqld-exporter,15384576,load_100tps
2026-08-05T20:09:29Z,compare-am-gp-n3-4-16-i-adv-mysql-2,slow-log-tailer,1945600,load_100tps
2026-08-05T20:09:29Z,compare-am-gp-n3-4-16-i-adv-mysql-2,do-agent,-1,load_100tps
2026-08-05T20:09:29Z,compare-am-gp-n3-4-16-i-adv-mysql-2,xtrabackup,24526848,load_100tps
2026-08-05T20:10:02Z,compare-am-gp-n3-4-16-i-adv-mysql-0,mysql,13355077632,load_100tps
2026-08-05T20:10:02Z,compare-am-gp-n3-4-16-i-adv-mysql-0,mysqld-exporter,15646720,load_100tps
2026-08-05T20:10:02Z,compare-am-gp-n3-4-16-i-adv-mysql-0,slow-log-tailer,2019328,load_100tps
2026-08-05T20:10:02Z,compare-am-gp-n3-4-16-i-adv-mysql-0,do-agent,-1,load_100tps
2026-08-05T20:10:02Z,compare-am-gp-n3-4-16-i-adv-mysql-0,xtrabackup,18903040,load_100tps
2026-08-05T20:10:02Z,compare-am-gp-n3-4-16-i-adv-mysql-1,mysql,12321566720,load_100tps
2026-08-05T20:10:02Z,compare-am-gp-n3-4-16-i-adv-mysql-1,mysqld-exporter,15888384,load_100tps
2026-08-05T20:10:02Z,compare-am-gp-n3-4-16-i-adv-mysql-1,slow-log-tailer,6705152,load_100tps
2026-08-05T20:10:02Z,compare-am-gp-n3-4-16-i-adv-mysql-1,do-agent,-1,load_100tps
2026-08-05T20:10:02Z,compare-am-gp-n3-4-16-i-adv-mysql-1,xtrabackup,529887232,load_100tps
2026-08-05T20:10:02Z,compare-am-gp-n3-4-16-i-adv-mysql-2,mysql,13225115648,load_100tps
2026-08-05T20:10:02Z,compare-am-gp-n3-4-16-i-adv-mysql-2,mysqld-exporter,15495168,load_100tps
2026-08-05T20:10:02Z,compare-am-gp-n3-4-16-i-adv-mysql-2,slow-log-tailer,2019328,load_100tps
2026-08-05T20:10:02Z,compare-am-gp-n3-4-16-i-adv-mysql-2,do-agent,-1,load_100tps
2026-08-05T20:10:02Z,compare-am-gp-n3-4-16-i-adv-mysql-2,xtrabackup,24465408,load_100tps
2026-08-05T20:10:35Z,compare-am-gp-n3-4-16-i-adv-mysql-0,mysql,13341966336,load_100tps
2026-08-05T20:10:35Z,compare-am-gp-n3-4-16-i-adv-mysql-0,mysqld-exporter,15753216,load_100tps
2026-08-05T20:10:35Z,compare-am-gp-n3-4-16-i-adv-mysql-0,slow-log-tailer,2269184,load_100tps
2026-08-05T20:10:35Z,compare-am-gp-n3-4-16-i-adv-mysql-0,do-agent,-1,load_100tps
2026-08-05T20:10:35Z,compare-am-gp-n3-4-16-i-adv-mysql-0,xtrabackup,18849792,load_100tps
2026-08-05T20:10:35Z,compare-am-gp-n3-4-16-i-adv-mysql-1,mysql,12351606784,load_100tps
2026-08-05T20:10:35Z,compare-am-gp-n3-4-16-i-adv-mysql-1,mysqld-exporter,15720448,load_100tps
2026-08-05T20:10:35Z,compare-am-gp-n3-4-16-i-adv-mysql-1,slow-log-tailer,6561792,load_100tps
2026-08-05T20:10:35Z,compare-am-gp-n3-4-16-i-adv-mysql-1,do-agent,-1,load_100tps
2026-08-05T20:10:35Z,compare-am-gp-n3-4-16-i-adv-mysql-1,xtrabackup,530395136,load_100tps
2026-08-05T20:10:35Z,compare-am-gp-n3-4-16-i-adv-mysql-2,mysql,13239853056,load_100tps
2026-08-05T20:10:35Z,compare-am-gp-n3-4-16-i-adv-mysql-2,mysqld-exporter,15454208,load_100tps
2026-08-05T20:10:35Z,compare-am-gp-n3-4-16-i-adv-mysql-2,slow-log-tailer,2125824,load_100tps
2026-08-05T20:10:35Z,compare-am-gp-n3-4-16-i-adv-mysql-2,do-agent,-1,load_100tps
2026-08-05T20:10:35Z,compare-am-gp-n3-4-16-i-adv-mysql-2,xtrabackup,24494080,load_100tps
2026-08-05T20:11:08Z,compare-am-gp-n3-4-16-i-adv-mysql-0,mysql,13338267648,cooldown_100_200
2026-08-05T20:11:08Z,compare-am-gp-n3-4-16-i-adv-mysql-0,mysqld-exporter,16461824,cooldown_100_200
2026-08-05T20:11:08Z,compare-am-gp-n3-4-16-i-adv-mysql-0,slow-log-tailer,2342912,cooldown_100_200
2026-08-05T20:11:08Z,compare-am-gp-n3-4-16-i-adv-mysql-0,do-agent,-1,cooldown_100_200
2026-08-05T20:11:08Z,compare-am-gp-n3-4-16-i-adv-mysql-0,xtrabackup,18903040,cooldown_100_200
2026-08-05T20:11:08Z,compare-am-gp-n3-4-16-i-adv-mysql-1,mysql,12301058048,cooldown_100_200
2026-08-05T20:11:08Z,compare-am-gp-n3-4-16-i-adv-mysql-1,mysqld-exporter,15560704,cooldown_100_200
2026-08-05T20:11:08Z,compare-am-gp-n3-4-16-i-adv-mysql-1,slow-log-tailer,7032832,cooldown_100_200
2026-08-05T20:11:08Z,compare-am-gp-n3-4-16-i-adv-mysql-1,do-agent,-1,cooldown_100_200
2026-08-05T20:11:08Z,compare-am-gp-n3-4-16-i-adv-mysql-1,xtrabackup,530231296,cooldown_100_200
2026-08-05T20:11:08Z,compare-am-gp-n3-4-16-i-adv-mysql-2,mysql,13228732416,cooldown_100_200
2026-08-05T20:11:08Z,compare-am-gp-n3-4-16-i-adv-mysql-2,mysqld-exporter,15392768,cooldown_100_200
2026-08-05T20:11:08Z,compare-am-gp-n3-4-16-i-adv-mysql-2,slow-log-tailer,2043904,cooldown_100_200
2026-08-05T20:11:08Z,compare-am-gp-n3-4-16-i-adv-mysql-2,do-agent,-1,cooldown_100_200
2026-08-05T20:11:08Z,compare-am-gp-n3-4-16-i-adv-mysql-2,xtrabackup,24580096,cooldown_100_200
2026-08-05T20:11:40Z,compare-am-gp-n3-4-16-i-adv-mysql-0,mysql,13338693632,cooldown_100_200
2026-08-05T20:11:40Z,compare-am-gp-n3-4-16-i-adv-mysql-0,mysqld-exporter,16596992,cooldown_100_200
2026-08-05T20:11:40Z,compare-am-gp-n3-4-16-i-adv-mysql-0,slow-log-tailer,2125824,cooldown_100_200
2026-08-05T20:11:40Z,compare-am-gp-n3-4-16-i-adv-mysql-0,do-agent,-1,cooldown_100_200
2026-08-05T20:11:40Z,compare-am-gp-n3-4-16-i-adv-mysql-0,xtrabackup,18960384,cooldown_100_200
2026-08-05T20:11:40Z,compare-am-gp-n3-4-16-i-adv-mysql-1,mysql,12300902400,cooldown_100_200
2026-08-05T20:11:40Z,compare-am-gp-n3-4-16-i-adv-mysql-1,mysqld-exporter,15544320,cooldown_100_200
2026-08-05T20:11:40Z,compare-am-gp-n3-4-16-i-adv-mysql-1,slow-log-tailer,6803456,cooldown_100_200
2026-08-05T20:11:40Z,compare-am-gp-n3-4-16-i-adv-mysql-1,do-agent,-1,cooldown_100_200
2026-08-05T20:11:40Z,compare-am-gp-n3-4-16-i-adv-mysql-1,xtrabackup,530178048,cooldown_100_200
2026-08-05T20:11:40Z,compare-am-gp-n3-4-16-i-adv-mysql-2,mysql,13221830656,cooldown_100_200
2026-08-05T20:11:40Z,compare-am-gp-n3-4-16-i-adv-mysql-2,mysqld-exporter,15863808,cooldown_100_200
2026-08-05T20:11:40Z,compare-am-gp-n3-4-16-i-adv-mysql-2,slow-log-tailer,1990656,cooldown_100_200
2026-08-05T20:11:40Z,compare-am-gp-n3-4-16-i-adv-mysql-2,do-agent,-1,cooldown_100_200
2026-08-05T20:11:40Z,compare-am-gp-n3-4-16-i-adv-mysql-2,xtrabackup,24215552,cooldown_100_200
2026-08-05T20:12:13Z,compare-am-gp-n3-4-16-i-adv-mysql-0,mysql,13338771456,cooldown_100_200
2026-08-05T20:12:13Z,compare-am-gp-n3-4-16-i-adv-mysql-0,mysqld-exporter,16560128,cooldown_100_200
2026-08-05T20:12:13Z,compare-am-gp-n3-4-16-i-adv-mysql-0,slow-log-tailer,2260992,cooldown_100_200
2026-08-05T20:12:13Z,compare-am-gp-n3-4-16-i-adv-mysql-0,do-agent,-1,cooldown_100_200
2026-08-05T20:12:13Z,compare-am-gp-n3-4-16-i-adv-mysql-0,xtrabackup,19103744,cooldown_100_200
2026-08-05T20:12:13Z,compare-am-gp-n3-4-16-i-adv-mysql-1,mysql,12247183360,cooldown_100_200
2026-08-05T20:12:13Z,compare-am-gp-n3-4-16-i-adv-mysql-1,mysqld-exporter,15380480,cooldown_100_200
2026-08-05T20:12:13Z,compare-am-gp-n3-4-16-i-adv-mysql-1,slow-log-tailer,6897664,cooldown_100_200
2026-08-05T20:12:13Z,compare-am-gp-n3-4-16-i-adv-mysql-1,do-agent,-1,cooldown_100_200
2026-08-05T20:12:13Z,compare-am-gp-n3-4-16-i-adv-mysql-1,xtrabackup,530239488,cooldown_100_200
2026-08-05T20:12:13Z,compare-am-gp-n3-4-16-i-adv-mysql-2,mysql,13215137792,cooldown_100_200
2026-08-05T20:12:13Z,compare-am-gp-n3-4-16-i-adv-mysql-2,mysqld-exporter,15831040,cooldown_100_200
2026-08-05T20:12:13Z,compare-am-gp-n3-4-16-i-adv-mysql-2,slow-log-tailer,2007040,cooldown_100_200
2026-08-05T20:12:13Z,compare-am-gp-n3-4-16-i-adv-mysql-2,do-agent,-1,cooldown_100_200
2026-08-05T20:12:13Z,compare-am-gp-n3-4-16-i-adv-mysql-2,xtrabackup,24395776,cooldown_100_200
2026-08-05T20:12:45Z,compare-am-gp-n3-4-16-i-adv-mysql-0,mysql,13327659008,cooldown_100_200
2026-08-05T20:12:45Z,compare-am-gp-n3-4-16-i-adv-mysql-0,mysqld-exporter,16453632,cooldown_100_200
2026-08-05T20:12:45Z,compare-am-gp-n3-4-16-i-adv-mysql-0,slow-log-tailer,2322432,cooldown_100_200
2026-08-05T20:12:45Z,compare-am-gp-n3-4-16-i-adv-mysql-0,do-agent,-1,cooldown_100_200
2026-08-05T20:12:45Z,compare-am-gp-n3-4-16-i-adv-mysql-0,xtrabackup,18972672,cooldown_100_200
2026-08-05T20:12:45Z,compare-am-gp-n3-4-16-i-adv-mysql-1,mysql,12246425600,cooldown_100_200
2026-08-05T20:12:45Z,compare-am-gp-n3-4-16-i-adv-mysql-1,mysqld-exporter,15273984,cooldown_100_200
2026-08-05T20:12:45Z,compare-am-gp-n3-4-16-i-adv-mysql-1,slow-log-tailer,6664192,cooldown_100_200
2026-08-05T20:12:45Z,compare-am-gp-n3-4-16-i-adv-mysql-1,do-agent,-1,cooldown_100_200
2026-08-05T20:12:45Z,compare-am-gp-n3-4-16-i-adv-mysql-1,xtrabackup,530255872,cooldown_100_200
2026-08-05T20:12:45Z,compare-am-gp-n3-4-16-i-adv-mysql-2,mysql,13215125504,cooldown_100_200
2026-08-05T20:12:45Z,compare-am-gp-n3-4-16-i-adv-mysql-2,mysqld-exporter,15306752,cooldown_100_200
2026-08-05T20:12:45Z,compare-am-gp-n3-4-16-i-adv-mysql-2,slow-log-tailer,1921024,cooldown_100_200
2026-08-05T20:12:45Z,compare-am-gp-n3-4-16-i-adv-mysql-2,do-agent,-1,cooldown_100_200
2026-08-05T20:12:45Z,compare-am-gp-n3-4-16-i-adv-mysql-2,xtrabackup,24436736,cooldown_100_200
2026-08-05T20:13:17Z,compare-am-gp-n3-4-16-i-adv-mysql-0,mysql,13353218048,load_200tps
2026-08-05T20:13:17Z,compare-am-gp-n3-4-16-i-adv-mysql-0,mysqld-exporter,15933440,load_200tps
2026-08-05T20:13:17Z,compare-am-gp-n3-4-16-i-adv-mysql-0,slow-log-tailer,2445312,load_200tps
2026-08-05T20:13:17Z,compare-am-gp-n3-4-16-i-adv-mysql-0,do-agent,-1,load_200tps
2026-08-05T20:13:17Z,compare-am-gp-n3-4-16-i-adv-mysql-0,xtrabackup,18939904,load_200tps
2026-08-05T20:13:17Z,compare-am-gp-n3-4-16-i-adv-mysql-1,mysql,12240056320,load_200tps
2026-08-05T20:13:17Z,compare-am-gp-n3-4-16-i-adv-mysql-1,mysqld-exporter,15470592,load_200tps
2026-08-05T20:13:17Z,compare-am-gp-n3-4-16-i-adv-mysql-1,slow-log-tailer,6426624,load_200tps
2026-08-05T20:13:17Z,compare-am-gp-n3-4-16-i-adv-mysql-1,do-agent,-1,load_200tps
2026-08-05T20:13:17Z,compare-am-gp-n3-4-16-i-adv-mysql-1,xtrabackup,530575360,load_200tps
2026-08-05T20:13:17Z,compare-am-gp-n3-4-16-i-adv-mysql-2,mysql,13224296448,load_200tps
2026-08-05T20:13:17Z,compare-am-gp-n3-4-16-i-adv-mysql-2,mysqld-exporter,15282176,load_200tps
2026-08-05T20:13:17Z,compare-am-gp-n3-4-16-i-adv-mysql-2,slow-log-tailer,2011136,load_200tps
2026-08-05T20:13:17Z,compare-am-gp-n3-4-16-i-adv-mysql-2,do-agent,-1,load_200tps
2026-08-05T20:13:17Z,compare-am-gp-n3-4-16-i-adv-mysql-2,xtrabackup,24444928,load_200tps
2026-08-05T20:13:50Z,compare-am-gp-n3-4-16-i-adv-mysql-0,mysql,13386985472,load_200tps
2026-08-05T20:13:50Z,compare-am-gp-n3-4-16-i-adv-mysql-0,mysqld-exporter,15724544,load_200tps
2026-08-05T20:13:50Z,compare-am-gp-n3-4-16-i-adv-mysql-0,slow-log-tailer,2232320,load_200tps
2026-08-05T20:13:50Z,compare-am-gp-n3-4-16-i-adv-mysql-0,do-agent,-1,load_200tps
2026-08-05T20:13:50Z,compare-am-gp-n3-4-16-i-adv-mysql-0,xtrabackup,18886656,load_200tps
2026-08-05T20:13:50Z,compare-am-gp-n3-4-16-i-adv-mysql-1,mysql,12366544896,load_200tps
2026-08-05T20:13:50Z,compare-am-gp-n3-4-16-i-adv-mysql-1,mysqld-exporter,15511552,load_200tps
2026-08-05T20:13:50Z,compare-am-gp-n3-4-16-i-adv-mysql-1,slow-log-tailer,6688768,load_200tps
2026-08-05T20:13:50Z,compare-am-gp-n3-4-16-i-adv-mysql-1,do-agent,-1,load_200tps
2026-08-05T20:13:50Z,compare-am-gp-n3-4-16-i-adv-mysql-1,xtrabackup,530964480,load_200tps
2026-08-05T20:13:50Z,compare-am-gp-n3-4-16-i-adv-mysql-2,mysql,13236903936,load_200tps
2026-08-05T20:13:50Z,compare-am-gp-n3-4-16-i-adv-mysql-2,mysqld-exporter,15073280,load_200tps
2026-08-05T20:13:50Z,compare-am-gp-n3-4-16-i-adv-mysql-2,slow-log-tailer,1847296,load_200tps
2026-08-05T20:13:50Z,compare-am-gp-n3-4-16-i-adv-mysql-2,do-agent,-1,load_200tps
2026-08-05T20:13:50Z,compare-am-gp-n3-4-16-i-adv-mysql-2,xtrabackup,24588288,load_200tps
2026-08-05T20:14:23Z,compare-am-gp-n3-4-16-i-adv-mysql-0,mysql,13343559680,load_200tps
2026-08-05T20:14:23Z,compare-am-gp-n3-4-16-i-adv-mysql-0,mysqld-exporter,15933440,load_200tps
2026-08-05T20:14:23Z,compare-am-gp-n3-4-16-i-adv-mysql-0,slow-log-tailer,2228224,load_200tps
2026-08-05T20:14:23Z,compare-am-gp-n3-4-16-i-adv-mysql-0,do-agent,-1,load_200tps
2026-08-05T20:14:23Z,compare-am-gp-n3-4-16-i-adv-mysql-0,xtrabackup,18817024,load_200tps
2026-08-05T20:14:23Z,compare-am-gp-n3-4-16-i-adv-mysql-1,mysql,12342886400,load_200tps
2026-08-05T20:14:23Z,compare-am-gp-n3-4-16-i-adv-mysql-1,mysqld-exporter,15446016,load_200tps
2026-08-05T20:14:23Z,compare-am-gp-n3-4-16-i-adv-mysql-1,slow-log-tailer,6520832,load_200tps
2026-08-05T20:14:23Z,compare-am-gp-n3-4-16-i-adv-mysql-1,do-agent,-1,load_200tps
2026-08-05T20:14:23Z,compare-am-gp-n3-4-16-i-adv-mysql-1,xtrabackup,531406848,load_200tps
2026-08-05T20:14:23Z,compare-am-gp-n3-4-16-i-adv-mysql-2,mysql,13221728256,load_200tps
2026-08-05T20:14:23Z,compare-am-gp-n3-4-16-i-adv-mysql-2,mysqld-exporter,15273984,load_200tps
2026-08-05T20:14:23Z,compare-am-gp-n3-4-16-i-adv-mysql-2,slow-log-tailer,1933312,load_200tps
2026-08-05T20:14:23Z,compare-am-gp-n3-4-16-i-adv-mysql-2,do-agent,-1,load_200tps
2026-08-05T20:14:23Z,compare-am-gp-n3-4-16-i-adv-mysql-2,xtrabackup,24379392,load_200tps
2026-08-05T20:14:57Z,compare-am-gp-n3-4-16-i-adv-mysql-0,mysql,13365633024,load_200tps
2026-08-05T20:14:57Z,compare-am-gp-n3-4-16-i-adv-mysql-0,mysqld-exporter,15835136,load_200tps
2026-08-05T20:14:57Z,compare-am-gp-n3-4-16-i-adv-mysql-0,slow-log-tailer,2220032,load_200tps
2026-08-05T20:14:57Z,compare-am-gp-n3-4-16-i-adv-mysql-0,do-agent,-1,load_200tps
2026-08-05T20:14:57Z,compare-am-gp-n3-4-16-i-adv-mysql-0,xtrabackup,18870272,load_200tps
2026-08-05T20:14:57Z,compare-am-gp-n3-4-16-i-adv-mysql-1,mysql,12308070400,load_200tps
2026-08-05T20:14:57Z,compare-am-gp-n3-4-16-i-adv-mysql-1,mysqld-exporter,15060992,load_200tps
2026-08-05T20:14:57Z,compare-am-gp-n3-4-16-i-adv-mysql-1,slow-log-tailer,6590464,load_200tps
2026-08-05T20:14:57Z,compare-am-gp-n3-4-16-i-adv-mysql-1,do-agent,-1,load_200tps
2026-08-05T20:14:57Z,compare-am-gp-n3-4-16-i-adv-mysql-1,xtrabackup,531394560,load_200tps
2026-08-05T20:14:57Z,compare-am-gp-n3-4-16-i-adv-mysql-2,mysql,13206736896,load_200tps
2026-08-05T20:14:57Z,compare-am-gp-n3-4-16-i-adv-mysql-2,mysqld-exporter,15306752,load_200tps
2026-08-05T20:14:57Z,compare-am-gp-n3-4-16-i-adv-mysql-2,slow-log-tailer,2011136,load_200tps
2026-08-05T20:14:57Z,compare-am-gp-n3-4-16-i-adv-mysql-2,do-agent,-1,load_200tps
2026-08-05T20:14:57Z,compare-am-gp-n3-4-16-i-adv-mysql-2,xtrabackup,24264704,load_200tps
2026-08-05T20:15:30Z,compare-am-gp-n3-4-16-i-adv-mysql-0,mysql,13357998080,load_200tps
2026-08-05T20:15:30Z,compare-am-gp-n3-4-16-i-adv-mysql-0,mysqld-exporter,16052224,load_200tps
2026-08-05T20:15:30Z,compare-am-gp-n3-4-16-i-adv-mysql-0,slow-log-tailer,2072576,load_200tps
2026-08-05T20:15:30Z,compare-am-gp-n3-4-16-i-adv-mysql-0,do-agent,-1,load_200tps
2026-08-05T20:15:30Z,compare-am-gp-n3-4-16-i-adv-mysql-0,xtrabackup,18944000,load_200tps
2026-08-05T20:15:30Z,compare-am-gp-n3-4-16-i-adv-mysql-1,mysql,12345061376,load_200tps
2026-08-05T20:15:30Z,compare-am-gp-n3-4-16-i-adv-mysql-1,mysqld-exporter,15032320,load_200tps
2026-08-05T20:15:30Z,compare-am-gp-n3-4-16-i-adv-mysql-1,slow-log-tailer,6909952,load_200tps
2026-08-05T20:15:30Z,compare-am-gp-n3-4-16-i-adv-mysql-1,do-agent,-1,load_200tps
2026-08-05T20:15:30Z,compare-am-gp-n3-4-16-i-adv-mysql-1,xtrabackup,531488768,load_200tps
2026-08-05T20:15:30Z,compare-am-gp-n3-4-16-i-adv-mysql-2,mysql,13224017920,load_200tps
2026-08-05T20:15:30Z,compare-am-gp-n3-4-16-i-adv-mysql-2,mysqld-exporter,15998976,load_200tps
2026-08-05T20:15:30Z,compare-am-gp-n3-4-16-i-adv-mysql-2,slow-log-tailer,1933312,load_200tps
2026-08-05T20:15:30Z,compare-am-gp-n3-4-16-i-adv-mysql-2,do-agent,-1,load_200tps
2026-08-05T20:15:30Z,compare-am-gp-n3-4-16-i-adv-mysql-2,xtrabackup,24403968,load_200tps
2026-08-05T20:16:04Z,compare-am-gp-n3-4-16-i-adv-mysql-0,mysql,13354782720,load_200tps
2026-08-05T20:16:04Z,compare-am-gp-n3-4-16-i-adv-mysql-0,mysqld-exporter,16023552,load_200tps
2026-08-05T20:16:04Z,compare-am-gp-n3-4-16-i-adv-mysql-0,slow-log-tailer,2211840,load_200tps
2026-08-05T20:16:04Z,compare-am-gp-n3-4-16-i-adv-mysql-0,do-agent,-1,load_200tps
2026-08-05T20:16:04Z,compare-am-gp-n3-4-16-i-adv-mysql-0,xtrabackup,18964480,load_200tps
2026-08-05T20:16:04Z,compare-am-gp-n3-4-16-i-adv-mysql-1,mysql,12224671744,load_200tps
2026-08-05T20:16:04Z,compare-am-gp-n3-4-16-i-adv-mysql-1,mysqld-exporter,15142912,load_200tps
2026-08-05T20:16:04Z,compare-am-gp-n3-4-16-i-adv-mysql-1,slow-log-tailer,6807552,load_200tps
2026-08-05T20:16:04Z,compare-am-gp-n3-4-16-i-adv-mysql-1,do-agent,-1,load_200tps
2026-08-05T20:16:04Z,compare-am-gp-n3-4-16-i-adv-mysql-1,xtrabackup,531521536,load_200tps
2026-08-05T20:16:04Z,compare-am-gp-n3-4-16-i-adv-mysql-2,mysql,13210771456,load_200tps
2026-08-05T20:16:04Z,compare-am-gp-n3-4-16-i-adv-mysql-2,mysqld-exporter,16224256,load_200tps
2026-08-05T20:16:04Z,compare-am-gp-n3-4-16-i-adv-mysql-2,slow-log-tailer,1839104,load_200tps
2026-08-05T20:16:04Z,compare-am-gp-n3-4-16-i-adv-mysql-2,do-agent,-1,load_200tps
2026-08-05T20:16:04Z,compare-am-gp-n3-4-16-i-adv-mysql-2,xtrabackup,24453120,load_200tps
2026-08-05T20:16:37Z,compare-am-gp-n3-4-16-i-adv-mysql-0,mysql,13381566464,load_200tps
2026-08-05T20:16:37Z,compare-am-gp-n3-4-16-i-adv-mysql-0,mysqld-exporter,15962112,load_200tps
2026-08-05T20:16:37Z,compare-am-gp-n3-4-16-i-adv-mysql-0,slow-log-tailer,2015232,load_200tps
2026-08-05T20:16:37Z,compare-am-gp-n3-4-16-i-adv-mysql-0,do-agent,-1,load_200tps
2026-08-05T20:16:37Z,compare-am-gp-n3-4-16-i-adv-mysql-0,xtrabackup,19202048,load_200tps
2026-08-05T20:16:37Z,compare-am-gp-n3-4-16-i-adv-mysql-1,mysql,12329975808,load_200tps
2026-08-05T20:16:37Z,compare-am-gp-n3-4-16-i-adv-mysql-1,mysqld-exporter,15073280,load_200tps
2026-08-05T20:16:37Z,compare-am-gp-n3-4-16-i-adv-mysql-1,slow-log-tailer,6705152,load_200tps
2026-08-05T20:16:37Z,compare-am-gp-n3-4-16-i-adv-mysql-1,do-agent,-1,load_200tps
2026-08-05T20:16:37Z,compare-am-gp-n3-4-16-i-adv-mysql-1,xtrabackup,531464192,load_200tps
2026-08-05T20:16:37Z,compare-am-gp-n3-4-16-i-adv-mysql-2,mysql,13201002496,load_200tps
2026-08-05T20:16:37Z,compare-am-gp-n3-4-16-i-adv-mysql-2,mysqld-exporter,15118336,load_200tps
2026-08-05T20:16:37Z,compare-am-gp-n3-4-16-i-adv-mysql-2,slow-log-tailer,1970176,load_200tps
2026-08-05T20:16:37Z,compare-am-gp-n3-4-16-i-adv-mysql-2,do-agent,-1,load_200tps
2026-08-05T20:16:37Z,compare-am-gp-n3-4-16-i-adv-mysql-2,xtrabackup,24428544,load_200tps
2026-08-05T20:17:10Z,compare-am-gp-n3-4-16-i-adv-mysql-0,mysql,13393403904,load_200tps
2026-08-05T20:17:10Z,compare-am-gp-n3-4-16-i-adv-mysql-0,mysqld-exporter,15765504,load_200tps
2026-08-05T20:17:10Z,compare-am-gp-n3-4-16-i-adv-mysql-0,slow-log-tailer,2338816,load_200tps
2026-08-05T20:17:10Z,compare-am-gp-n3-4-16-i-adv-mysql-0,do-agent,-1,load_200tps
2026-08-05T20:17:10Z,compare-am-gp-n3-4-16-i-adv-mysql-0,xtrabackup,18939904,load_200tps
2026-08-05T20:17:10Z,compare-am-gp-n3-4-16-i-adv-mysql-1,mysql,12305256448,load_200tps
2026-08-05T20:17:10Z,compare-am-gp-n3-4-16-i-adv-mysql-1,mysqld-exporter,15474688,load_200tps
2026-08-05T20:17:10Z,compare-am-gp-n3-4-16-i-adv-mysql-1,slow-log-tailer,6606848,load_200tps
2026-08-05T20:17:10Z,compare-am-gp-n3-4-16-i-adv-mysql-1,do-agent,-1,load_200tps
2026-08-05T20:17:10Z,compare-am-gp-n3-4-16-i-adv-mysql-1,xtrabackup,531697664,load_200tps
2026-08-05T20:17:10Z,compare-am-gp-n3-4-16-i-adv-mysql-2,mysql,13213417472,load_200tps
2026-08-05T20:17:10Z,compare-am-gp-n3-4-16-i-adv-mysql-2,mysqld-exporter,15065088,load_200tps
2026-08-05T20:17:10Z,compare-am-gp-n3-4-16-i-adv-mysql-2,slow-log-tailer,1843200,load_200tps
2026-08-05T20:17:10Z,compare-am-gp-n3-4-16-i-adv-mysql-2,do-agent,-1,load_200tps
2026-08-05T20:17:10Z,compare-am-gp-n3-4-16-i-adv-mysql-2,xtrabackup,24412160,load_200tps
2026-08-05T20:17:43Z,compare-am-gp-n3-4-16-i-adv-mysql-0,mysql,13392826368,load_200tps
2026-08-05T20:17:43Z,compare-am-gp-n3-4-16-i-adv-mysql-0,mysqld-exporter,15704064,load_200tps
2026-08-05T20:17:43Z,compare-am-gp-n3-4-16-i-adv-mysql-0,slow-log-tailer,2269184,load_200tps
2026-08-05T20:17:43Z,compare-am-gp-n3-4-16-i-adv-mysql-0,do-agent,-1,load_200tps
2026-08-05T20:17:43Z,compare-am-gp-n3-4-16-i-adv-mysql-0,xtrabackup,18886656,load_200tps
2026-08-05T20:17:43Z,compare-am-gp-n3-4-16-i-adv-mysql-1,mysql,12330668032,load_200tps
2026-08-05T20:17:43Z,compare-am-gp-n3-4-16-i-adv-mysql-1,mysqld-exporter,15405056,load_200tps
2026-08-05T20:17:43Z,compare-am-gp-n3-4-16-i-adv-mysql-1,slow-log-tailer,6664192,load_200tps
2026-08-05T20:17:43Z,compare-am-gp-n3-4-16-i-adv-mysql-1,do-agent,-1,load_200tps
2026-08-05T20:17:43Z,compare-am-gp-n3-4-16-i-adv-mysql-1,xtrabackup,531521536,load_200tps
2026-08-05T20:17:43Z,compare-am-gp-n3-4-16-i-adv-mysql-2,mysql,13215707136,load_200tps
2026-08-05T20:17:43Z,compare-am-gp-n3-4-16-i-adv-mysql-2,mysqld-exporter,15388672,load_200tps
2026-08-05T20:17:43Z,compare-am-gp-n3-4-16-i-adv-mysql-2,slow-log-tailer,2015232,load_200tps
2026-08-05T20:17:43Z,compare-am-gp-n3-4-16-i-adv-mysql-2,do-agent,-1,load_200tps
2026-08-05T20:17:43Z,compare-am-gp-n3-4-16-i-adv-mysql-2,xtrabackup,24219648,load_200tps
2026-08-05T20:18:16Z,compare-am-gp-n3-4-16-i-adv-mysql-0,mysql,13384413184,load_200tps
2026-08-05T20:18:16Z,compare-am-gp-n3-4-16-i-adv-mysql-0,mysqld-exporter,15548416,load_200tps
2026-08-05T20:18:16Z,compare-am-gp-n3-4-16-i-adv-mysql-0,slow-log-tailer,2113536,load_200tps
2026-08-05T20:18:16Z,compare-am-gp-n3-4-16-i-adv-mysql-0,do-agent,-1,load_200tps
2026-08-05T20:18:16Z,compare-am-gp-n3-4-16-i-adv-mysql-0,xtrabackup,18911232,load_200tps
2026-08-05T20:18:16Z,compare-am-gp-n3-4-16-i-adv-mysql-1,mysql,12326449152,load_200tps
2026-08-05T20:18:16Z,compare-am-gp-n3-4-16-i-adv-mysql-1,mysqld-exporter,15585280,load_200tps
2026-08-05T20:18:16Z,compare-am-gp-n3-4-16-i-adv-mysql-1,slow-log-tailer,6701056,load_200tps
2026-08-05T20:18:16Z,compare-am-gp-n3-4-16-i-adv-mysql-1,do-agent,-1,load_200tps
2026-08-05T20:18:16Z,compare-am-gp-n3-4-16-i-adv-mysql-1,xtrabackup,531398656,load_200tps
2026-08-05T20:18:16Z,compare-am-gp-n3-4-16-i-adv-mysql-2,mysql,13208309760,load_200tps
2026-08-05T20:18:16Z,compare-am-gp-n3-4-16-i-adv-mysql-2,mysqld-exporter,15568896,load_200tps
2026-08-05T20:18:16Z,compare-am-gp-n3-4-16-i-adv-mysql-2,slow-log-tailer,1843200,load_200tps
2026-08-05T20:18:16Z,compare-am-gp-n3-4-16-i-adv-mysql-2,do-agent,-1,load_200tps
2026-08-05T20:18:16Z,compare-am-gp-n3-4-16-i-adv-mysql-2,xtrabackup,24465408,load_200tps
2026-08-05T20:18:48Z,compare-am-gp-n3-4-16-i-adv-mysql-0,mysql,13340348416,load_200tps
2026-08-05T20:18:48Z,compare-am-gp-n3-4-16-i-adv-mysql-0,mysqld-exporter,15708160,load_200tps
2026-08-05T20:18:48Z,compare-am-gp-n3-4-16-i-adv-mysql-0,slow-log-tailer,2232320,load_200tps
2026-08-05T20:18:48Z,compare-am-gp-n3-4-16-i-adv-mysql-0,do-agent,-1,load_200tps
2026-08-05T20:18:48Z,compare-am-gp-n3-4-16-i-adv-mysql-0,xtrabackup,18948096,load_200tps
2026-08-05T20:18:48Z,compare-am-gp-n3-4-16-i-adv-mysql-1,mysql,12245372928,load_200tps
2026-08-05T20:18:48Z,compare-am-gp-n3-4-16-i-adv-mysql-1,mysqld-exporter,15560704,load_200tps
2026-08-05T20:18:48Z,compare-am-gp-n3-4-16-i-adv-mysql-1,slow-log-tailer,6529024,load_200tps
2026-08-05T20:18:48Z,compare-am-gp-n3-4-16-i-adv-mysql-1,do-agent,-1,load_200tps
2026-08-05T20:18:48Z,compare-am-gp-n3-4-16-i-adv-mysql-1,xtrabackup,531570688,load_200tps
2026-08-05T20:18:48Z,compare-am-gp-n3-4-16-i-adv-mysql-2,mysql,13210771456,load_200tps
2026-08-05T20:18:48Z,compare-am-gp-n3-4-16-i-adv-mysql-2,mysqld-exporter,15286272,load_200tps
2026-08-05T20:18:48Z,compare-am-gp-n3-4-16-i-adv-mysql-2,slow-log-tailer,1986560,load_200tps
2026-08-05T20:18:48Z,compare-am-gp-n3-4-16-i-adv-mysql-2,do-agent,-1,load_200tps
2026-08-05T20:18:48Z,compare-am-gp-n3-4-16-i-adv-mysql-2,xtrabackup,24526848,load_200tps
2026-08-05T20:19:21Z,compare-am-gp-n3-4-16-i-adv-mysql-0,mysql,13360250880,load_200tps
2026-08-05T20:19:21Z,compare-am-gp-n3-4-16-i-adv-mysql-0,mysqld-exporter,16121856,load_200tps
2026-08-05T20:19:21Z,compare-am-gp-n3-4-16-i-adv-mysql-0,slow-log-tailer,2232320,load_200tps
2026-08-05T20:19:21Z,compare-am-gp-n3-4-16-i-adv-mysql-0,do-agent,-1,load_200tps
2026-08-05T20:19:21Z,compare-am-gp-n3-4-16-i-adv-mysql-0,xtrabackup,18915328,load_200tps
2026-08-05T20:19:21Z,compare-am-gp-n3-4-16-i-adv-mysql-1,mysql,12375429120,load_200tps
2026-08-05T20:19:21Z,compare-am-gp-n3-4-16-i-adv-mysql-1,mysqld-exporter,15433728,load_200tps
2026-08-05T20:19:21Z,compare-am-gp-n3-4-16-i-adv-mysql-1,slow-log-tailer,6504448,load_200tps
2026-08-05T20:19:21Z,compare-am-gp-n3-4-16-i-adv-mysql-1,do-agent,-1,load_200tps
2026-08-05T20:19:21Z,compare-am-gp-n3-4-16-i-adv-mysql-1,xtrabackup,531644416,load_200tps
2026-08-05T20:19:21Z,compare-am-gp-n3-4-16-i-adv-mysql-2,mysql,13220753408,load_200tps
2026-08-05T20:19:21Z,compare-am-gp-n3-4-16-i-adv-mysql-2,mysqld-exporter,15101952,load_200tps
2026-08-05T20:19:21Z,compare-am-gp-n3-4-16-i-adv-mysql-2,slow-log-tailer,1765376,load_200tps
2026-08-05T20:19:21Z,compare-am-gp-n3-4-16-i-adv-mysql-2,do-agent,-1,load_200tps
2026-08-05T20:19:21Z,compare-am-gp-n3-4-16-i-adv-mysql-2,xtrabackup,24375296,load_200tps
2026-08-05T20:19:54Z,compare-am-gp-n3-4-16-i-adv-mysql-0,mysql,13382881280,load_200tps
2026-08-05T20:19:54Z,compare-am-gp-n3-4-16-i-adv-mysql-0,mysqld-exporter,16347136,load_200tps
2026-08-05T20:19:54Z,compare-am-gp-n3-4-16-i-adv-mysql-0,slow-log-tailer,2232320,load_200tps
2026-08-05T20:19:54Z,compare-am-gp-n3-4-16-i-adv-mysql-0,do-agent,-1,load_200tps
2026-08-05T20:19:54Z,compare-am-gp-n3-4-16-i-adv-mysql-0,xtrabackup,18853888,load_200tps
2026-08-05T20:19:54Z,compare-am-gp-n3-4-16-i-adv-mysql-1,mysql,12312236032,load_200tps
2026-08-05T20:19:54Z,compare-am-gp-n3-4-16-i-adv-mysql-1,mysqld-exporter,15581184,load_200tps
2026-08-05T20:19:54Z,compare-am-gp-n3-4-16-i-adv-mysql-1,slow-log-tailer,6623232,load_200tps
2026-08-05T20:19:54Z,compare-am-gp-n3-4-16-i-adv-mysql-1,do-agent,-1,load_200tps
2026-08-05T20:19:54Z,compare-am-gp-n3-4-16-i-adv-mysql-1,xtrabackup,531521536,load_200tps
2026-08-05T20:19:54Z,compare-am-gp-n3-4-16-i-adv-mysql-2,mysql,13220089856,load_200tps
2026-08-05T20:19:54Z,compare-am-gp-n3-4-16-i-adv-mysql-2,mysqld-exporter,15187968,load_200tps
2026-08-05T20:19:54Z,compare-am-gp-n3-4-16-i-adv-mysql-2,slow-log-tailer,1843200,load_200tps
2026-08-05T20:19:54Z,compare-am-gp-n3-4-16-i-adv-mysql-2,do-agent,-1,load_200tps
2026-08-05T20:19:54Z,compare-am-gp-n3-4-16-i-adv-mysql-2,xtrabackup,24612864,load_200tps
2026-08-05T20:20:27Z,compare-am-gp-n3-4-16-i-adv-mysql-0,mysql,13351743488,load_200tps
2026-08-05T20:20:27Z,compare-am-gp-n3-4-16-i-adv-mysql-0,mysqld-exporter,16105472,load_200tps
2026-08-05T20:20:27Z,compare-am-gp-n3-4-16-i-adv-mysql-0,slow-log-tailer,2203648,load_200tps
2026-08-05T20:20:27Z,compare-am-gp-n3-4-16-i-adv-mysql-0,do-agent,-1,load_200tps
2026-08-05T20:20:27Z,compare-am-gp-n3-4-16-i-adv-mysql-0,xtrabackup,18931712,load_200tps
2026-08-05T20:20:27Z,compare-am-gp-n3-4-16-i-adv-mysql-1,mysql,12362510336,load_200tps
2026-08-05T20:20:27Z,compare-am-gp-n3-4-16-i-adv-mysql-1,mysqld-exporter,15200256,load_200tps
2026-08-05T20:20:27Z,compare-am-gp-n3-4-16-i-adv-mysql-1,slow-log-tailer,6873088,load_200tps
2026-08-05T20:20:27Z,compare-am-gp-n3-4-16-i-adv-mysql-1,do-agent,-1,load_200tps
2026-08-05T20:20:27Z,compare-am-gp-n3-4-16-i-adv-mysql-1,xtrabackup,531542016,load_200tps
2026-08-05T20:20:27Z,compare-am-gp-n3-4-16-i-adv-mysql-2,mysql,13221085184,load_200tps
2026-08-05T20:20:27Z,compare-am-gp-n3-4-16-i-adv-mysql-2,mysqld-exporter,15122432,load_200tps
2026-08-05T20:20:27Z,compare-am-gp-n3-4-16-i-adv-mysql-2,slow-log-tailer,1974272,load_200tps
2026-08-05T20:20:27Z,compare-am-gp-n3-4-16-i-adv-mysql-2,do-agent,-1,load_200tps
2026-08-05T20:20:27Z,compare-am-gp-n3-4-16-i-adv-mysql-2,xtrabackup,24604672,load_200tps
2026-08-05T20:21:01Z,compare-am-gp-n3-4-16-i-adv-mysql-0,mysql,13348515840,load_200tps
2026-08-05T20:21:01Z,compare-am-gp-n3-4-16-i-adv-mysql-0,mysqld-exporter,16297984,load_200tps
2026-08-05T20:21:01Z,compare-am-gp-n3-4-16-i-adv-mysql-0,slow-log-tailer,2129920,load_200tps
2026-08-05T20:21:01Z,compare-am-gp-n3-4-16-i-adv-mysql-0,do-agent,-1,load_200tps
2026-08-05T20:21:01Z,compare-am-gp-n3-4-16-i-adv-mysql-0,xtrabackup,18915328,load_200tps
2026-08-05T20:21:01Z,compare-am-gp-n3-4-16-i-adv-mysql-1,mysql,12353507328,load_200tps
2026-08-05T20:21:01Z,compare-am-gp-n3-4-16-i-adv-mysql-1,mysqld-exporter,15138816,load_200tps
2026-08-05T20:21:01Z,compare-am-gp-n3-4-16-i-adv-mysql-1,slow-log-tailer,6701056,load_200tps
2026-08-05T20:21:01Z,compare-am-gp-n3-4-16-i-adv-mysql-1,do-agent,-1,load_200tps
2026-08-05T20:21:01Z,compare-am-gp-n3-4-16-i-adv-mysql-1,xtrabackup,531554304,load_200tps
2026-08-05T20:21:01Z,compare-am-gp-n3-4-16-i-adv-mysql-2,mysql,13206380544,load_200tps
2026-08-05T20:21:01Z,compare-am-gp-n3-4-16-i-adv-mysql-2,mysqld-exporter,15159296,load_200tps
2026-08-05T20:21:01Z,compare-am-gp-n3-4-16-i-adv-mysql-2,slow-log-tailer,1937408,load_200tps
2026-08-05T20:21:01Z,compare-am-gp-n3-4-16-i-adv-mysql-2,do-agent,-1,load_200tps
2026-08-05T20:21:01Z,compare-am-gp-n3-4-16-i-adv-mysql-2,xtrabackup,24248320,load_200tps
2026-08-05T20:21:34Z,compare-am-gp-n3-4-16-i-adv-mysql-0,mysql,13337579520,load_200tps
2026-08-05T20:21:34Z,compare-am-gp-n3-4-16-i-adv-mysql-0,mysqld-exporter,15634432,load_200tps
2026-08-05T20:21:34Z,compare-am-gp-n3-4-16-i-adv-mysql-0,slow-log-tailer,2134016,load_200tps
2026-08-05T20:21:34Z,compare-am-gp-n3-4-16-i-adv-mysql-0,do-agent,-1,load_200tps
2026-08-05T20:21:34Z,compare-am-gp-n3-4-16-i-adv-mysql-0,xtrabackup,18903040,load_200tps
2026-08-05T20:21:34Z,compare-am-gp-n3-4-16-i-adv-mysql-1,mysql,12245491712,load_200tps
2026-08-05T20:21:34Z,compare-am-gp-n3-4-16-i-adv-mysql-1,mysqld-exporter,15462400,load_200tps
2026-08-05T20:21:34Z,compare-am-gp-n3-4-16-i-adv-mysql-1,slow-log-tailer,6909952,load_200tps
2026-08-05T20:21:34Z,compare-am-gp-n3-4-16-i-adv-mysql-1,do-agent,-1,load_200tps
2026-08-05T20:21:34Z,compare-am-gp-n3-4-16-i-adv-mysql-1,xtrabackup,531546112,load_200tps
2026-08-05T20:21:34Z,compare-am-gp-n3-4-16-i-adv-mysql-2,mysql,13234974720,load_200tps
2026-08-05T20:21:34Z,compare-am-gp-n3-4-16-i-adv-mysql-2,mysqld-exporter,15695872,load_200tps
2026-08-05T20:21:34Z,compare-am-gp-n3-4-16-i-adv-mysql-2,slow-log-tailer,2052096,load_200tps
2026-08-05T20:21:34Z,compare-am-gp-n3-4-16-i-adv-mysql-2,do-agent,-1,load_200tps
2026-08-05T20:21:34Z,compare-am-gp-n3-4-16-i-adv-mysql-2,xtrabackup,24629248,load_200tps
2026-08-05T20:22:07Z,compare-am-gp-n3-4-16-i-adv-mysql-0,mysql,13352767488,load_200tps
2026-08-05T20:22:07Z,compare-am-gp-n3-4-16-i-adv-mysql-0,mysqld-exporter,15597568,load_200tps
2026-08-05T20:22:07Z,compare-am-gp-n3-4-16-i-adv-mysql-0,slow-log-tailer,2256896,load_200tps
2026-08-05T20:22:07Z,compare-am-gp-n3-4-16-i-adv-mysql-0,do-agent,-1,load_200tps
2026-08-05T20:22:07Z,compare-am-gp-n3-4-16-i-adv-mysql-0,xtrabackup,18915328,load_200tps
2026-08-05T20:22:07Z,compare-am-gp-n3-4-16-i-adv-mysql-1,mysql,12374204416,load_200tps
2026-08-05T20:22:07Z,compare-am-gp-n3-4-16-i-adv-mysql-1,mysqld-exporter,15683584,load_200tps
2026-08-05T20:22:07Z,compare-am-gp-n3-4-16-i-adv-mysql-1,slow-log-tailer,6651904,load_200tps
2026-08-05T20:22:07Z,compare-am-gp-n3-4-16-i-adv-mysql-1,do-agent,-1,load_200tps
2026-08-05T20:22:07Z,compare-am-gp-n3-4-16-i-adv-mysql-1,xtrabackup,531300352,load_200tps
2026-08-05T20:22:07Z,compare-am-gp-n3-4-16-i-adv-mysql-2,mysql,13205999616,load_200tps
2026-08-05T20:22:07Z,compare-am-gp-n3-4-16-i-adv-mysql-2,mysqld-exporter,15265792,load_200tps
2026-08-05T20:22:07Z,compare-am-gp-n3-4-16-i-adv-mysql-2,slow-log-tailer,1871872,load_200tps
2026-08-05T20:22:07Z,compare-am-gp-n3-4-16-i-adv-mysql-2,do-agent,-1,load_200tps
2026-08-05T20:22:07Z,compare-am-gp-n3-4-16-i-adv-mysql-2,xtrabackup,24424448,load_200tps
2026-08-05T20:22:40Z,compare-am-gp-n3-4-16-i-adv-mysql-0,mysql,13374541824,load_200tps
2026-08-05T20:22:40Z,compare-am-gp-n3-4-16-i-adv-mysql-0,mysqld-exporter,15613952,load_200tps
2026-08-05T20:22:40Z,compare-am-gp-n3-4-16-i-adv-mysql-0,slow-log-tailer,2232320,load_200tps
2026-08-05T20:22:40Z,compare-am-gp-n3-4-16-i-adv-mysql-0,do-agent,-1,load_200tps
2026-08-05T20:22:40Z,compare-am-gp-n3-4-16-i-adv-mysql-0,xtrabackup,18919424,load_200tps
2026-08-05T20:22:40Z,compare-am-gp-n3-4-16-i-adv-mysql-1,mysql,12189192192,load_200tps
2026-08-05T20:22:40Z,compare-am-gp-n3-4-16-i-adv-mysql-1,mysqld-exporter,15245312,load_200tps
2026-08-05T20:22:40Z,compare-am-gp-n3-4-16-i-adv-mysql-1,slow-log-tailer,6508544,load_200tps
2026-08-05T20:22:40Z,compare-am-gp-n3-4-16-i-adv-mysql-1,do-agent,-1,load_200tps
2026-08-05T20:22:40Z,compare-am-gp-n3-4-16-i-adv-mysql-1,xtrabackup,531578880,load_200tps
2026-08-05T20:22:40Z,compare-am-gp-n3-4-16-i-adv-mysql-2,mysql,13215707136,load_200tps
2026-08-05T20:22:40Z,compare-am-gp-n3-4-16-i-adv-mysql-2,mysqld-exporter,15470592,load_200tps
2026-08-05T20:22:40Z,compare-am-gp-n3-4-16-i-adv-mysql-2,slow-log-tailer,2019328,load_200tps
2026-08-05T20:22:40Z,compare-am-gp-n3-4-16-i-adv-mysql-2,do-agent,-1,load_200tps
2026-08-05T20:22:40Z,compare-am-gp-n3-4-16-i-adv-mysql-2,xtrabackup,24272896,load_200tps
2026-08-05T20:23:13Z,compare-am-gp-n3-4-16-i-adv-mysql-0,mysql,13376651264,load_200tps
2026-08-05T20:23:13Z,compare-am-gp-n3-4-16-i-adv-mysql-0,mysqld-exporter,15855616,load_200tps
2026-08-05T20:23:13Z,compare-am-gp-n3-4-16-i-adv-mysql-0,slow-log-tailer,2170880,load_200tps
2026-08-05T20:23:13Z,compare-am-gp-n3-4-16-i-adv-mysql-0,do-agent,-1,load_200tps
2026-08-05T20:23:13Z,compare-am-gp-n3-4-16-i-adv-mysql-0,xtrabackup,18952192,load_200tps
2026-08-05T20:23:13Z,compare-am-gp-n3-4-16-i-adv-mysql-1,mysql,12297269248,load_200tps
2026-08-05T20:23:13Z,compare-am-gp-n3-4-16-i-adv-mysql-1,mysqld-exporter,15237120,load_200tps
2026-08-05T20:23:13Z,compare-am-gp-n3-4-16-i-adv-mysql-1,slow-log-tailer,6533120,load_200tps
2026-08-05T20:23:13Z,compare-am-gp-n3-4-16-i-adv-mysql-1,do-agent,-1,load_200tps
2026-08-05T20:23:13Z,compare-am-gp-n3-4-16-i-adv-mysql-1,xtrabackup,531566592,load_200tps
2026-08-05T20:23:13Z,compare-am-gp-n3-4-16-i-adv-mysql-2,mysql,13219815424,load_200tps
2026-08-05T20:23:13Z,compare-am-gp-n3-4-16-i-adv-mysql-2,mysqld-exporter,15290368,load_200tps
2026-08-05T20:23:13Z,compare-am-gp-n3-4-16-i-adv-mysql-2,slow-log-tailer,1794048,load_200tps
2026-08-05T20:23:13Z,compare-am-gp-n3-4-16-i-adv-mysql-2,do-agent,-1,load_200tps
2026-08-05T20:23:13Z,compare-am-gp-n3-4-16-i-adv-mysql-2,xtrabackup,24449024,load_200tps
2026-08-05T20:23:46Z,compare-am-gp-n3-4-16-i-adv-mysql-0,mysql,13340704768,load_200tps
2026-08-05T20:23:46Z,compare-am-gp-n3-4-16-i-adv-mysql-0,mysqld-exporter,15880192,load_200tps
2026-08-05T20:23:46Z,compare-am-gp-n3-4-16-i-adv-mysql-0,slow-log-tailer,2174976,load_200tps
2026-08-05T20:23:46Z,compare-am-gp-n3-4-16-i-adv-mysql-0,do-agent,-1,load_200tps
2026-08-05T20:23:46Z,compare-am-gp-n3-4-16-i-adv-mysql-0,xtrabackup,18735104,load_200tps
2026-08-05T20:23:46Z,compare-am-gp-n3-4-16-i-adv-mysql-1,mysql,12375379968,load_200tps
2026-08-05T20:23:46Z,compare-am-gp-n3-4-16-i-adv-mysql-1,mysqld-exporter,15364096,load_200tps
2026-08-05T20:23:46Z,compare-am-gp-n3-4-16-i-adv-mysql-1,slow-log-tailer,6692864,load_200tps
2026-08-05T20:23:46Z,compare-am-gp-n3-4-16-i-adv-mysql-1,do-agent,-1,load_200tps
2026-08-05T20:23:46Z,compare-am-gp-n3-4-16-i-adv-mysql-1,xtrabackup,531759104,load_200tps
2026-08-05T20:23:46Z,compare-am-gp-n3-4-16-i-adv-mysql-2,mysql,13215629312,load_200tps
2026-08-05T20:23:46Z,compare-am-gp-n3-4-16-i-adv-mysql-2,mysqld-exporter,15511552,load_200tps
2026-08-05T20:23:46Z,compare-am-gp-n3-4-16-i-adv-mysql-2,slow-log-tailer,1884160,load_200tps
2026-08-05T20:23:46Z,compare-am-gp-n3-4-16-i-adv-mysql-2,do-agent,-1,load_200tps
2026-08-05T20:23:46Z,compare-am-gp-n3-4-16-i-adv-mysql-2,xtrabackup,24481792,load_200tps
2026-08-05T20:24:19Z,compare-am-gp-n3-4-16-i-adv-mysql-0,mysql,13366333440,load_200tps
2026-08-05T20:24:19Z,compare-am-gp-n3-4-16-i-adv-mysql-0,mysqld-exporter,15872000,load_200tps
2026-08-05T20:24:19Z,compare-am-gp-n3-4-16-i-adv-mysql-0,slow-log-tailer,2211840,load_200tps
2026-08-05T20:24:19Z,compare-am-gp-n3-4-16-i-adv-mysql-0,do-agent,-1,load_200tps
2026-08-05T20:24:19Z,compare-am-gp-n3-4-16-i-adv-mysql-0,xtrabackup,18571264,load_200tps
2026-08-05T20:24:19Z,compare-am-gp-n3-4-16-i-adv-mysql-1,mysql,12106551296,load_200tps
2026-08-05T20:24:19Z,compare-am-gp-n3-4-16-i-adv-mysql-1,mysqld-exporter,15544320,load_200tps
2026-08-05T20:24:19Z,compare-am-gp-n3-4-16-i-adv-mysql-1,slow-log-tailer,6549504,load_200tps
2026-08-05T20:24:19Z,compare-am-gp-n3-4-16-i-adv-mysql-1,do-agent,-1,load_200tps
2026-08-05T20:24:19Z,compare-am-gp-n3-4-16-i-adv-mysql-1,xtrabackup,531738624,load_200tps
2026-08-05T20:24:19Z,compare-am-gp-n3-4-16-i-adv-mysql-2,mysql,13220417536,load_200tps
2026-08-05T20:24:19Z,compare-am-gp-n3-4-16-i-adv-mysql-2,mysqld-exporter,15372288,load_200tps
2026-08-05T20:24:19Z,compare-am-gp-n3-4-16-i-adv-mysql-2,slow-log-tailer,2060288,load_200tps
2026-08-05T20:24:19Z,compare-am-gp-n3-4-16-i-adv-mysql-2,do-agent,-1,load_200tps
2026-08-05T20:24:19Z,compare-am-gp-n3-4-16-i-adv-mysql-2,xtrabackup,24379392,load_200tps
2026-08-05T20:24:52Z,compare-am-gp-n3-4-16-i-adv-mysql-0,mysql,13364428800,load_200tps
2026-08-05T20:24:52Z,compare-am-gp-n3-4-16-i-adv-mysql-0,mysqld-exporter,15892480,load_200tps
2026-08-05T20:24:52Z,compare-am-gp-n3-4-16-i-adv-mysql-0,slow-log-tailer,2224128,load_200tps
2026-08-05T20:24:52Z,compare-am-gp-n3-4-16-i-adv-mysql-0,do-agent,-1,load_200tps
2026-08-05T20:24:52Z,compare-am-gp-n3-4-16-i-adv-mysql-0,xtrabackup,18722816,load_200tps
2026-08-05T20:24:52Z,compare-am-gp-n3-4-16-i-adv-mysql-1,mysql,12240584704,load_200tps
2026-08-05T20:24:52Z,compare-am-gp-n3-4-16-i-adv-mysql-1,mysqld-exporter,15462400,load_200tps
2026-08-05T20:24:52Z,compare-am-gp-n3-4-16-i-adv-mysql-1,slow-log-tailer,6459392,load_200tps
2026-08-05T20:24:52Z,compare-am-gp-n3-4-16-i-adv-mysql-1,do-agent,-1,load_200tps
2026-08-05T20:24:52Z,compare-am-gp-n3-4-16-i-adv-mysql-1,xtrabackup,531574784,load_200tps
2026-08-05T20:24:52Z,compare-am-gp-n3-4-16-i-adv-mysql-2,mysql,13219024896,load_200tps
2026-08-05T20:24:52Z,compare-am-gp-n3-4-16-i-adv-mysql-2,mysqld-exporter,15446016,load_200tps
2026-08-05T20:24:52Z,compare-am-gp-n3-4-16-i-adv-mysql-2,slow-log-tailer,2232320,load_200tps
2026-08-05T20:24:52Z,compare-am-gp-n3-4-16-i-adv-mysql-2,do-agent,-1,load_200tps
2026-08-05T20:24:52Z,compare-am-gp-n3-4-16-i-adv-mysql-2,xtrabackup,24387584,load_200tps
2026-08-05T20:25:25Z,compare-am-gp-n3-4-16-i-adv-mysql-0,mysql,13349355520,load_200tps
2026-08-05T20:25:25Z,compare-am-gp-n3-4-16-i-adv-mysql-0,mysqld-exporter,15835136,load_200tps
2026-08-05T20:25:25Z,compare-am-gp-n3-4-16-i-adv-mysql-0,slow-log-tailer,2207744,load_200tps
2026-08-05T20:25:25Z,compare-am-gp-n3-4-16-i-adv-mysql-0,do-agent,-1,load_200tps
2026-08-05T20:25:25Z,compare-am-gp-n3-4-16-i-adv-mysql-0,xtrabackup,18722816,load_200tps
2026-08-05T20:25:25Z,compare-am-gp-n3-4-16-i-adv-mysql-1,mysql,12276871168,load_200tps
2026-08-05T20:25:25Z,compare-am-gp-n3-4-16-i-adv-mysql-1,mysqld-exporter,15724544,load_200tps
2026-08-05T20:25:25Z,compare-am-gp-n3-4-16-i-adv-mysql-1,slow-log-tailer,7774208,load_200tps
2026-08-05T20:25:25Z,compare-am-gp-n3-4-16-i-adv-mysql-1,do-agent,-1,load_200tps
2026-08-05T20:25:25Z,compare-am-gp-n3-4-16-i-adv-mysql-1,xtrabackup,531558400,load_200tps
2026-08-05T20:25:25Z,compare-am-gp-n3-4-16-i-adv-mysql-2,mysql,13214076928,load_200tps
2026-08-05T20:25:25Z,compare-am-gp-n3-4-16-i-adv-mysql-2,mysqld-exporter,16003072,load_200tps
2026-08-05T20:25:25Z,compare-am-gp-n3-4-16-i-adv-mysql-2,slow-log-tailer,2097152,load_200tps
2026-08-05T20:25:25Z,compare-am-gp-n3-4-16-i-adv-mysql-2,do-agent,-1,load_200tps
2026-08-05T20:25:25Z,compare-am-gp-n3-4-16-i-adv-mysql-2,xtrabackup,24518656,load_200tps
2026-08-05T20:25:58Z,compare-am-gp-n3-4-16-i-adv-mysql-0,mysql,13346594816,load_200tps
2026-08-05T20:25:58Z,compare-am-gp-n3-4-16-i-adv-mysql-0,mysqld-exporter,15843328,load_200tps
2026-08-05T20:25:58Z,compare-am-gp-n3-4-16-i-adv-mysql-0,slow-log-tailer,2453504,load_200tps
2026-08-05T20:25:58Z,compare-am-gp-n3-4-16-i-adv-mysql-0,do-agent,-1,load_200tps
2026-08-05T20:25:58Z,compare-am-gp-n3-4-16-i-adv-mysql-0,xtrabackup,18731008,load_200tps
2026-08-05T20:25:58Z,compare-am-gp-n3-4-16-i-adv-mysql-1,mysql,12302155776,load_200tps
2026-08-05T20:25:58Z,compare-am-gp-n3-4-16-i-adv-mysql-1,mysqld-exporter,15736832,load_200tps
2026-08-05T20:25:58Z,compare-am-gp-n3-4-16-i-adv-mysql-1,slow-log-tailer,6664192,load_200tps
2026-08-05T20:25:58Z,compare-am-gp-n3-4-16-i-adv-mysql-1,do-agent,-1,load_200tps
2026-08-05T20:25:58Z,compare-am-gp-n3-4-16-i-adv-mysql-1,xtrabackup,531472384,load_200tps
2026-08-05T20:25:58Z,compare-am-gp-n3-4-16-i-adv-mysql-2,mysql,13222412288,load_200tps
2026-08-05T20:25:58Z,compare-am-gp-n3-4-16-i-adv-mysql-2,mysqld-exporter,15982592,load_200tps
2026-08-05T20:25:58Z,compare-am-gp-n3-4-16-i-adv-mysql-2,slow-log-tailer,1867776,load_200tps
2026-08-05T20:25:58Z,compare-am-gp-n3-4-16-i-adv-mysql-2,do-agent,-1,load_200tps
2026-08-05T20:25:58Z,compare-am-gp-n3-4-16-i-adv-mysql-2,xtrabackup,24399872,load_200tps
2026-08-05T20:26:32Z,compare-am-gp-n3-4-16-i-adv-mysql-0,mysql,13344260096,load_200tps
2026-08-05T20:26:32Z,compare-am-gp-n3-4-16-i-adv-mysql-0,mysqld-exporter,15921152,load_200tps
2026-08-05T20:26:32Z,compare-am-gp-n3-4-16-i-adv-mysql-0,slow-log-tailer,2019328,load_200tps
2026-08-05T20:26:32Z,compare-am-gp-n3-4-16-i-adv-mysql-0,do-agent,-1,load_200tps
2026-08-05T20:26:32Z,compare-am-gp-n3-4-16-i-adv-mysql-0,xtrabackup,18759680,load_200tps
2026-08-05T20:26:32Z,compare-am-gp-n3-4-16-i-adv-mysql-1,mysql,12355506176,load_200tps
2026-08-05T20:26:32Z,compare-am-gp-n3-4-16-i-adv-mysql-1,mysqld-exporter,15712256,load_200tps
2026-08-05T20:26:32Z,compare-am-gp-n3-4-16-i-adv-mysql-1,slow-log-tailer,6660096,load_200tps
2026-08-05T20:26:32Z,compare-am-gp-n3-4-16-i-adv-mysql-1,do-agent,-1,load_200tps
2026-08-05T20:26:32Z,compare-am-gp-n3-4-16-i-adv-mysql-1,xtrabackup,531595264,load_200tps
2026-08-05T20:26:32Z,compare-am-gp-n3-4-16-i-adv-mysql-2,mysql,13208862720,load_200tps
2026-08-05T20:26:32Z,compare-am-gp-n3-4-16-i-adv-mysql-2,mysqld-exporter,15994880,load_200tps
2026-08-05T20:26:32Z,compare-am-gp-n3-4-16-i-adv-mysql-2,slow-log-tailer,2056192,load_200tps
2026-08-05T20:26:32Z,compare-am-gp-n3-4-16-i-adv-mysql-2,do-agent,-1,load_200tps
2026-08-05T20:26:32Z,compare-am-gp-n3-4-16-i-adv-mysql-2,xtrabackup,24391680,load_200tps
2026-08-05T20:27:05Z,compare-am-gp-n3-4-16-i-adv-mysql-0,mysql,13333598208,load_200tps
2026-08-05T20:27:05Z,compare-am-gp-n3-4-16-i-adv-mysql-0,mysqld-exporter,16351232,load_200tps
2026-08-05T20:27:05Z,compare-am-gp-n3-4-16-i-adv-mysql-0,slow-log-tailer,2236416,load_200tps
2026-08-05T20:27:05Z,compare-am-gp-n3-4-16-i-adv-mysql-0,do-agent,-1,load_200tps
2026-08-05T20:27:05Z,compare-am-gp-n3-4-16-i-adv-mysql-0,xtrabackup,18665472,load_200tps
2026-08-05T20:27:05Z,compare-am-gp-n3-4-16-i-adv-mysql-1,mysql,12228050944,load_200tps
2026-08-05T20:27:05Z,compare-am-gp-n3-4-16-i-adv-mysql-1,mysqld-exporter,15597568,load_200tps
2026-08-05T20:27:05Z,compare-am-gp-n3-4-16-i-adv-mysql-1,slow-log-tailer,6569984,load_200tps
2026-08-05T20:27:05Z,compare-am-gp-n3-4-16-i-adv-mysql-1,do-agent,-1,load_200tps
2026-08-05T20:27:05Z,compare-am-gp-n3-4-16-i-adv-mysql-1,xtrabackup,531607552,load_200tps
2026-08-05T20:27:05Z,compare-am-gp-n3-4-16-i-adv-mysql-2,mysql,13214466048,load_200tps
2026-08-05T20:27:05Z,compare-am-gp-n3-4-16-i-adv-mysql-2,mysqld-exporter,16244736,load_200tps
2026-08-05T20:27:05Z,compare-am-gp-n3-4-16-i-adv-mysql-2,slow-log-tailer,1724416,load_200tps
2026-08-05T20:27:05Z,compare-am-gp-n3-4-16-i-adv-mysql-2,do-agent,-1,load_200tps
2026-08-05T20:27:05Z,compare-am-gp-n3-4-16-i-adv-mysql-2,xtrabackup,24420352,load_200tps
2026-08-05T20:27:38Z,compare-am-gp-n3-4-16-i-adv-mysql-0,mysql,13360537600,load_200tps
2026-08-05T20:27:38Z,compare-am-gp-n3-4-16-i-adv-mysql-0,mysqld-exporter,16355328,load_200tps
2026-08-05T20:27:38Z,compare-am-gp-n3-4-16-i-adv-mysql-0,slow-log-tailer,2273280,load_200tps
2026-08-05T20:27:38Z,compare-am-gp-n3-4-16-i-adv-mysql-0,do-agent,-1,load_200tps
2026-08-05T20:27:38Z,compare-am-gp-n3-4-16-i-adv-mysql-0,xtrabackup,18821120,load_200tps
2026-08-05T20:27:38Z,compare-am-gp-n3-4-16-i-adv-mysql-1,mysql,12360626176,load_200tps
2026-08-05T20:27:38Z,compare-am-gp-n3-4-16-i-adv-mysql-1,mysqld-exporter,15691776,load_200tps
2026-08-05T20:27:38Z,compare-am-gp-n3-4-16-i-adv-mysql-1,slow-log-tailer,6500352,load_200tps
2026-08-05T20:27:38Z,compare-am-gp-n3-4-16-i-adv-mysql-1,do-agent,-1,load_200tps
2026-08-05T20:27:38Z,compare-am-gp-n3-4-16-i-adv-mysql-1,xtrabackup,531517440,load_200tps
2026-08-05T20:27:38Z,compare-am-gp-n3-4-16-i-adv-mysql-2,mysql,13193195520,load_200tps
2026-08-05T20:27:38Z,compare-am-gp-n3-4-16-i-adv-mysql-2,mysqld-exporter,15253504,load_200tps
2026-08-05T20:27:38Z,compare-am-gp-n3-4-16-i-adv-mysql-2,slow-log-tailer,1949696,load_200tps
2026-08-05T20:27:38Z,compare-am-gp-n3-4-16-i-adv-mysql-2,do-agent,-1,load_200tps
2026-08-05T20:27:38Z,compare-am-gp-n3-4-16-i-adv-mysql-2,xtrabackup,24616960,load_200tps
2026-08-05T20:28:11Z,compare-am-gp-n3-4-16-i-adv-mysql-0,mysql,13347565568,load_200tps
2026-08-05T20:28:11Z,compare-am-gp-n3-4-16-i-adv-mysql-0,mysqld-exporter,16494592,load_200tps
2026-08-05T20:28:11Z,compare-am-gp-n3-4-16-i-adv-mysql-0,slow-log-tailer,2125824,load_200tps
2026-08-05T20:28:11Z,compare-am-gp-n3-4-16-i-adv-mysql-0,do-agent,-1,load_200tps
2026-08-05T20:28:11Z,compare-am-gp-n3-4-16-i-adv-mysql-0,xtrabackup,18763776,load_200tps
2026-08-05T20:28:11Z,compare-am-gp-n3-4-16-i-adv-mysql-1,mysql,12254789632,load_200tps
2026-08-05T20:28:11Z,compare-am-gp-n3-4-16-i-adv-mysql-1,mysqld-exporter,15691776,load_200tps
2026-08-05T20:28:11Z,compare-am-gp-n3-4-16-i-adv-mysql-1,slow-log-tailer,6725632,load_200tps
2026-08-05T20:28:11Z,compare-am-gp-n3-4-16-i-adv-mysql-1,do-agent,-1,load_200tps
2026-08-05T20:28:11Z,compare-am-gp-n3-4-16-i-adv-mysql-1,xtrabackup,531398656,load_200tps
2026-08-05T20:28:11Z,compare-am-gp-n3-4-16-i-adv-mysql-2,mysql,13211529216,load_200tps
2026-08-05T20:28:11Z,compare-am-gp-n3-4-16-i-adv-mysql-2,mysqld-exporter,15282176,load_200tps
2026-08-05T20:28:11Z,compare-am-gp-n3-4-16-i-adv-mysql-2,slow-log-tailer,2056192,load_200tps
2026-08-05T20:28:11Z,compare-am-gp-n3-4-16-i-adv-mysql-2,do-agent,-1,load_200tps
2026-08-05T20:28:11Z,compare-am-gp-n3-4-16-i-adv-mysql-2,xtrabackup,24453120,load_200tps
2026-08-05T20:28:44Z,compare-am-gp-n3-4-16-i-adv-mysql-0,mysql,13379395584,load_200tps
2026-08-05T20:28:44Z,compare-am-gp-n3-4-16-i-adv-mysql-0,mysqld-exporter,16297984,load_200tps
2026-08-05T20:28:44Z,compare-am-gp-n3-4-16-i-adv-mysql-0,slow-log-tailer,2232320,load_200tps
2026-08-05T20:28:44Z,compare-am-gp-n3-4-16-i-adv-mysql-0,do-agent,-1,load_200tps
2026-08-05T20:28:44Z,compare-am-gp-n3-4-16-i-adv-mysql-0,xtrabackup,18755584,load_200tps
2026-08-05T20:28:44Z,compare-am-gp-n3-4-16-i-adv-mysql-1,mysql,12313518080,load_200tps
2026-08-05T20:28:44Z,compare-am-gp-n3-4-16-i-adv-mysql-1,mysqld-exporter,16031744,load_200tps
2026-08-05T20:28:44Z,compare-am-gp-n3-4-16-i-adv-mysql-1,slow-log-tailer,6656000,load_200tps
2026-08-05T20:28:44Z,compare-am-gp-n3-4-16-i-adv-mysql-1,do-agent,-1,load_200tps
2026-08-05T20:28:44Z,compare-am-gp-n3-4-16-i-adv-mysql-1,xtrabackup,531521536,load_200tps
2026-08-05T20:28:44Z,compare-am-gp-n3-4-16-i-adv-mysql-2,mysql,13218459648,load_200tps
2026-08-05T20:28:44Z,compare-am-gp-n3-4-16-i-adv-mysql-2,mysqld-exporter,15302656,load_200tps
2026-08-05T20:28:44Z,compare-am-gp-n3-4-16-i-adv-mysql-2,slow-log-tailer,2109440,load_200tps
2026-08-05T20:28:44Z,compare-am-gp-n3-4-16-i-adv-mysql-2,do-agent,-1,load_200tps
2026-08-05T20:28:44Z,compare-am-gp-n3-4-16-i-adv-mysql-2,xtrabackup,24453120,load_200tps
2026-08-05T20:29:17Z,compare-am-gp-n3-4-16-i-adv-mysql-0,mysql,13363863552,load_200tps
2026-08-05T20:29:17Z,compare-am-gp-n3-4-16-i-adv-mysql-0,mysqld-exporter,15998976,load_200tps
2026-08-05T20:29:17Z,compare-am-gp-n3-4-16-i-adv-mysql-0,slow-log-tailer,2207744,load_200tps
2026-08-05T20:29:17Z,compare-am-gp-n3-4-16-i-adv-mysql-0,do-agent,-1,load_200tps
2026-08-05T20:29:17Z,compare-am-gp-n3-4-16-i-adv-mysql-0,xtrabackup,18518016,load_200tps
2026-08-05T20:29:17Z,compare-am-gp-n3-4-16-i-adv-mysql-1,mysql,12365361152,load_200tps
2026-08-05T20:29:17Z,compare-am-gp-n3-4-16-i-adv-mysql-1,mysqld-exporter,15736832,load_200tps
2026-08-05T20:29:17Z,compare-am-gp-n3-4-16-i-adv-mysql-1,slow-log-tailer,6660096,load_200tps
2026-08-05T20:29:17Z,compare-am-gp-n3-4-16-i-adv-mysql-1,do-agent,-1,load_200tps
2026-08-05T20:29:17Z,compare-am-gp-n3-4-16-i-adv-mysql-1,xtrabackup,531603456,load_200tps
2026-08-05T20:29:17Z,compare-am-gp-n3-4-16-i-adv-mysql-2,mysql,13231214592,load_200tps
2026-08-05T20:29:17Z,compare-am-gp-n3-4-16-i-adv-mysql-2,mysqld-exporter,15319040,load_200tps
2026-08-05T20:29:17Z,compare-am-gp-n3-4-16-i-adv-mysql-2,slow-log-tailer,1822720,load_200tps
2026-08-05T20:29:17Z,compare-am-gp-n3-4-16-i-adv-mysql-2,do-agent,-1,load_200tps
2026-08-05T20:29:17Z,compare-am-gp-n3-4-16-i-adv-mysql-2,xtrabackup,24264704,load_200tps
2026-08-05T20:29:50Z,compare-am-gp-n3-4-16-i-adv-mysql-0,mysql,13351460864,load_200tps
2026-08-05T20:29:50Z,compare-am-gp-n3-4-16-i-adv-mysql-0,mysqld-exporter,15962112,load_200tps
2026-08-05T20:29:50Z,compare-am-gp-n3-4-16-i-adv-mysql-0,slow-log-tailer,2232320,load_200tps
2026-08-05T20:29:50Z,compare-am-gp-n3-4-16-i-adv-mysql-0,do-agent,-1,load_200tps
2026-08-05T20:29:50Z,compare-am-gp-n3-4-16-i-adv-mysql-0,xtrabackup,18763776,load_200tps
2026-08-05T20:29:50Z,compare-am-gp-n3-4-16-i-adv-mysql-1,mysql,12101316608,load_200tps
2026-08-05T20:29:50Z,compare-am-gp-n3-4-16-i-adv-mysql-1,mysqld-exporter,15679488,load_200tps
2026-08-05T20:29:50Z,compare-am-gp-n3-4-16-i-adv-mysql-1,slow-log-tailer,6660096,load_200tps
2026-08-05T20:29:50Z,compare-am-gp-n3-4-16-i-adv-mysql-1,do-agent,-1,load_200tps
2026-08-05T20:29:50Z,compare-am-gp-n3-4-16-i-adv-mysql-1,xtrabackup,531402752,load_200tps
2026-08-05T20:29:50Z,compare-am-gp-n3-4-16-i-adv-mysql-2,mysql,13218619392,load_200tps
2026-08-05T20:29:50Z,compare-am-gp-n3-4-16-i-adv-mysql-2,mysqld-exporter,15257600,load_200tps
2026-08-05T20:29:50Z,compare-am-gp-n3-4-16-i-adv-mysql-2,slow-log-tailer,1855488,load_200tps
2026-08-05T20:29:50Z,compare-am-gp-n3-4-16-i-adv-mysql-2,do-agent,-1,load_200tps
2026-08-05T20:29:50Z,compare-am-gp-n3-4-16-i-adv-mysql-2,xtrabackup,24203264,load_200tps
2026-08-05T20:30:23Z,compare-am-gp-n3-4-16-i-adv-mysql-0,mysql,13345480704,load_200tps
2026-08-05T20:30:23Z,compare-am-gp-n3-4-16-i-adv-mysql-0,mysqld-exporter,16207872,load_200tps
2026-08-05T20:30:23Z,compare-am-gp-n3-4-16-i-adv-mysql-0,slow-log-tailer,2236416,load_200tps
2026-08-05T20:30:23Z,compare-am-gp-n3-4-16-i-adv-mysql-0,do-agent,-1,load_200tps
2026-08-05T20:30:23Z,compare-am-gp-n3-4-16-i-adv-mysql-0,xtrabackup,18608128,load_200tps
2026-08-05T20:30:23Z,compare-am-gp-n3-4-16-i-adv-mysql-1,mysql,12218892288,load_200tps
2026-08-05T20:30:23Z,compare-am-gp-n3-4-16-i-adv-mysql-1,mysqld-exporter,15532032,load_200tps
2026-08-05T20:30:23Z,compare-am-gp-n3-4-16-i-adv-mysql-1,slow-log-tailer,6778880,load_200tps
2026-08-05T20:30:23Z,compare-am-gp-n3-4-16-i-adv-mysql-1,do-agent,-1,load_200tps
2026-08-05T20:30:23Z,compare-am-gp-n3-4-16-i-adv-mysql-1,xtrabackup,531582976,load_200tps
2026-08-05T20:30:23Z,compare-am-gp-n3-4-16-i-adv-mysql-2,mysql,13226082304,load_200tps
2026-08-05T20:30:23Z,compare-am-gp-n3-4-16-i-adv-mysql-2,mysqld-exporter,15319040,load_200tps
2026-08-05T20:30:23Z,compare-am-gp-n3-4-16-i-adv-mysql-2,slow-log-tailer,1921024,load_200tps
2026-08-05T20:30:23Z,compare-am-gp-n3-4-16-i-adv-mysql-2,do-agent,-1,load_200tps
2026-08-05T20:30:23Z,compare-am-gp-n3-4-16-i-adv-mysql-2,xtrabackup,24510464,load_200tps
2026-08-05T20:30:57Z,compare-am-gp-n3-4-16-i-adv-mysql-0,mysql,13364236288,load_200tps
2026-08-05T20:30:57Z,compare-am-gp-n3-4-16-i-adv-mysql-0,mysqld-exporter,16064512,load_200tps
2026-08-05T20:30:57Z,compare-am-gp-n3-4-16-i-adv-mysql-0,slow-log-tailer,2236416,load_200tps
2026-08-05T20:30:57Z,compare-am-gp-n3-4-16-i-adv-mysql-0,do-agent,-1,load_200tps
2026-08-05T20:30:57Z,compare-am-gp-n3-4-16-i-adv-mysql-0,xtrabackup,18739200,load_200tps
2026-08-05T20:30:57Z,compare-am-gp-n3-4-16-i-adv-mysql-1,mysql,12204683264,load_200tps
2026-08-05T20:30:57Z,compare-am-gp-n3-4-16-i-adv-mysql-1,mysqld-exporter,15503360,load_200tps
2026-08-05T20:30:57Z,compare-am-gp-n3-4-16-i-adv-mysql-1,slow-log-tailer,6688768,load_200tps
2026-08-05T20:30:57Z,compare-am-gp-n3-4-16-i-adv-mysql-1,do-agent,-1,load_200tps
2026-08-05T20:30:57Z,compare-am-gp-n3-4-16-i-adv-mysql-1,xtrabackup,531496960,load_200tps
2026-08-05T20:30:57Z,compare-am-gp-n3-4-16-i-adv-mysql-2,mysql,13226807296,load_200tps
2026-08-05T20:30:57Z,compare-am-gp-n3-4-16-i-adv-mysql-2,mysqld-exporter,15286272,load_200tps
2026-08-05T20:30:57Z,compare-am-gp-n3-4-16-i-adv-mysql-2,slow-log-tailer,2310144,load_200tps
2026-08-05T20:30:57Z,compare-am-gp-n3-4-16-i-adv-mysql-2,do-agent,-1,load_200tps
2026-08-05T20:30:57Z,compare-am-gp-n3-4-16-i-adv-mysql-2,xtrabackup,24227840,load_200tps
2026-08-05T20:31:31Z,compare-am-gp-n3-4-16-i-adv-mysql-0,mysql,13359964160,load_200tps
2026-08-05T20:31:31Z,compare-am-gp-n3-4-16-i-adv-mysql-0,mysqld-exporter,15876096,load_200tps
2026-08-05T20:31:31Z,compare-am-gp-n3-4-16-i-adv-mysql-0,slow-log-tailer,2207744,load_200tps
2026-08-05T20:31:31Z,compare-am-gp-n3-4-16-i-adv-mysql-0,do-agent,-1,load_200tps
2026-08-05T20:31:31Z,compare-am-gp-n3-4-16-i-adv-mysql-0,xtrabackup,19054592,load_200tps
2026-08-05T20:31:31Z,compare-am-gp-n3-4-16-i-adv-mysql-1,mysql,12318789632,load_200tps
2026-08-05T20:31:31Z,compare-am-gp-n3-4-16-i-adv-mysql-1,mysqld-exporter,15396864,load_200tps
2026-08-05T20:31:31Z,compare-am-gp-n3-4-16-i-adv-mysql-1,slow-log-tailer,6696960,load_200tps
2026-08-05T20:31:31Z,compare-am-gp-n3-4-16-i-adv-mysql-1,do-agent,-1,load_200tps
2026-08-05T20:31:31Z,compare-am-gp-n3-4-16-i-adv-mysql-1,xtrabackup,531582976,load_200tps
2026-08-05T20:31:31Z,compare-am-gp-n3-4-16-i-adv-mysql-2,mysql,13225091072,load_200tps
2026-08-05T20:31:31Z,compare-am-gp-n3-4-16-i-adv-mysql-2,mysqld-exporter,14913536,load_200tps
2026-08-05T20:31:31Z,compare-am-gp-n3-4-16-i-adv-mysql-2,slow-log-tailer,1970176,load_200tps
2026-08-05T20:31:31Z,compare-am-gp-n3-4-16-i-adv-mysql-2,do-agent,-1,load_200tps
2026-08-05T20:31:31Z,compare-am-gp-n3-4-16-i-adv-mysql-2,xtrabackup,24539136,load_200tps
2026-08-05T20:32:04Z,compare-am-gp-n3-4-16-i-adv-mysql-0,mysql,13348421632,load_200tps
2026-08-05T20:32:04Z,compare-am-gp-n3-4-16-i-adv-mysql-0,mysqld-exporter,15851520,load_200tps
2026-08-05T20:32:04Z,compare-am-gp-n3-4-16-i-adv-mysql-0,slow-log-tailer,2215936,load_200tps
2026-08-05T20:32:04Z,compare-am-gp-n3-4-16-i-adv-mysql-0,do-agent,-1,load_200tps
2026-08-05T20:32:04Z,compare-am-gp-n3-4-16-i-adv-mysql-0,xtrabackup,19087360,load_200tps
2026-08-05T20:32:04Z,compare-am-gp-n3-4-16-i-adv-mysql-1,mysql,12266373120,load_200tps
2026-08-05T20:32:04Z,compare-am-gp-n3-4-16-i-adv-mysql-1,mysqld-exporter,15548416,load_200tps
2026-08-05T20:32:04Z,compare-am-gp-n3-4-16-i-adv-mysql-1,slow-log-tailer,6656000,load_200tps
2026-08-05T20:32:04Z,compare-am-gp-n3-4-16-i-adv-mysql-1,do-agent,-1,load_200tps
2026-08-05T20:32:04Z,compare-am-gp-n3-4-16-i-adv-mysql-1,xtrabackup,531488768,load_200tps
2026-08-05T20:32:04Z,compare-am-gp-n3-4-16-i-adv-mysql-2,mysql,13220999168,load_200tps
2026-08-05T20:32:04Z,compare-am-gp-n3-4-16-i-adv-mysql-2,mysqld-exporter,15118336,load_200tps
2026-08-05T20:32:04Z,compare-am-gp-n3-4-16-i-adv-mysql-2,slow-log-tailer,2039808,load_200tps
2026-08-05T20:32:04Z,compare-am-gp-n3-4-16-i-adv-mysql-2,do-agent,-1,load_200tps
2026-08-05T20:32:04Z,compare-am-gp-n3-4-16-i-adv-mysql-2,xtrabackup,24383488,load_200tps
2026-08-05T20:32:37Z,compare-am-gp-n3-4-16-i-adv-mysql-0,mysql,13362356224,load_200tps
2026-08-05T20:32:37Z,compare-am-gp-n3-4-16-i-adv-mysql-0,mysqld-exporter,15847424,load_200tps
2026-08-05T20:32:37Z,compare-am-gp-n3-4-16-i-adv-mysql-0,slow-log-tailer,2203648,load_200tps
2026-08-05T20:32:37Z,compare-am-gp-n3-4-16-i-adv-mysql-0,do-agent,-1,load_200tps
2026-08-05T20:32:37Z,compare-am-gp-n3-4-16-i-adv-mysql-0,xtrabackup,18886656,load_200tps
2026-08-05T20:32:37Z,compare-am-gp-n3-4-16-i-adv-mysql-1,mysql,12244361216,load_200tps
2026-08-05T20:32:37Z,compare-am-gp-n3-4-16-i-adv-mysql-1,mysqld-exporter,15396864,load_200tps
2026-08-05T20:32:37Z,compare-am-gp-n3-4-16-i-adv-mysql-1,slow-log-tailer,6668288,load_200tps
2026-08-05T20:32:37Z,compare-am-gp-n3-4-16-i-adv-mysql-1,do-agent,-1,load_200tps
2026-08-05T20:32:37Z,compare-am-gp-n3-4-16-i-adv-mysql-1,xtrabackup,531521536,load_200tps
2026-08-05T20:32:37Z,compare-am-gp-n3-4-16-i-adv-mysql-2,mysql,13239664640,load_200tps
2026-08-05T20:32:37Z,compare-am-gp-n3-4-16-i-adv-mysql-2,mysqld-exporter,15073280,load_200tps
2026-08-05T20:32:37Z,compare-am-gp-n3-4-16-i-adv-mysql-2,slow-log-tailer,1863680,load_200tps
2026-08-05T20:32:37Z,compare-am-gp-n3-4-16-i-adv-mysql-2,do-agent,-1,load_200tps
2026-08-05T20:32:37Z,compare-am-gp-n3-4-16-i-adv-mysql-2,xtrabackup,24428544,load_200tps
2026-08-05T20:33:10Z,compare-am-gp-n3-4-16-i-adv-mysql-0,mysql,13351559168,load_200tps
2026-08-05T20:33:10Z,compare-am-gp-n3-4-16-i-adv-mysql-0,mysqld-exporter,16113664,load_200tps
2026-08-05T20:33:10Z,compare-am-gp-n3-4-16-i-adv-mysql-0,slow-log-tailer,2134016,load_200tps
2026-08-05T20:33:10Z,compare-am-gp-n3-4-16-i-adv-mysql-0,do-agent,-1,load_200tps
2026-08-05T20:33:10Z,compare-am-gp-n3-4-16-i-adv-mysql-0,xtrabackup,19075072,load_200tps
2026-08-05T20:33:10Z,compare-am-gp-n3-4-16-i-adv-mysql-1,mysql,12356415488,load_200tps
2026-08-05T20:33:10Z,compare-am-gp-n3-4-16-i-adv-mysql-1,mysqld-exporter,15568896,load_200tps
2026-08-05T20:33:10Z,compare-am-gp-n3-4-16-i-adv-mysql-1,slow-log-tailer,6635520,load_200tps
2026-08-05T20:33:10Z,compare-am-gp-n3-4-16-i-adv-mysql-1,do-agent,-1,load_200tps
2026-08-05T20:33:10Z,compare-am-gp-n3-4-16-i-adv-mysql-1,xtrabackup,531562496,load_200tps
2026-08-05T20:33:10Z,compare-am-gp-n3-4-16-i-adv-mysql-2,mysql,13219848192,load_200tps
2026-08-05T20:33:10Z,compare-am-gp-n3-4-16-i-adv-mysql-2,mysqld-exporter,14987264,load_200tps
2026-08-05T20:33:10Z,compare-am-gp-n3-4-16-i-adv-mysql-2,slow-log-tailer,1830912,load_200tps
2026-08-05T20:33:10Z,compare-am-gp-n3-4-16-i-adv-mysql-2,do-agent,-1,load_200tps
2026-08-05T20:33:10Z,compare-am-gp-n3-4-16-i-adv-mysql-2,xtrabackup,24281088,load_200tps
2026-08-05T20:33:43Z,compare-am-gp-n3-4-16-i-adv-mysql-0,mysql,13345800192,load_200tps
2026-08-05T20:33:43Z,compare-am-gp-n3-4-16-i-adv-mysql-0,mysqld-exporter,16125952,load_200tps
2026-08-05T20:33:43Z,compare-am-gp-n3-4-16-i-adv-mysql-0,slow-log-tailer,2256896,load_200tps
2026-08-05T20:33:43Z,compare-am-gp-n3-4-16-i-adv-mysql-0,do-agent,-1,load_200tps
2026-08-05T20:33:43Z,compare-am-gp-n3-4-16-i-adv-mysql-0,xtrabackup,18907136,load_200tps
2026-08-05T20:33:43Z,compare-am-gp-n3-4-16-i-adv-mysql-1,mysql,12250157056,load_200tps
2026-08-05T20:33:43Z,compare-am-gp-n3-4-16-i-adv-mysql-1,mysqld-exporter,15458304,load_200tps
2026-08-05T20:33:43Z,compare-am-gp-n3-4-16-i-adv-mysql-1,slow-log-tailer,6676480,load_200tps
2026-08-05T20:33:43Z,compare-am-gp-n3-4-16-i-adv-mysql-1,do-agent,-1,load_200tps
2026-08-05T20:33:43Z,compare-am-gp-n3-4-16-i-adv-mysql-1,xtrabackup,531374080,load_200tps
2026-08-05T20:33:43Z,compare-am-gp-n3-4-16-i-adv-mysql-2,mysql,13213741056,load_200tps
2026-08-05T20:33:43Z,compare-am-gp-n3-4-16-i-adv-mysql-2,mysqld-exporter,15503360,load_200tps
2026-08-05T20:33:43Z,compare-am-gp-n3-4-16-i-adv-mysql-2,slow-log-tailer,1949696,load_200tps
2026-08-05T20:33:43Z,compare-am-gp-n3-4-16-i-adv-mysql-2,do-agent,-1,load_200tps
2026-08-05T20:33:43Z,compare-am-gp-n3-4-16-i-adv-mysql-2,xtrabackup,24416256,load_200tps
2026-08-05T20:34:16Z,compare-am-gp-n3-4-16-i-adv-mysql-0,mysql,13372768256,load_200tps
2026-08-05T20:34:16Z,compare-am-gp-n3-4-16-i-adv-mysql-0,mysqld-exporter,16138240,load_200tps
2026-08-05T20:34:16Z,compare-am-gp-n3-4-16-i-adv-mysql-0,slow-log-tailer,2269184,load_200tps
2026-08-05T20:34:16Z,compare-am-gp-n3-4-16-i-adv-mysql-0,do-agent,-1,load_200tps
2026-08-05T20:34:16Z,compare-am-gp-n3-4-16-i-adv-mysql-0,xtrabackup,19021824,load_200tps
2026-08-05T20:34:16Z,compare-am-gp-n3-4-16-i-adv-mysql-1,mysql,12334821376,load_200tps
2026-08-05T20:34:16Z,compare-am-gp-n3-4-16-i-adv-mysql-1,mysqld-exporter,15511552,load_200tps
2026-08-05T20:34:16Z,compare-am-gp-n3-4-16-i-adv-mysql-1,slow-log-tailer,6459392,load_200tps
2026-08-05T20:34:16Z,compare-am-gp-n3-4-16-i-adv-mysql-1,do-agent,-1,load_200tps
2026-08-05T20:34:16Z,compare-am-gp-n3-4-16-i-adv-mysql-1,xtrabackup,531447808,load_200tps
2026-08-05T20:34:16Z,compare-am-gp-n3-4-16-i-adv-mysql-2,mysql,13209870336,load_200tps
2026-08-05T20:34:16Z,compare-am-gp-n3-4-16-i-adv-mysql-2,mysqld-exporter,15233024,load_200tps
2026-08-05T20:34:16Z,compare-am-gp-n3-4-16-i-adv-mysql-2,slow-log-tailer,1953792,load_200tps
2026-08-05T20:34:16Z,compare-am-gp-n3-4-16-i-adv-mysql-2,do-agent,-1,load_200tps
2026-08-05T20:34:16Z,compare-am-gp-n3-4-16-i-adv-mysql-2,xtrabackup,24424448,load_200tps
2026-08-05T20:34:49Z,compare-am-gp-n3-4-16-i-adv-mysql-0,mysql,13357830144,load_200tps
2026-08-05T20:34:49Z,compare-am-gp-n3-4-16-i-adv-mysql-0,mysqld-exporter,16080896,load_200tps
2026-08-05T20:34:49Z,compare-am-gp-n3-4-16-i-adv-mysql-0,slow-log-tailer,2244608,load_200tps
2026-08-05T20:34:49Z,compare-am-gp-n3-4-16-i-adv-mysql-0,do-agent,-1,load_200tps
2026-08-05T20:34:49Z,compare-am-gp-n3-4-16-i-adv-mysql-0,xtrabackup,18870272,load_200tps
2026-08-05T20:34:49Z,compare-am-gp-n3-4-16-i-adv-mysql-1,mysql,12262010880,load_200tps
2026-08-05T20:34:49Z,compare-am-gp-n3-4-16-i-adv-mysql-1,mysqld-exporter,15577088,load_200tps
2026-08-05T20:34:49Z,compare-am-gp-n3-4-16-i-adv-mysql-1,slow-log-tailer,6684672,load_200tps
2026-08-05T20:34:49Z,compare-am-gp-n3-4-16-i-adv-mysql-1,do-agent,-1,load_200tps
2026-08-05T20:34:49Z,compare-am-gp-n3-4-16-i-adv-mysql-1,xtrabackup,531398656,load_200tps
2026-08-05T20:34:49Z,compare-am-gp-n3-4-16-i-adv-mysql-2,mysql,13199368192,load_200tps
2026-08-05T20:34:49Z,compare-am-gp-n3-4-16-i-adv-mysql-2,mysqld-exporter,15208448,load_200tps
2026-08-05T20:34:49Z,compare-am-gp-n3-4-16-i-adv-mysql-2,slow-log-tailer,1970176,load_200tps
2026-08-05T20:34:49Z,compare-am-gp-n3-4-16-i-adv-mysql-2,do-agent,-1,load_200tps
2026-08-05T20:34:49Z,compare-am-gp-n3-4-16-i-adv-mysql-2,xtrabackup,24379392,load_200tps
2026-08-05T20:35:23Z,compare-am-gp-n3-4-16-i-adv-mysql-0,mysql,13375160320,load_200tps
2026-08-05T20:35:23Z,compare-am-gp-n3-4-16-i-adv-mysql-0,mysqld-exporter,15917056,load_200tps
2026-08-05T20:35:23Z,compare-am-gp-n3-4-16-i-adv-mysql-0,slow-log-tailer,2232320,load_200tps
2026-08-05T20:35:23Z,compare-am-gp-n3-4-16-i-adv-mysql-0,do-agent,-1,load_200tps
2026-08-05T20:35:23Z,compare-am-gp-n3-4-16-i-adv-mysql-0,xtrabackup,18894848,load_200tps
2026-08-05T20:35:23Z,compare-am-gp-n3-4-16-i-adv-mysql-1,mysql,12270325760,load_200tps
2026-08-05T20:35:23Z,compare-am-gp-n3-4-16-i-adv-mysql-1,mysqld-exporter,15405056,load_200tps
2026-08-05T20:35:23Z,compare-am-gp-n3-4-16-i-adv-mysql-1,slow-log-tailer,6742016,load_200tps
2026-08-05T20:35:23Z,compare-am-gp-n3-4-16-i-adv-mysql-1,do-agent,-1,load_200tps
2026-08-05T20:35:23Z,compare-am-gp-n3-4-16-i-adv-mysql-1,xtrabackup,531525632,load_200tps
2026-08-05T20:35:23Z,compare-am-gp-n3-4-16-i-adv-mysql-2,mysql,13207769088,load_200tps
2026-08-05T20:35:23Z,compare-am-gp-n3-4-16-i-adv-mysql-2,mysqld-exporter,15597568,load_200tps
2026-08-05T20:35:23Z,compare-am-gp-n3-4-16-i-adv-mysql-2,slow-log-tailer,1773568,load_200tps
2026-08-05T20:35:23Z,compare-am-gp-n3-4-16-i-adv-mysql-2,do-agent,-1,load_200tps
2026-08-05T20:35:23Z,compare-am-gp-n3-4-16-i-adv-mysql-2,xtrabackup,24440832,load_200tps
2026-08-05T20:35:57Z,compare-am-gp-n3-4-16-i-adv-mysql-0,mysql,13376552960,load_200tps
2026-08-05T20:35:57Z,compare-am-gp-n3-4-16-i-adv-mysql-0,mysqld-exporter,16023552,load_200tps
2026-08-05T20:35:57Z,compare-am-gp-n3-4-16-i-adv-mysql-0,slow-log-tailer,2199552,load_200tps
2026-08-05T20:35:57Z,compare-am-gp-n3-4-16-i-adv-mysql-0,do-agent,-1,load_200tps
2026-08-05T20:35:57Z,compare-am-gp-n3-4-16-i-adv-mysql-0,xtrabackup,18817024,load_200tps
2026-08-05T20:35:57Z,compare-am-gp-n3-4-16-i-adv-mysql-1,mysql,12292452352,load_200tps
2026-08-05T20:35:57Z,compare-am-gp-n3-4-16-i-adv-mysql-1,mysqld-exporter,15446016,load_200tps
2026-08-05T20:35:57Z,compare-am-gp-n3-4-16-i-adv-mysql-1,slow-log-tailer,6529024,load_200tps
2026-08-05T20:35:57Z,compare-am-gp-n3-4-16-i-adv-mysql-1,do-agent,-1,load_200tps
2026-08-05T20:35:57Z,compare-am-gp-n3-4-16-i-adv-mysql-1,xtrabackup,531374080,load_200tps
2026-08-05T20:35:57Z,compare-am-gp-n3-4-16-i-adv-mysql-2,mysql,13214629888,load_200tps
2026-08-05T20:35:57Z,compare-am-gp-n3-4-16-i-adv-mysql-2,mysqld-exporter,15859712,load_200tps
2026-08-05T20:35:57Z,compare-am-gp-n3-4-16-i-adv-mysql-2,slow-log-tailer,2301952,load_200tps
2026-08-05T20:35:57Z,compare-am-gp-n3-4-16-i-adv-mysql-2,do-agent,-1,load_200tps
2026-08-05T20:35:57Z,compare-am-gp-n3-4-16-i-adv-mysql-2,xtrabackup,24465408,load_200tps
2026-08-05T20:36:30Z,compare-am-gp-n3-4-16-i-adv-mysql-0,mysql,13347590144,load_200tps
2026-08-05T20:36:30Z,compare-am-gp-n3-4-16-i-adv-mysql-0,mysqld-exporter,16039936,load_200tps
2026-08-05T20:36:30Z,compare-am-gp-n3-4-16-i-adv-mysql-0,slow-log-tailer,2240512,load_200tps
2026-08-05T20:36:30Z,compare-am-gp-n3-4-16-i-adv-mysql-0,do-agent,-1,load_200tps
2026-08-05T20:36:30Z,compare-am-gp-n3-4-16-i-adv-mysql-0,xtrabackup,18866176,load_200tps
2026-08-05T20:36:30Z,compare-am-gp-n3-4-16-i-adv-mysql-1,mysql,12193509376,load_200tps
2026-08-05T20:36:30Z,compare-am-gp-n3-4-16-i-adv-mysql-1,mysqld-exporter,15200256,load_200tps
2026-08-05T20:36:30Z,compare-am-gp-n3-4-16-i-adv-mysql-1,slow-log-tailer,6656000,load_200tps
2026-08-05T20:36:30Z,compare-am-gp-n3-4-16-i-adv-mysql-1,do-agent,-1,load_200tps
2026-08-05T20:36:30Z,compare-am-gp-n3-4-16-i-adv-mysql-1,xtrabackup,531345408,load_200tps
2026-08-05T20:36:30Z,compare-am-gp-n3-4-16-i-adv-mysql-2,mysql,13216514048,load_200tps
2026-08-05T20:36:30Z,compare-am-gp-n3-4-16-i-adv-mysql-2,mysqld-exporter,15650816,load_200tps
2026-08-05T20:36:30Z,compare-am-gp-n3-4-16-i-adv-mysql-2,slow-log-tailer,1916928,load_200tps
2026-08-05T20:36:30Z,compare-am-gp-n3-4-16-i-adv-mysql-2,do-agent,-1,load_200tps
2026-08-05T20:36:30Z,compare-am-gp-n3-4-16-i-adv-mysql-2,xtrabackup,24547328,load_200tps
2026-08-05T20:37:03Z,compare-am-gp-n3-4-16-i-adv-mysql-0,mysql,13345652736,load_200tps
2026-08-05T20:37:03Z,compare-am-gp-n3-4-16-i-adv-mysql-0,mysqld-exporter,15597568,load_200tps
2026-08-05T20:37:03Z,compare-am-gp-n3-4-16-i-adv-mysql-0,slow-log-tailer,2080768,load_200tps
2026-08-05T20:37:03Z,compare-am-gp-n3-4-16-i-adv-mysql-0,do-agent,-1,load_200tps
2026-08-05T20:37:03Z,compare-am-gp-n3-4-16-i-adv-mysql-0,xtrabackup,18857984,load_200tps
2026-08-05T20:37:03Z,compare-am-gp-n3-4-16-i-adv-mysql-1,mysql,12324208640,load_200tps
2026-08-05T20:37:03Z,compare-am-gp-n3-4-16-i-adv-mysql-1,mysqld-exporter,15572992,load_200tps
2026-08-05T20:37:03Z,compare-am-gp-n3-4-16-i-adv-mysql-1,slow-log-tailer,6590464,load_200tps
2026-08-05T20:37:03Z,compare-am-gp-n3-4-16-i-adv-mysql-1,do-agent,-1,load_200tps
2026-08-05T20:37:03Z,compare-am-gp-n3-4-16-i-adv-mysql-1,xtrabackup,531636224,load_200tps
2026-08-05T20:37:03Z,compare-am-gp-n3-4-16-i-adv-mysql-2,mysql,13223575552,load_200tps
2026-08-05T20:37:03Z,compare-am-gp-n3-4-16-i-adv-mysql-2,mysqld-exporter,15630336,load_200tps
2026-08-05T20:37:03Z,compare-am-gp-n3-4-16-i-adv-mysql-2,slow-log-tailer,1982464,load_200tps
2026-08-05T20:37:03Z,compare-am-gp-n3-4-16-i-adv-mysql-2,do-agent,-1,load_200tps
2026-08-05T20:37:03Z,compare-am-gp-n3-4-16-i-adv-mysql-2,xtrabackup,24379392,load_200tps
2026-08-05T20:37:36Z,compare-am-gp-n3-4-16-i-adv-mysql-0,mysql,13353271296,load_200tps
2026-08-05T20:37:36Z,compare-am-gp-n3-4-16-i-adv-mysql-0,mysqld-exporter,15589376,load_200tps
2026-08-05T20:37:36Z,compare-am-gp-n3-4-16-i-adv-mysql-0,slow-log-tailer,2236416,load_200tps
2026-08-05T20:37:36Z,compare-am-gp-n3-4-16-i-adv-mysql-0,do-agent,-1,load_200tps
2026-08-05T20:37:36Z,compare-am-gp-n3-4-16-i-adv-mysql-0,xtrabackup,18874368,load_200tps
2026-08-05T20:37:36Z,compare-am-gp-n3-4-16-i-adv-mysql-1,mysql,12276633600,load_200tps
2026-08-05T20:37:36Z,compare-am-gp-n3-4-16-i-adv-mysql-1,mysqld-exporter,15171584,load_200tps
2026-08-05T20:37:36Z,compare-am-gp-n3-4-16-i-adv-mysql-1,slow-log-tailer,6586368,load_200tps
2026-08-05T20:37:36Z,compare-am-gp-n3-4-16-i-adv-mysql-1,do-agent,-1,load_200tps
2026-08-05T20:37:36Z,compare-am-gp-n3-4-16-i-adv-mysql-1,xtrabackup,531570688,load_200tps
2026-08-05T20:37:36Z,compare-am-gp-n3-4-16-i-adv-mysql-2,mysql,13227167744,load_200tps
2026-08-05T20:37:36Z,compare-am-gp-n3-4-16-i-adv-mysql-2,mysqld-exporter,15601664,load_200tps
2026-08-05T20:37:36Z,compare-am-gp-n3-4-16-i-adv-mysql-2,slow-log-tailer,1794048,load_200tps
2026-08-05T20:37:36Z,compare-am-gp-n3-4-16-i-adv-mysql-2,do-agent,-1,load_200tps
2026-08-05T20:37:36Z,compare-am-gp-n3-4-16-i-adv-mysql-2,xtrabackup,24424448,load_200tps
2026-08-05T20:38:10Z,compare-am-gp-n3-4-16-i-adv-mysql-0,mysql,13327532032,load_200tps
2026-08-05T20:38:10Z,compare-am-gp-n3-4-16-i-adv-mysql-0,mysqld-exporter,15593472,load_200tps
2026-08-05T20:38:10Z,compare-am-gp-n3-4-16-i-adv-mysql-0,slow-log-tailer,2367488,load_200tps
2026-08-05T20:38:10Z,compare-am-gp-n3-4-16-i-adv-mysql-0,do-agent,-1,load_200tps
2026-08-05T20:38:10Z,compare-am-gp-n3-4-16-i-adv-mysql-0,xtrabackup,18821120,load_200tps
2026-08-05T20:38:10Z,compare-am-gp-n3-4-16-i-adv-mysql-1,mysql,12286599168,load_200tps
2026-08-05T20:38:10Z,compare-am-gp-n3-4-16-i-adv-mysql-1,mysqld-exporter,15466496,load_200tps
2026-08-05T20:38:10Z,compare-am-gp-n3-4-16-i-adv-mysql-1,slow-log-tailer,6602752,load_200tps
2026-08-05T20:38:10Z,compare-am-gp-n3-4-16-i-adv-mysql-1,do-agent,-1,load_200tps
2026-08-05T20:38:10Z,compare-am-gp-n3-4-16-i-adv-mysql-1,xtrabackup,531599360,load_200tps
2026-08-05T20:38:10Z,compare-am-gp-n3-4-16-i-adv-mysql-2,mysql,13224341504,load_200tps
2026-08-05T20:38:10Z,compare-am-gp-n3-4-16-i-adv-mysql-2,mysqld-exporter,15601664,load_200tps
2026-08-05T20:38:10Z,compare-am-gp-n3-4-16-i-adv-mysql-2,slow-log-tailer,2027520,load_200tps
2026-08-05T20:38:10Z,compare-am-gp-n3-4-16-i-adv-mysql-2,do-agent,-1,load_200tps
2026-08-05T20:38:10Z,compare-am-gp-n3-4-16-i-adv-mysql-2,xtrabackup,24260608,load_200tps
2026-08-05T20:38:42Z,compare-am-gp-n3-4-16-i-adv-mysql-0,mysql,13365325824,load_200tps
2026-08-05T20:38:42Z,compare-am-gp-n3-4-16-i-adv-mysql-0,mysqld-exporter,15687680,load_200tps
2026-08-05T20:38:42Z,compare-am-gp-n3-4-16-i-adv-mysql-0,slow-log-tailer,2207744,load_200tps
2026-08-05T20:38:42Z,compare-am-gp-n3-4-16-i-adv-mysql-0,do-agent,-1,load_200tps
2026-08-05T20:38:42Z,compare-am-gp-n3-4-16-i-adv-mysql-0,xtrabackup,18829312,load_200tps
2026-08-05T20:38:42Z,compare-am-gp-n3-4-16-i-adv-mysql-1,mysql,12314476544,load_200tps
2026-08-05T20:38:42Z,compare-am-gp-n3-4-16-i-adv-mysql-1,mysqld-exporter,15294464,load_200tps
2026-08-05T20:38:42Z,compare-am-gp-n3-4-16-i-adv-mysql-1,slow-log-tailer,6569984,load_200tps
2026-08-05T20:38:42Z,compare-am-gp-n3-4-16-i-adv-mysql-1,do-agent,-1,load_200tps
2026-08-05T20:38:42Z,compare-am-gp-n3-4-16-i-adv-mysql-1,xtrabackup,531554304,load_200tps
2026-08-05T20:38:42Z,compare-am-gp-n3-4-16-i-adv-mysql-2,mysql,13220634624,load_200tps
2026-08-05T20:38:42Z,compare-am-gp-n3-4-16-i-adv-mysql-2,mysqld-exporter,15609856,load_200tps
2026-08-05T20:38:42Z,compare-am-gp-n3-4-16-i-adv-mysql-2,slow-log-tailer,2023424,load_200tps
2026-08-05T20:38:42Z,compare-am-gp-n3-4-16-i-adv-mysql-2,do-agent,-1,load_200tps
2026-08-05T20:38:42Z,compare-am-gp-n3-4-16-i-adv-mysql-2,xtrabackup,24260608,load_200tps
2026-08-05T20:39:15Z,compare-am-gp-n3-4-16-i-adv-mysql-0,mysql,13363556352,load_200tps
2026-08-05T20:39:15Z,compare-am-gp-n3-4-16-i-adv-mysql-0,mysqld-exporter,15835136,load_200tps
2026-08-05T20:39:15Z,compare-am-gp-n3-4-16-i-adv-mysql-0,slow-log-tailer,2076672,load_200tps
2026-08-05T20:39:15Z,compare-am-gp-n3-4-16-i-adv-mysql-0,do-agent,-1,load_200tps
2026-08-05T20:39:15Z,compare-am-gp-n3-4-16-i-adv-mysql-0,xtrabackup,18894848,load_200tps
2026-08-05T20:39:15Z,compare-am-gp-n3-4-16-i-adv-mysql-1,mysql,12189822976,load_200tps
2026-08-05T20:39:15Z,compare-am-gp-n3-4-16-i-adv-mysql-1,mysqld-exporter,15908864,load_200tps
2026-08-05T20:39:15Z,compare-am-gp-n3-4-16-i-adv-mysql-1,slow-log-tailer,6770688,load_200tps
2026-08-05T20:39:15Z,compare-am-gp-n3-4-16-i-adv-mysql-1,do-agent,-1,load_200tps
2026-08-05T20:39:15Z,compare-am-gp-n3-4-16-i-adv-mysql-1,xtrabackup,531394560,load_200tps
2026-08-05T20:39:15Z,compare-am-gp-n3-4-16-i-adv-mysql-2,mysql,13218836480,load_200tps
2026-08-05T20:39:15Z,compare-am-gp-n3-4-16-i-adv-mysql-2,mysqld-exporter,15511552,load_200tps
2026-08-05T20:39:15Z,compare-am-gp-n3-4-16-i-adv-mysql-2,slow-log-tailer,1822720,load_200tps
2026-08-05T20:39:15Z,compare-am-gp-n3-4-16-i-adv-mysql-2,do-agent,-1,load_200tps
2026-08-05T20:39:15Z,compare-am-gp-n3-4-16-i-adv-mysql-2,xtrabackup,24199168,load_200tps
2026-08-05T20:39:48Z,compare-am-gp-n3-4-16-i-adv-mysql-0,mysql,13378920448,load_200tps
2026-08-05T20:39:48Z,compare-am-gp-n3-4-16-i-adv-mysql-0,mysqld-exporter,15847424,load_200tps
2026-08-05T20:39:48Z,compare-am-gp-n3-4-16-i-adv-mysql-0,slow-log-tailer,2273280,load_200tps
2026-08-05T20:39:48Z,compare-am-gp-n3-4-16-i-adv-mysql-0,do-agent,-1,load_200tps
2026-08-05T20:39:48Z,compare-am-gp-n3-4-16-i-adv-mysql-0,xtrabackup,18825216,load_200tps
2026-08-05T20:39:48Z,compare-am-gp-n3-4-16-i-adv-mysql-1,mysql,12307005440,load_200tps
2026-08-05T20:39:48Z,compare-am-gp-n3-4-16-i-adv-mysql-1,mysqld-exporter,15904768,load_200tps
2026-08-05T20:39:48Z,compare-am-gp-n3-4-16-i-adv-mysql-1,slow-log-tailer,6574080,load_200tps
2026-08-05T20:39:48Z,compare-am-gp-n3-4-16-i-adv-mysql-1,do-agent,-1,load_200tps
2026-08-05T20:39:48Z,compare-am-gp-n3-4-16-i-adv-mysql-1,xtrabackup,531550208,load_200tps
2026-08-05T20:39:48Z,compare-am-gp-n3-4-16-i-adv-mysql-2,mysql,13206806528,load_200tps
2026-08-05T20:39:48Z,compare-am-gp-n3-4-16-i-adv-mysql-2,mysqld-exporter,15122432,load_200tps
2026-08-05T20:39:48Z,compare-am-gp-n3-4-16-i-adv-mysql-2,slow-log-tailer,1966080,load_200tps
2026-08-05T20:39:48Z,compare-am-gp-n3-4-16-i-adv-mysql-2,do-agent,-1,load_200tps
2026-08-05T20:39:48Z,compare-am-gp-n3-4-16-i-adv-mysql-2,xtrabackup,24469504,load_200tps
2026-08-05T20:40:21Z,compare-am-gp-n3-4-16-i-adv-mysql-0,mysql,13337288704,load_200tps
2026-08-05T20:40:21Z,compare-am-gp-n3-4-16-i-adv-mysql-0,mysqld-exporter,15859712,load_200tps
2026-08-05T20:40:21Z,compare-am-gp-n3-4-16-i-adv-mysql-0,slow-log-tailer,2215936,load_200tps
2026-08-05T20:40:21Z,compare-am-gp-n3-4-16-i-adv-mysql-0,do-agent,-1,load_200tps
2026-08-05T20:40:21Z,compare-am-gp-n3-4-16-i-adv-mysql-0,xtrabackup,18935808,load_200tps
2026-08-05T20:40:21Z,compare-am-gp-n3-4-16-i-adv-mysql-1,mysql,12297506816,load_200tps
2026-08-05T20:40:21Z,compare-am-gp-n3-4-16-i-adv-mysql-1,mysqld-exporter,16306176,load_200tps
2026-08-05T20:40:21Z,compare-am-gp-n3-4-16-i-adv-mysql-1,slow-log-tailer,6561792,load_200tps
2026-08-05T20:40:21Z,compare-am-gp-n3-4-16-i-adv-mysql-1,do-agent,-1,load_200tps
2026-08-05T20:40:21Z,compare-am-gp-n3-4-16-i-adv-mysql-1,xtrabackup,531333120,load_200tps
2026-08-05T20:40:21Z,compare-am-gp-n3-4-16-i-adv-mysql-2,mysql,13216006144,load_200tps
2026-08-05T20:40:21Z,compare-am-gp-n3-4-16-i-adv-mysql-2,mysqld-exporter,15273984,load_200tps
2026-08-05T20:40:21Z,compare-am-gp-n3-4-16-i-adv-mysql-2,slow-log-tailer,2015232,load_200tps
2026-08-05T20:40:21Z,compare-am-gp-n3-4-16-i-adv-mysql-2,do-agent,-1,load_200tps
2026-08-05T20:40:21Z,compare-am-gp-n3-4-16-i-adv-mysql-2,xtrabackup,24346624,load_200tps
2026-08-05T20:40:55Z,compare-am-gp-n3-4-16-i-adv-mysql-0,mysql,13342867456,load_200tps
2026-08-05T20:40:55Z,compare-am-gp-n3-4-16-i-adv-mysql-0,mysqld-exporter,15851520,load_200tps
2026-08-05T20:40:55Z,compare-am-gp-n3-4-16-i-adv-mysql-0,slow-log-tailer,2260992,load_200tps
2026-08-05T20:40:55Z,compare-am-gp-n3-4-16-i-adv-mysql-0,do-agent,-1,load_200tps
2026-08-05T20:40:55Z,compare-am-gp-n3-4-16-i-adv-mysql-0,xtrabackup,18759680,load_200tps
2026-08-05T20:40:55Z,compare-am-gp-n3-4-16-i-adv-mysql-1,mysql,12270030848,load_200tps
2026-08-05T20:40:55Z,compare-am-gp-n3-4-16-i-adv-mysql-1,mysqld-exporter,16019456,load_200tps
2026-08-05T20:40:55Z,compare-am-gp-n3-4-16-i-adv-mysql-1,slow-log-tailer,6807552,load_200tps
2026-08-05T20:40:55Z,compare-am-gp-n3-4-16-i-adv-mysql-1,do-agent,-1,load_200tps
2026-08-05T20:40:55Z,compare-am-gp-n3-4-16-i-adv-mysql-1,xtrabackup,531505152,load_200tps
2026-08-05T20:40:55Z,compare-am-gp-n3-4-16-i-adv-mysql-2,mysql,13200896000,load_200tps
2026-08-05T20:40:55Z,compare-am-gp-n3-4-16-i-adv-mysql-2,mysqld-exporter,15114240,load_200tps
2026-08-05T20:40:55Z,compare-am-gp-n3-4-16-i-adv-mysql-2,slow-log-tailer,1859584,load_200tps
2026-08-05T20:40:55Z,compare-am-gp-n3-4-16-i-adv-mysql-2,do-agent,-1,load_200tps
2026-08-05T20:40:55Z,compare-am-gp-n3-4-16-i-adv-mysql-2,xtrabackup,24584192,load_200tps
2026-08-05T20:41:27Z,compare-am-gp-n3-4-16-i-adv-mysql-0,mysql,13334945792,load_200tps
2026-08-05T20:41:27Z,compare-am-gp-n3-4-16-i-adv-mysql-0,mysqld-exporter,15822848,load_200tps
2026-08-05T20:41:27Z,compare-am-gp-n3-4-16-i-adv-mysql-0,slow-log-tailer,2228224,load_200tps
2026-08-05T20:41:27Z,compare-am-gp-n3-4-16-i-adv-mysql-0,do-agent,-1,load_200tps
2026-08-05T20:41:27Z,compare-am-gp-n3-4-16-i-adv-mysql-0,xtrabackup,18857984,load_200tps
2026-08-05T20:41:27Z,compare-am-gp-n3-4-16-i-adv-mysql-1,mysql,12378554368,load_200tps
2026-08-05T20:41:27Z,compare-am-gp-n3-4-16-i-adv-mysql-1,mysqld-exporter,15900672,load_200tps
2026-08-05T20:41:27Z,compare-am-gp-n3-4-16-i-adv-mysql-1,slow-log-tailer,6701056,load_200tps
2026-08-05T20:41:27Z,compare-am-gp-n3-4-16-i-adv-mysql-1,do-agent,-1,load_200tps
2026-08-05T20:41:27Z,compare-am-gp-n3-4-16-i-adv-mysql-1,xtrabackup,531546112,load_200tps
2026-08-05T20:41:27Z,compare-am-gp-n3-4-16-i-adv-mysql-2,mysql,13208805376,load_200tps
2026-08-05T20:41:27Z,compare-am-gp-n3-4-16-i-adv-mysql-2,mysqld-exporter,15392768,load_200tps
2026-08-05T20:41:27Z,compare-am-gp-n3-4-16-i-adv-mysql-2,slow-log-tailer,2052096,load_200tps
2026-08-05T20:41:27Z,compare-am-gp-n3-4-16-i-adv-mysql-2,do-agent,-1,load_200tps
2026-08-05T20:41:27Z,compare-am-gp-n3-4-16-i-adv-mysql-2,xtrabackup,24379392,load_200tps
2026-08-05T20:42:00Z,compare-am-gp-n3-4-16-i-adv-mysql-0,mysql,13381754880,load_200tps
2026-08-05T20:42:00Z,compare-am-gp-n3-4-16-i-adv-mysql-0,mysqld-exporter,15736832,load_200tps
2026-08-05T20:42:00Z,compare-am-gp-n3-4-16-i-adv-mysql-0,slow-log-tailer,2150400,load_200tps
2026-08-05T20:42:00Z,compare-am-gp-n3-4-16-i-adv-mysql-0,do-agent,-1,load_200tps
2026-08-05T20:42:00Z,compare-am-gp-n3-4-16-i-adv-mysql-0,xtrabackup,18669568,load_200tps
2026-08-05T20:42:00Z,compare-am-gp-n3-4-16-i-adv-mysql-1,mysql,12208885760,load_200tps
2026-08-05T20:42:00Z,compare-am-gp-n3-4-16-i-adv-mysql-1,mysqld-exporter,15908864,load_200tps
2026-08-05T20:42:00Z,compare-am-gp-n3-4-16-i-adv-mysql-1,slow-log-tailer,6651904,load_200tps
2026-08-05T20:42:00Z,compare-am-gp-n3-4-16-i-adv-mysql-1,do-agent,-1,load_200tps
2026-08-05T20:42:00Z,compare-am-gp-n3-4-16-i-adv-mysql-1,xtrabackup,531410944,load_200tps
2026-08-05T20:42:00Z,compare-am-gp-n3-4-16-i-adv-mysql-2,mysql,13206355968,load_200tps
2026-08-05T20:42:00Z,compare-am-gp-n3-4-16-i-adv-mysql-2,mysqld-exporter,15372288,load_200tps
2026-08-05T20:42:00Z,compare-am-gp-n3-4-16-i-adv-mysql-2,slow-log-tailer,1970176,load_200tps
2026-08-05T20:42:00Z,compare-am-gp-n3-4-16-i-adv-mysql-2,do-agent,-1,load_200tps
2026-08-05T20:42:00Z,compare-am-gp-n3-4-16-i-adv-mysql-2,xtrabackup,24428544,load_200tps
2026-08-05T20:42:33Z,compare-am-gp-n3-4-16-i-adv-mysql-0,mysql,13347164160,load_200tps
2026-08-05T20:42:33Z,compare-am-gp-n3-4-16-i-adv-mysql-0,mysqld-exporter,15818752,load_200tps
2026-08-05T20:42:33Z,compare-am-gp-n3-4-16-i-adv-mysql-0,slow-log-tailer,2564096,load_200tps
2026-08-05T20:42:33Z,compare-am-gp-n3-4-16-i-adv-mysql-0,do-agent,-1,load_200tps
2026-08-05T20:42:33Z,compare-am-gp-n3-4-16-i-adv-mysql-0,xtrabackup,18825216,load_200tps
2026-08-05T20:42:33Z,compare-am-gp-n3-4-16-i-adv-mysql-1,mysql,12350005248,load_200tps
2026-08-05T20:42:33Z,compare-am-gp-n3-4-16-i-adv-mysql-1,mysqld-exporter,15896576,load_200tps
2026-08-05T20:42:33Z,compare-am-gp-n3-4-16-i-adv-mysql-1,slow-log-tailer,6467584,load_200tps
2026-08-05T20:42:33Z,compare-am-gp-n3-4-16-i-adv-mysql-1,do-agent,-1,load_200tps
2026-08-05T20:42:33Z,compare-am-gp-n3-4-16-i-adv-mysql-1,xtrabackup,531607552,load_200tps
2026-08-05T20:42:33Z,compare-am-gp-n3-4-16-i-adv-mysql-2,mysql,13191671808,load_200tps
2026-08-05T20:42:33Z,compare-am-gp-n3-4-16-i-adv-mysql-2,mysqld-exporter,15507456,load_200tps
2026-08-05T20:42:33Z,compare-am-gp-n3-4-16-i-adv-mysql-2,slow-log-tailer,1884160,load_200tps
2026-08-05T20:42:33Z,compare-am-gp-n3-4-16-i-adv-mysql-2,do-agent,-1,load_200tps
2026-08-05T20:42:33Z,compare-am-gp-n3-4-16-i-adv-mysql-2,xtrabackup,24346624,load_200tps
2026-08-05T20:43:07Z,compare-am-gp-n3-4-16-i-adv-mysql-0,mysql,13348917248,load_200tps
2026-08-05T20:43:07Z,compare-am-gp-n3-4-16-i-adv-mysql-0,mysqld-exporter,15925248,load_200tps
2026-08-05T20:43:07Z,compare-am-gp-n3-4-16-i-adv-mysql-0,slow-log-tailer,2162688,load_200tps
2026-08-05T20:43:07Z,compare-am-gp-n3-4-16-i-adv-mysql-0,do-agent,-1,load_200tps
2026-08-05T20:43:07Z,compare-am-gp-n3-4-16-i-adv-mysql-0,xtrabackup,18976768,load_200tps
2026-08-05T20:43:07Z,compare-am-gp-n3-4-16-i-adv-mysql-1,mysql,12323688448,load_200tps
2026-08-05T20:43:07Z,compare-am-gp-n3-4-16-i-adv-mysql-1,mysqld-exporter,15400960,load_200tps
2026-08-05T20:43:07Z,compare-am-gp-n3-4-16-i-adv-mysql-1,slow-log-tailer,6467584,load_200tps
2026-08-05T20:43:07Z,compare-am-gp-n3-4-16-i-adv-mysql-1,do-agent,-1,load_200tps
2026-08-05T20:43:07Z,compare-am-gp-n3-4-16-i-adv-mysql-1,xtrabackup,531402752,load_200tps
2026-08-05T20:43:07Z,compare-am-gp-n3-4-16-i-adv-mysql-2,mysql,13209546752,load_200tps
2026-08-05T20:43:07Z,compare-am-gp-n3-4-16-i-adv-mysql-2,mysqld-exporter,15478784,load_200tps
2026-08-05T20:43:07Z,compare-am-gp-n3-4-16-i-adv-mysql-2,slow-log-tailer,1839104,load_200tps
2026-08-05T20:43:07Z,compare-am-gp-n3-4-16-i-adv-mysql-2,do-agent,-1,load_200tps
2026-08-05T20:43:07Z,compare-am-gp-n3-4-16-i-adv-mysql-2,xtrabackup,24383488,load_200tps
2026-08-05T20:43:40Z,compare-am-gp-n3-4-16-i-adv-mysql-0,mysql,13333299200,cooldown_200_300
2026-08-05T20:43:40Z,compare-am-gp-n3-4-16-i-adv-mysql-0,mysqld-exporter,16015360,cooldown_200_300
2026-08-05T20:43:40Z,compare-am-gp-n3-4-16-i-adv-mysql-0,slow-log-tailer,2555904,cooldown_200_300
2026-08-05T20:43:40Z,compare-am-gp-n3-4-16-i-adv-mysql-0,do-agent,-1,cooldown_200_300
2026-08-05T20:43:40Z,compare-am-gp-n3-4-16-i-adv-mysql-0,xtrabackup,18968576,cooldown_200_300
2026-08-05T20:43:40Z,compare-am-gp-n3-4-16-i-adv-mysql-1,mysql,12080594944,cooldown_200_300
2026-08-05T20:43:40Z,compare-am-gp-n3-4-16-i-adv-mysql-1,mysqld-exporter,15437824,cooldown_200_300
2026-08-05T20:43:40Z,compare-am-gp-n3-4-16-i-adv-mysql-1,slow-log-tailer,6520832,cooldown_200_300
2026-08-05T20:43:40Z,compare-am-gp-n3-4-16-i-adv-mysql-1,do-agent,-1,cooldown_200_300
2026-08-05T20:43:40Z,compare-am-gp-n3-4-16-i-adv-mysql-1,xtrabackup,531619840,cooldown_200_300
2026-08-05T20:43:40Z,compare-am-gp-n3-4-16-i-adv-mysql-2,mysql,13183758336,cooldown_200_300
2026-08-05T20:43:40Z,compare-am-gp-n3-4-16-i-adv-mysql-2,mysqld-exporter,15814656,cooldown_200_300
2026-08-05T20:43:40Z,compare-am-gp-n3-4-16-i-adv-mysql-2,slow-log-tailer,2129920,cooldown_200_300
2026-08-05T20:43:40Z,compare-am-gp-n3-4-16-i-adv-mysql-2,do-agent,-1,cooldown_200_300
2026-08-05T20:43:40Z,compare-am-gp-n3-4-16-i-adv-mysql-2,xtrabackup,24342528,cooldown_200_300
2026-08-05T20:44:13Z,compare-am-gp-n3-4-16-i-adv-mysql-0,mysql,13325004800,cooldown_200_300
2026-08-05T20:44:13Z,compare-am-gp-n3-4-16-i-adv-mysql-0,mysqld-exporter,15937536,cooldown_200_300
2026-08-05T20:44:13Z,compare-am-gp-n3-4-16-i-adv-mysql-0,slow-log-tailer,2301952,cooldown_200_300
2026-08-05T20:44:13Z,compare-am-gp-n3-4-16-i-adv-mysql-0,do-agent,-1,cooldown_200_300
2026-08-05T20:44:13Z,compare-am-gp-n3-4-16-i-adv-mysql-0,xtrabackup,18804736,cooldown_200_300
2026-08-05T20:44:13Z,compare-am-gp-n3-4-16-i-adv-mysql-1,mysql,12079628288,cooldown_200_300
2026-08-05T20:44:13Z,compare-am-gp-n3-4-16-i-adv-mysql-1,mysqld-exporter,15331328,cooldown_200_300
2026-08-05T20:44:13Z,compare-am-gp-n3-4-16-i-adv-mysql-1,slow-log-tailer,7045120,cooldown_200_300
2026-08-05T20:44:13Z,compare-am-gp-n3-4-16-i-adv-mysql-1,do-agent,-1,cooldown_200_300
2026-08-05T20:44:13Z,compare-am-gp-n3-4-16-i-adv-mysql-1,xtrabackup,531509248,cooldown_200_300
2026-08-05T20:44:13Z,compare-am-gp-n3-4-16-i-adv-mysql-2,mysql,13166505984,cooldown_200_300
2026-08-05T20:44:13Z,compare-am-gp-n3-4-16-i-adv-mysql-2,mysqld-exporter,16117760,cooldown_200_300
2026-08-05T20:44:13Z,compare-am-gp-n3-4-16-i-adv-mysql-2,slow-log-tailer,2088960,cooldown_200_300
2026-08-05T20:44:13Z,compare-am-gp-n3-4-16-i-adv-mysql-2,do-agent,-1,cooldown_200_300
2026-08-05T20:44:13Z,compare-am-gp-n3-4-16-i-adv-mysql-2,xtrabackup,24465408,cooldown_200_300
2026-08-05T20:44:45Z,compare-am-gp-n3-4-16-i-adv-mysql-0,mysql,13318049792,cooldown_200_300
2026-08-05T20:44:45Z,compare-am-gp-n3-4-16-i-adv-mysql-0,mysqld-exporter,15949824,cooldown_200_300
2026-08-05T20:44:45Z,compare-am-gp-n3-4-16-i-adv-mysql-0,slow-log-tailer,2154496,cooldown_200_300
2026-08-05T20:44:45Z,compare-am-gp-n3-4-16-i-adv-mysql-0,do-agent,-1,cooldown_200_300
2026-08-05T20:44:45Z,compare-am-gp-n3-4-16-i-adv-mysql-0,xtrabackup,18956288,cooldown_200_300
2026-08-05T20:44:45Z,compare-am-gp-n3-4-16-i-adv-mysql-1,mysql,12079644672,cooldown_200_300
2026-08-05T20:44:45Z,compare-am-gp-n3-4-16-i-adv-mysql-1,mysqld-exporter,15380480,cooldown_200_300
2026-08-05T20:44:45Z,compare-am-gp-n3-4-16-i-adv-mysql-1,slow-log-tailer,6762496,cooldown_200_300
2026-08-05T20:44:45Z,compare-am-gp-n3-4-16-i-adv-mysql-1,do-agent,-1,cooldown_200_300
2026-08-05T20:44:45Z,compare-am-gp-n3-4-16-i-adv-mysql-1,xtrabackup,531582976,cooldown_200_300
2026-08-05T20:44:45Z,compare-am-gp-n3-4-16-i-adv-mysql-2,mysql,13166514176,cooldown_200_300
2026-08-05T20:44:45Z,compare-am-gp-n3-4-16-i-adv-mysql-2,mysqld-exporter,15921152,cooldown_200_300
2026-08-05T20:44:45Z,compare-am-gp-n3-4-16-i-adv-mysql-2,slow-log-tailer,1855488,cooldown_200_300
2026-08-05T20:44:45Z,compare-am-gp-n3-4-16-i-adv-mysql-2,do-agent,-1,cooldown_200_300
2026-08-05T20:44:45Z,compare-am-gp-n3-4-16-i-adv-mysql-2,xtrabackup,24408064,cooldown_200_300
2026-08-05T20:45:17Z,compare-am-gp-n3-4-16-i-adv-mysql-0,mysql,13317505024,cooldown_200_300
2026-08-05T20:45:17Z,compare-am-gp-n3-4-16-i-adv-mysql-0,mysqld-exporter,16011264,cooldown_200_300
2026-08-05T20:45:17Z,compare-am-gp-n3-4-16-i-adv-mysql-0,slow-log-tailer,2191360,cooldown_200_300
2026-08-05T20:45:17Z,compare-am-gp-n3-4-16-i-adv-mysql-0,do-agent,-1,cooldown_200_300
2026-08-05T20:45:17Z,compare-am-gp-n3-4-16-i-adv-mysql-0,xtrabackup,18944000,cooldown_200_300
2026-08-05T20:45:17Z,compare-am-gp-n3-4-16-i-adv-mysql-1,mysql,12081602560,cooldown_200_300
2026-08-05T20:45:17Z,compare-am-gp-n3-4-16-i-adv-mysql-1,mysqld-exporter,15323136,cooldown_200_300
2026-08-05T20:45:17Z,compare-am-gp-n3-4-16-i-adv-mysql-1,slow-log-tailer,6627328,cooldown_200_300
2026-08-05T20:45:17Z,compare-am-gp-n3-4-16-i-adv-mysql-1,do-agent,-1,cooldown_200_300
2026-08-05T20:45:17Z,compare-am-gp-n3-4-16-i-adv-mysql-1,xtrabackup,531554304,cooldown_200_300
2026-08-05T20:45:17Z,compare-am-gp-n3-4-16-i-adv-mysql-2,mysql,13168590848,cooldown_200_300
2026-08-05T20:45:17Z,compare-am-gp-n3-4-16-i-adv-mysql-2,mysqld-exporter,15753216,cooldown_200_300
2026-08-05T20:45:17Z,compare-am-gp-n3-4-16-i-adv-mysql-2,slow-log-tailer,2002944,cooldown_200_300
2026-08-05T20:45:17Z,compare-am-gp-n3-4-16-i-adv-mysql-2,do-agent,-1,cooldown_200_300
2026-08-05T20:45:17Z,compare-am-gp-n3-4-16-i-adv-mysql-2,xtrabackup,24383488,cooldown_200_300
2026-08-05T20:45:50Z,compare-am-gp-n3-4-16-i-adv-mysql-0,mysql,13357858816,load_300tps
2026-08-05T20:45:50Z,compare-am-gp-n3-4-16-i-adv-mysql-0,mysqld-exporter,15831040,load_300tps
2026-08-05T20:45:50Z,compare-am-gp-n3-4-16-i-adv-mysql-0,slow-log-tailer,2224128,load_300tps
2026-08-05T20:45:50Z,compare-am-gp-n3-4-16-i-adv-mysql-0,do-agent,-1,load_300tps
2026-08-05T20:45:50Z,compare-am-gp-n3-4-16-i-adv-mysql-0,xtrabackup,18374656,load_300tps
2026-08-05T20:45:50Z,compare-am-gp-n3-4-16-i-adv-mysql-1,mysql,12206620672,load_300tps
2026-08-05T20:45:50Z,compare-am-gp-n3-4-16-i-adv-mysql-1,mysqld-exporter,15032320,load_300tps
2026-08-05T20:45:50Z,compare-am-gp-n3-4-16-i-adv-mysql-1,slow-log-tailer,6537216,load_300tps
2026-08-05T20:45:50Z,compare-am-gp-n3-4-16-i-adv-mysql-1,do-agent,-1,load_300tps
2026-08-05T20:45:50Z,compare-am-gp-n3-4-16-i-adv-mysql-1,xtrabackup,691335168,load_300tps
2026-08-05T20:45:50Z,compare-am-gp-n3-4-16-i-adv-mysql-2,mysql,13207625728,load_300tps
2026-08-05T20:45:50Z,compare-am-gp-n3-4-16-i-adv-mysql-2,mysqld-exporter,16011264,load_300tps
2026-08-05T20:45:50Z,compare-am-gp-n3-4-16-i-adv-mysql-2,slow-log-tailer,1863680,load_300tps
2026-08-05T20:45:50Z,compare-am-gp-n3-4-16-i-adv-mysql-2,do-agent,-1,load_300tps
2026-08-05T20:45:50Z,compare-am-gp-n3-4-16-i-adv-mysql-2,xtrabackup,24399872,load_300tps
2026-08-05T20:46:24Z,compare-am-gp-n3-4-16-i-adv-mysql-0,mysql,13332578304,load_300tps
2026-08-05T20:46:24Z,compare-am-gp-n3-4-16-i-adv-mysql-0,mysqld-exporter,15749120,load_300tps
2026-08-05T20:46:24Z,compare-am-gp-n3-4-16-i-adv-mysql-0,slow-log-tailer,2273280,load_300tps
2026-08-05T20:46:24Z,compare-am-gp-n3-4-16-i-adv-mysql-0,do-agent,-1,load_300tps
2026-08-05T20:46:24Z,compare-am-gp-n3-4-16-i-adv-mysql-0,xtrabackup,18599936,load_300tps
2026-08-05T20:46:24Z,compare-am-gp-n3-4-16-i-adv-mysql-1,mysql,11884544000,load_300tps
2026-08-05T20:46:24Z,compare-am-gp-n3-4-16-i-adv-mysql-1,mysqld-exporter,15249408,load_300tps
2026-08-05T20:46:24Z,compare-am-gp-n3-4-16-i-adv-mysql-1,slow-log-tailer,6676480,load_300tps
2026-08-05T20:46:24Z,compare-am-gp-n3-4-16-i-adv-mysql-1,do-agent,-1,load_300tps
2026-08-05T20:46:24Z,compare-am-gp-n3-4-16-i-adv-mysql-1,xtrabackup,1057783808,load_300tps
2026-08-05T20:46:24Z,compare-am-gp-n3-4-16-i-adv-mysql-2,mysql,13201973248,load_300tps
2026-08-05T20:46:24Z,compare-am-gp-n3-4-16-i-adv-mysql-2,mysqld-exporter,16035840,load_300tps
2026-08-05T20:46:24Z,compare-am-gp-n3-4-16-i-adv-mysql-2,slow-log-tailer,1843200,load_300tps
2026-08-05T20:46:24Z,compare-am-gp-n3-4-16-i-adv-mysql-2,do-agent,-1,load_300tps
2026-08-05T20:46:24Z,compare-am-gp-n3-4-16-i-adv-mysql-2,xtrabackup,24498176,load_300tps
2026-08-05T20:46:57Z,compare-am-gp-n3-4-16-i-adv-mysql-0,mysql,13371179008,load_300tps
2026-08-05T20:46:57Z,compare-am-gp-n3-4-16-i-adv-mysql-0,mysqld-exporter,15826944,load_300tps
2026-08-05T20:46:57Z,compare-am-gp-n3-4-16-i-adv-mysql-0,slow-log-tailer,2277376,load_300tps
2026-08-05T20:46:57Z,compare-am-gp-n3-4-16-i-adv-mysql-0,do-agent,-1,load_300tps
2026-08-05T20:46:57Z,compare-am-gp-n3-4-16-i-adv-mysql-0,xtrabackup,18628608,load_300tps
2026-08-05T20:46:57Z,compare-am-gp-n3-4-16-i-adv-mysql-1,mysql,11610787840,load_300tps
2026-08-05T20:46:57Z,compare-am-gp-n3-4-16-i-adv-mysql-1,mysqld-exporter,15486976,load_300tps
2026-08-05T20:46:57Z,compare-am-gp-n3-4-16-i-adv-mysql-1,slow-log-tailer,6680576,load_300tps
2026-08-05T20:46:57Z,compare-am-gp-n3-4-16-i-adv-mysql-1,do-agent,-1,load_300tps
2026-08-05T20:46:57Z,compare-am-gp-n3-4-16-i-adv-mysql-1,xtrabackup,1232429056,load_300tps
2026-08-05T20:46:57Z,compare-am-gp-n3-4-16-i-adv-mysql-2,mysql,13200752640,load_300tps
2026-08-05T20:46:57Z,compare-am-gp-n3-4-16-i-adv-mysql-2,mysqld-exporter,16035840,load_300tps
2026-08-05T20:46:57Z,compare-am-gp-n3-4-16-i-adv-mysql-2,slow-log-tailer,1875968,load_300tps
2026-08-05T20:46:57Z,compare-am-gp-n3-4-16-i-adv-mysql-2,do-agent,-1,load_300tps
2026-08-05T20:46:57Z,compare-am-gp-n3-4-16-i-adv-mysql-2,xtrabackup,24633344,load_300tps
2026-08-05T20:47:32Z,compare-am-gp-n3-4-16-i-adv-mysql-0,mysql,13372891136,load_300tps
2026-08-05T20:47:32Z,compare-am-gp-n3-4-16-i-adv-mysql-0,mysqld-exporter,15757312,load_300tps
2026-08-05T20:47:32Z,compare-am-gp-n3-4-16-i-adv-mysql-0,slow-log-tailer,2056192,load_300tps
2026-08-05T20:47:32Z,compare-am-gp-n3-4-16-i-adv-mysql-0,do-agent,-1,load_300tps
2026-08-05T20:47:32Z,compare-am-gp-n3-4-16-i-adv-mysql-0,xtrabackup,18321408,load_300tps
2026-08-05T20:47:32Z,compare-am-gp-n3-4-16-i-adv-mysql-1,mysql,11314466816,load_300tps
2026-08-05T20:47:32Z,compare-am-gp-n3-4-16-i-adv-mysql-1,mysqld-exporter,16031744,load_300tps
2026-08-05T20:47:32Z,compare-am-gp-n3-4-16-i-adv-mysql-1,slow-log-tailer,6680576,load_300tps
2026-08-05T20:47:32Z,compare-am-gp-n3-4-16-i-adv-mysql-1,do-agent,-1,load_300tps
2026-08-05T20:47:32Z,compare-am-gp-n3-4-16-i-adv-mysql-1,xtrabackup,1527508992,load_300tps
2026-08-05T20:47:32Z,compare-am-gp-n3-4-16-i-adv-mysql-2,mysql,13190344704,load_300tps
2026-08-05T20:47:32Z,compare-am-gp-n3-4-16-i-adv-mysql-2,mysqld-exporter,15867904,load_300tps
2026-08-05T20:47:32Z,compare-am-gp-n3-4-16-i-adv-mysql-2,slow-log-tailer,2093056,load_300tps
2026-08-05T20:47:32Z,compare-am-gp-n3-4-16-i-adv-mysql-2,do-agent,-1,load_300tps
2026-08-05T20:47:32Z,compare-am-gp-n3-4-16-i-adv-mysql-2,xtrabackup,24608768,load_300tps
2026-08-05T20:48:06Z,compare-am-gp-n3-4-16-i-adv-mysql-0,mysql,13344083968,load_300tps
2026-08-05T20:48:06Z,compare-am-gp-n3-4-16-i-adv-mysql-0,mysqld-exporter,15761408,load_300tps
2026-08-05T20:48:06Z,compare-am-gp-n3-4-16-i-adv-mysql-0,slow-log-tailer,2351104,load_300tps
2026-08-05T20:48:06Z,compare-am-gp-n3-4-16-i-adv-mysql-0,do-agent,-1,load_300tps
2026-08-05T20:48:06Z,compare-am-gp-n3-4-16-i-adv-mysql-0,xtrabackup,18628608,load_300tps
2026-08-05T20:48:06Z,compare-am-gp-n3-4-16-i-adv-mysql-1,mysql,11254099968,load_300tps
2026-08-05T20:48:06Z,compare-am-gp-n3-4-16-i-adv-mysql-1,mysqld-exporter,16109568,load_300tps
2026-08-05T20:48:06Z,compare-am-gp-n3-4-16-i-adv-mysql-1,slow-log-tailer,6684672,load_300tps
2026-08-05T20:48:06Z,compare-am-gp-n3-4-16-i-adv-mysql-1,do-agent,-1,load_300tps
2026-08-05T20:48:06Z,compare-am-gp-n3-4-16-i-adv-mysql-1,xtrabackup,1586114560,load_300tps
2026-08-05T20:48:06Z,compare-am-gp-n3-4-16-i-adv-mysql-2,mysql,13207420928,load_300tps
2026-08-05T20:48:06Z,compare-am-gp-n3-4-16-i-adv-mysql-2,mysqld-exporter,15974400,load_300tps
2026-08-05T20:48:06Z,compare-am-gp-n3-4-16-i-adv-mysql-2,slow-log-tailer,1773568,load_300tps
2026-08-05T20:48:06Z,compare-am-gp-n3-4-16-i-adv-mysql-2,do-agent,-1,load_300tps
2026-08-05T20:48:06Z,compare-am-gp-n3-4-16-i-adv-mysql-2,xtrabackup,24322048,load_300tps
2026-08-05T20:48:40Z,compare-am-gp-n3-4-16-i-adv-mysql-0,mysql,13375180800,load_300tps
2026-08-05T20:48:40Z,compare-am-gp-n3-4-16-i-adv-mysql-0,mysqld-exporter,15687680,load_300tps
2026-08-05T20:48:40Z,compare-am-gp-n3-4-16-i-adv-mysql-0,slow-log-tailer,2433024,load_300tps
2026-08-05T20:48:40Z,compare-am-gp-n3-4-16-i-adv-mysql-0,do-agent,-1,load_300tps
2026-08-05T20:48:40Z,compare-am-gp-n3-4-16-i-adv-mysql-0,xtrabackup,18587648,load_300tps
2026-08-05T20:48:40Z,compare-am-gp-n3-4-16-i-adv-mysql-1,mysql,11204911104,load_300tps
2026-08-05T20:48:40Z,compare-am-gp-n3-4-16-i-adv-mysql-1,mysqld-exporter,15749120,load_300tps
2026-08-05T20:48:40Z,compare-am-gp-n3-4-16-i-adv-mysql-1,slow-log-tailer,6684672,load_300tps
2026-08-05T20:48:40Z,compare-am-gp-n3-4-16-i-adv-mysql-1,do-agent,-1,load_300tps
2026-08-05T20:48:40Z,compare-am-gp-n3-4-16-i-adv-mysql-1,xtrabackup,1590554624,load_300tps
2026-08-05T20:48:40Z,compare-am-gp-n3-4-16-i-adv-mysql-2,mysql,13209264128,load_300tps
2026-08-05T20:48:40Z,compare-am-gp-n3-4-16-i-adv-mysql-2,mysqld-exporter,16056320,load_300tps
2026-08-05T20:48:40Z,compare-am-gp-n3-4-16-i-adv-mysql-2,slow-log-tailer,1863680,load_300tps
2026-08-05T20:48:40Z,compare-am-gp-n3-4-16-i-adv-mysql-2,do-agent,-1,load_300tps
2026-08-05T20:48:40Z,compare-am-gp-n3-4-16-i-adv-mysql-2,xtrabackup,24412160,load_300tps
2026-08-05T20:49:13Z,compare-am-gp-n3-4-16-i-adv-mysql-0,mysql,13380419584,load_300tps
2026-08-05T20:49:13Z,compare-am-gp-n3-4-16-i-adv-mysql-0,mysqld-exporter,16310272,load_300tps
2026-08-05T20:49:13Z,compare-am-gp-n3-4-16-i-adv-mysql-0,slow-log-tailer,2396160,load_300tps
2026-08-05T20:49:13Z,compare-am-gp-n3-4-16-i-adv-mysql-0,do-agent,-1,load_300tps
2026-08-05T20:49:13Z,compare-am-gp-n3-4-16-i-adv-mysql-0,xtrabackup,18526208,load_300tps
2026-08-05T20:49:13Z,compare-am-gp-n3-4-16-i-adv-mysql-1,mysql,11279257600,load_300tps
2026-08-05T20:49:13Z,compare-am-gp-n3-4-16-i-adv-mysql-1,mysqld-exporter,16314368,load_300tps
2026-08-05T20:49:13Z,compare-am-gp-n3-4-16-i-adv-mysql-1,slow-log-tailer,6664192,load_300tps
2026-08-05T20:49:13Z,compare-am-gp-n3-4-16-i-adv-mysql-1,do-agent,-1,load_300tps
2026-08-05T20:49:13Z,compare-am-gp-n3-4-16-i-adv-mysql-1,xtrabackup,1612701696,load_300tps
2026-08-05T20:49:13Z,compare-am-gp-n3-4-16-i-adv-mysql-2,mysql,13205278720,load_300tps
2026-08-05T20:49:13Z,compare-am-gp-n3-4-16-i-adv-mysql-2,mysqld-exporter,15982592,load_300tps
2026-08-05T20:49:13Z,compare-am-gp-n3-4-16-i-adv-mysql-2,slow-log-tailer,1912832,load_300tps
2026-08-05T20:49:13Z,compare-am-gp-n3-4-16-i-adv-mysql-2,do-agent,-1,load_300tps
2026-08-05T20:49:13Z,compare-am-gp-n3-4-16-i-adv-mysql-2,xtrabackup,24363008,load_300tps
2026-08-05T20:49:47Z,compare-am-gp-n3-4-16-i-adv-mysql-0,mysql,13369954304,load_300tps
2026-08-05T20:49:47Z,compare-am-gp-n3-4-16-i-adv-mysql-0,mysqld-exporter,16326656,load_300tps
2026-08-05T20:49:47Z,compare-am-gp-n3-4-16-i-adv-mysql-0,slow-log-tailer,2670592,load_300tps
2026-08-05T20:49:47Z,compare-am-gp-n3-4-16-i-adv-mysql-0,do-agent,-1,load_300tps
2026-08-05T20:49:47Z,compare-am-gp-n3-4-16-i-adv-mysql-0,xtrabackup,18472960,load_300tps
2026-08-05T20:49:47Z,compare-am-gp-n3-4-16-i-adv-mysql-1,mysql,11247230976,load_300tps
2026-08-05T20:49:47Z,compare-am-gp-n3-4-16-i-adv-mysql-1,mysqld-exporter,16097280,load_300tps
2026-08-05T20:49:47Z,compare-am-gp-n3-4-16-i-adv-mysql-1,slow-log-tailer,6541312,load_300tps
2026-08-05T20:49:47Z,compare-am-gp-n3-4-16-i-adv-mysql-1,do-agent,-1,load_300tps
2026-08-05T20:49:47Z,compare-am-gp-n3-4-16-i-adv-mysql-1,xtrabackup,1621323776,load_300tps
2026-08-05T20:49:47Z,compare-am-gp-n3-4-16-i-adv-mysql-2,mysql,13231239168,load_300tps
2026-08-05T20:49:47Z,compare-am-gp-n3-4-16-i-adv-mysql-2,mysqld-exporter,15548416,load_300tps
2026-08-05T20:49:47Z,compare-am-gp-n3-4-16-i-adv-mysql-2,slow-log-tailer,2019328,load_300tps
2026-08-05T20:49:47Z,compare-am-gp-n3-4-16-i-adv-mysql-2,do-agent,-1,load_300tps
2026-08-05T20:49:47Z,compare-am-gp-n3-4-16-i-adv-mysql-2,xtrabackup,24383488,load_300tps
2026-08-05T20:50:20Z,compare-am-gp-n3-4-16-i-adv-mysql-0,mysql,13358039040,load_300tps
2026-08-05T20:50:20Z,compare-am-gp-n3-4-16-i-adv-mysql-0,mysqld-exporter,16388096,load_300tps
2026-08-05T20:50:20Z,compare-am-gp-n3-4-16-i-adv-mysql-0,slow-log-tailer,2748416,load_300tps
2026-08-05T20:50:20Z,compare-am-gp-n3-4-16-i-adv-mysql-0,do-agent,-1,load_300tps
2026-08-05T20:50:20Z,compare-am-gp-n3-4-16-i-adv-mysql-0,xtrabackup,18513920,load_300tps
2026-08-05T20:50:20Z,compare-am-gp-n3-4-16-i-adv-mysql-1,mysql,11166076928,load_300tps
2026-08-05T20:50:20Z,compare-am-gp-n3-4-16-i-adv-mysql-1,mysqld-exporter,16072704,load_300tps
2026-08-05T20:50:20Z,compare-am-gp-n3-4-16-i-adv-mysql-1,slow-log-tailer,6688768,load_300tps
2026-08-05T20:50:20Z,compare-am-gp-n3-4-16-i-adv-mysql-1,do-agent,-1,load_300tps
2026-08-05T20:50:20Z,compare-am-gp-n3-4-16-i-adv-mysql-1,xtrabackup,1636757504,load_300tps
2026-08-05T20:50:20Z,compare-am-gp-n3-4-16-i-adv-mysql-2,mysql,13194698752,load_300tps
2026-08-05T20:50:20Z,compare-am-gp-n3-4-16-i-adv-mysql-2,mysqld-exporter,15597568,load_300tps
2026-08-05T20:50:20Z,compare-am-gp-n3-4-16-i-adv-mysql-2,slow-log-tailer,1798144,load_300tps
2026-08-05T20:50:20Z,compare-am-gp-n3-4-16-i-adv-mysql-2,do-agent,-1,load_300tps
2026-08-05T20:50:20Z,compare-am-gp-n3-4-16-i-adv-mysql-2,xtrabackup,24383488,load_300tps
2026-08-05T20:50:55Z,compare-am-gp-n3-4-16-i-adv-mysql-0,mysql,13371043840,load_300tps
2026-08-05T20:50:55Z,compare-am-gp-n3-4-16-i-adv-mysql-0,mysqld-exporter,16404480,load_300tps
2026-08-05T20:50:55Z,compare-am-gp-n3-4-16-i-adv-mysql-0,slow-log-tailer,2801664,load_300tps
2026-08-05T20:50:55Z,compare-am-gp-n3-4-16-i-adv-mysql-0,do-agent,-1,load_300tps
2026-08-05T20:50:55Z,compare-am-gp-n3-4-16-i-adv-mysql-0,xtrabackup,18567168,load_300tps
2026-08-05T20:50:55Z,compare-am-gp-n3-4-16-i-adv-mysql-1,mysql,11271401472,load_300tps
2026-08-05T20:50:55Z,compare-am-gp-n3-4-16-i-adv-mysql-1,mysqld-exporter,15933440,load_300tps
2026-08-05T20:50:55Z,compare-am-gp-n3-4-16-i-adv-mysql-1,slow-log-tailer,6606848,load_300tps
2026-08-05T20:50:55Z,compare-am-gp-n3-4-16-i-adv-mysql-1,do-agent,-1,load_300tps
2026-08-05T20:50:55Z,compare-am-gp-n3-4-16-i-adv-mysql-1,xtrabackup,1645715456,load_300tps
2026-08-05T20:50:55Z,compare-am-gp-n3-4-16-i-adv-mysql-2,mysql,13221888000,load_300tps
2026-08-05T20:50:55Z,compare-am-gp-n3-4-16-i-adv-mysql-2,mysqld-exporter,15761408,load_300tps
2026-08-05T20:50:55Z,compare-am-gp-n3-4-16-i-adv-mysql-2,slow-log-tailer,2019328,load_300tps
2026-08-05T20:50:55Z,compare-am-gp-n3-4-16-i-adv-mysql-2,do-agent,-1,load_300tps
2026-08-05T20:50:55Z,compare-am-gp-n3-4-16-i-adv-mysql-2,xtrabackup,24424448,load_300tps
2026-08-05T20:51:28Z,compare-am-gp-n3-4-16-i-adv-mysql-0,mysql,13337796608,load_300tps
2026-08-05T20:51:28Z,compare-am-gp-n3-4-16-i-adv-mysql-0,mysqld-exporter,15818752,load_300tps
2026-08-05T20:51:28Z,compare-am-gp-n3-4-16-i-adv-mysql-0,slow-log-tailer,2732032,load_300tps
2026-08-05T20:51:28Z,compare-am-gp-n3-4-16-i-adv-mysql-0,do-agent,-1,load_300tps
2026-08-05T20:51:28Z,compare-am-gp-n3-4-16-i-adv-mysql-0,xtrabackup,18432000,load_300tps
2026-08-05T20:51:28Z,compare-am-gp-n3-4-16-i-adv-mysql-1,mysql,11247026176,load_300tps
2026-08-05T20:51:28Z,compare-am-gp-n3-4-16-i-adv-mysql-1,mysqld-exporter,15953920,load_300tps
2026-08-05T20:51:28Z,compare-am-gp-n3-4-16-i-adv-mysql-1,slow-log-tailer,6795264,load_300tps
2026-08-05T20:51:28Z,compare-am-gp-n3-4-16-i-adv-mysql-1,do-agent,-1,load_300tps
2026-08-05T20:51:28Z,compare-am-gp-n3-4-16-i-adv-mysql-1,xtrabackup,1656672256,load_300tps
2026-08-05T20:51:28Z,compare-am-gp-n3-4-16-i-adv-mysql-2,mysql,13211738112,load_300tps
2026-08-05T20:51:28Z,compare-am-gp-n3-4-16-i-adv-mysql-2,mysqld-exporter,16084992,load_300tps
2026-08-05T20:51:28Z,compare-am-gp-n3-4-16-i-adv-mysql-2,slow-log-tailer,1949696,load_300tps
2026-08-05T20:51:28Z,compare-am-gp-n3-4-16-i-adv-mysql-2,do-agent,-1,load_300tps
2026-08-05T20:51:28Z,compare-am-gp-n3-4-16-i-adv-mysql-2,xtrabackup,24629248,load_300tps
2026-08-05T20:52:02Z,compare-am-gp-n3-4-16-i-adv-mysql-0,mysql,13367885824,load_300tps
2026-08-05T20:52:02Z,compare-am-gp-n3-4-16-i-adv-mysql-0,mysqld-exporter,15806464,load_300tps
2026-08-05T20:52:02Z,compare-am-gp-n3-4-16-i-adv-mysql-0,slow-log-tailer,3014656,load_300tps
2026-08-05T20:52:02Z,compare-am-gp-n3-4-16-i-adv-mysql-0,do-agent,-1,load_300tps
2026-08-05T20:52:02Z,compare-am-gp-n3-4-16-i-adv-mysql-0,xtrabackup,18505728,load_300tps
2026-08-05T20:52:02Z,compare-am-gp-n3-4-16-i-adv-mysql-1,mysql,11129290752,load_300tps
2026-08-05T20:52:02Z,compare-am-gp-n3-4-16-i-adv-mysql-1,mysqld-exporter,16187392,load_300tps
2026-08-05T20:52:02Z,compare-am-gp-n3-4-16-i-adv-mysql-1,slow-log-tailer,6647808,load_300tps
2026-08-05T20:52:02Z,compare-am-gp-n3-4-16-i-adv-mysql-1,do-agent,-1,load_300tps
2026-08-05T20:52:02Z,compare-am-gp-n3-4-16-i-adv-mysql-1,xtrabackup,1692082176,load_300tps
2026-08-05T20:52:02Z,compare-am-gp-n3-4-16-i-adv-mysql-2,mysql,13210394624,load_300tps
2026-08-05T20:52:02Z,compare-am-gp-n3-4-16-i-adv-mysql-2,mysqld-exporter,16261120,load_300tps
2026-08-05T20:52:02Z,compare-am-gp-n3-4-16-i-adv-mysql-2,slow-log-tailer,1863680,load_300tps
2026-08-05T20:52:02Z,compare-am-gp-n3-4-16-i-adv-mysql-2,do-agent,-1,load_300tps
2026-08-05T20:52:02Z,compare-am-gp-n3-4-16-i-adv-mysql-2,xtrabackup,24403968,load_300tps
2026-08-05T20:52:35Z,compare-am-gp-n3-4-16-i-adv-mysql-0,mysql,13364981760,load_300tps
2026-08-05T20:52:35Z,compare-am-gp-n3-4-16-i-adv-mysql-0,mysqld-exporter,15785984,load_300tps
2026-08-05T20:52:35Z,compare-am-gp-n3-4-16-i-adv-mysql-0,slow-log-tailer,3145728,load_300tps
2026-08-05T20:52:35Z,compare-am-gp-n3-4-16-i-adv-mysql-0,do-agent,-1,load_300tps
2026-08-05T20:52:35Z,compare-am-gp-n3-4-16-i-adv-mysql-0,xtrabackup,18644992,load_300tps
2026-08-05T20:52:35Z,compare-am-gp-n3-4-16-i-adv-mysql-1,mysql,11191017472,load_300tps
2026-08-05T20:52:35Z,compare-am-gp-n3-4-16-i-adv-mysql-1,mysqld-exporter,16273408,load_300tps
2026-08-05T20:52:35Z,compare-am-gp-n3-4-16-i-adv-mysql-1,slow-log-tailer,6664192,load_300tps
2026-08-05T20:52:35Z,compare-am-gp-n3-4-16-i-adv-mysql-1,do-agent,-1,load_300tps
2026-08-05T20:52:35Z,compare-am-gp-n3-4-16-i-adv-mysql-1,xtrabackup,1664339968,load_300tps
2026-08-05T20:52:35Z,compare-am-gp-n3-4-16-i-adv-mysql-2,mysql,13195288576,load_300tps
2026-08-05T20:52:35Z,compare-am-gp-n3-4-16-i-adv-mysql-2,mysqld-exporter,15986688,load_300tps
2026-08-05T20:52:35Z,compare-am-gp-n3-4-16-i-adv-mysql-2,slow-log-tailer,1912832,load_300tps
2026-08-05T20:52:35Z,compare-am-gp-n3-4-16-i-adv-mysql-2,do-agent,-1,load_300tps
2026-08-05T20:52:35Z,compare-am-gp-n3-4-16-i-adv-mysql-2,xtrabackup,24387584,load_300tps
2026-08-05T20:53:09Z,compare-am-gp-n3-4-16-i-adv-mysql-0,mysql,13375913984,load_300tps
2026-08-05T20:53:09Z,compare-am-gp-n3-4-16-i-adv-mysql-0,mysqld-exporter,15699968,load_300tps
2026-08-05T20:53:09Z,compare-am-gp-n3-4-16-i-adv-mysql-0,slow-log-tailer,3178496,load_300tps
2026-08-05T20:53:09Z,compare-am-gp-n3-4-16-i-adv-mysql-0,do-agent,-1,load_300tps
2026-08-05T20:53:09Z,compare-am-gp-n3-4-16-i-adv-mysql-0,xtrabackup,18653184,load_300tps
2026-08-05T20:53:09Z,compare-am-gp-n3-4-16-i-adv-mysql-1,mysql,11309883392,load_300tps
2026-08-05T20:53:09Z,compare-am-gp-n3-4-16-i-adv-mysql-1,mysqld-exporter,15192064,load_300tps
2026-08-05T20:53:09Z,compare-am-gp-n3-4-16-i-adv-mysql-1,slow-log-tailer,6459392,load_300tps
2026-08-05T20:53:09Z,compare-am-gp-n3-4-16-i-adv-mysql-1,do-agent,-1,load_300tps
2026-08-05T20:53:09Z,compare-am-gp-n3-4-16-i-adv-mysql-1,xtrabackup,1668616192,load_300tps
2026-08-05T20:53:09Z,compare-am-gp-n3-4-16-i-adv-mysql-2,mysql,13208498176,load_300tps
2026-08-05T20:53:09Z,compare-am-gp-n3-4-16-i-adv-mysql-2,mysqld-exporter,16093184,load_300tps
2026-08-05T20:53:09Z,compare-am-gp-n3-4-16-i-adv-mysql-2,slow-log-tailer,1843200,load_300tps
2026-08-05T20:53:09Z,compare-am-gp-n3-4-16-i-adv-mysql-2,do-agent,-1,load_300tps
2026-08-05T20:53:09Z,compare-am-gp-n3-4-16-i-adv-mysql-2,xtrabackup,24371200,load_300tps
2026-08-05T20:53:42Z,compare-am-gp-n3-4-16-i-adv-mysql-0,mysql,13335371776,load_300tps
2026-08-05T20:53:42Z,compare-am-gp-n3-4-16-i-adv-mysql-0,mysqld-exporter,15704064,load_300tps
2026-08-05T20:53:42Z,compare-am-gp-n3-4-16-i-adv-mysql-0,slow-log-tailer,3260416,load_300tps
2026-08-05T20:53:42Z,compare-am-gp-n3-4-16-i-adv-mysql-0,do-agent,-1,load_300tps
2026-08-05T20:53:42Z,compare-am-gp-n3-4-16-i-adv-mysql-0,xtrabackup,18595840,load_300tps
2026-08-05T20:53:42Z,compare-am-gp-n3-4-16-i-adv-mysql-1,mysql,11183259648,load_300tps
2026-08-05T20:53:42Z,compare-am-gp-n3-4-16-i-adv-mysql-1,mysqld-exporter,15417344,load_300tps
2026-08-05T20:53:42Z,compare-am-gp-n3-4-16-i-adv-mysql-1,slow-log-tailer,6467584,load_300tps
2026-08-05T20:53:42Z,compare-am-gp-n3-4-16-i-adv-mysql-1,do-agent,-1,load_300tps
2026-08-05T20:53:42Z,compare-am-gp-n3-4-16-i-adv-mysql-1,xtrabackup,1569972224,load_300tps
2026-08-05T20:53:42Z,compare-am-gp-n3-4-16-i-adv-mysql-2,mysql,13190176768,load_300tps
2026-08-05T20:53:42Z,compare-am-gp-n3-4-16-i-adv-mysql-2,mysqld-exporter,15003648,load_300tps
2026-08-05T20:53:42Z,compare-am-gp-n3-4-16-i-adv-mysql-2,slow-log-tailer,1912832,load_300tps
2026-08-05T20:53:42Z,compare-am-gp-n3-4-16-i-adv-mysql-2,do-agent,-1,load_300tps
2026-08-05T20:53:42Z,compare-am-gp-n3-4-16-i-adv-mysql-2,xtrabackup,24236032,load_300tps
2026-08-05T20:54:16Z,compare-am-gp-n3-4-16-i-adv-mysql-0,mysql,13355978752,load_300tps
2026-08-05T20:54:16Z,compare-am-gp-n3-4-16-i-adv-mysql-0,mysqld-exporter,15732736,load_300tps
2026-08-05T20:54:16Z,compare-am-gp-n3-4-16-i-adv-mysql-0,slow-log-tailer,3280896,load_300tps
2026-08-05T20:54:16Z,compare-am-gp-n3-4-16-i-adv-mysql-0,do-agent,-1,load_300tps
2026-08-05T20:54:16Z,compare-am-gp-n3-4-16-i-adv-mysql-0,xtrabackup,18628608,load_300tps
2026-08-05T20:54:16Z,compare-am-gp-n3-4-16-i-adv-mysql-1,mysql,11318792192,load_300tps
2026-08-05T20:54:16Z,compare-am-gp-n3-4-16-i-adv-mysql-1,mysqld-exporter,15233024,load_300tps
2026-08-05T20:54:16Z,compare-am-gp-n3-4-16-i-adv-mysql-1,slow-log-tailer,6668288,load_300tps
2026-08-05T20:54:16Z,compare-am-gp-n3-4-16-i-adv-mysql-1,do-agent,-1,load_300tps
2026-08-05T20:54:16Z,compare-am-gp-n3-4-16-i-adv-mysql-1,xtrabackup,1515749376,load_300tps
2026-08-05T20:54:16Z,compare-am-gp-n3-4-16-i-adv-mysql-2,mysql,13200158720,load_300tps
2026-08-05T20:54:16Z,compare-am-gp-n3-4-16-i-adv-mysql-2,mysqld-exporter,15028224,load_300tps
2026-08-05T20:54:16Z,compare-am-gp-n3-4-16-i-adv-mysql-2,slow-log-tailer,1839104,load_300tps
2026-08-05T20:54:16Z,compare-am-gp-n3-4-16-i-adv-mysql-2,do-agent,-1,load_300tps
2026-08-05T20:54:16Z,compare-am-gp-n3-4-16-i-adv-mysql-2,xtrabackup,24420352,load_300tps
2026-08-05T20:54:49Z,compare-am-gp-n3-4-16-i-adv-mysql-0,mysql,13383532544,load_300tps
2026-08-05T20:54:49Z,compare-am-gp-n3-4-16-i-adv-mysql-0,mysqld-exporter,15695872,load_300tps
2026-08-05T20:54:49Z,compare-am-gp-n3-4-16-i-adv-mysql-0,slow-log-tailer,3366912,load_300tps
2026-08-05T20:54:49Z,compare-am-gp-n3-4-16-i-adv-mysql-0,do-agent,-1,load_300tps
2026-08-05T20:54:49Z,compare-am-gp-n3-4-16-i-adv-mysql-0,xtrabackup,18579456,load_300tps
2026-08-05T20:54:49Z,compare-am-gp-n3-4-16-i-adv-mysql-1,mysql,11481632768,load_300tps
2026-08-05T20:54:49Z,compare-am-gp-n3-4-16-i-adv-mysql-1,mysqld-exporter,15245312,load_300tps
2026-08-05T20:54:49Z,compare-am-gp-n3-4-16-i-adv-mysql-1,slow-log-tailer,6615040,load_300tps
2026-08-05T20:54:49Z,compare-am-gp-n3-4-16-i-adv-mysql-1,do-agent,-1,load_300tps
2026-08-05T20:54:49Z,compare-am-gp-n3-4-16-i-adv-mysql-1,xtrabackup,1098752000,load_300tps
2026-08-05T20:54:49Z,compare-am-gp-n3-4-16-i-adv-mysql-2,mysql,13205319680,load_300tps
2026-08-05T20:54:49Z,compare-am-gp-n3-4-16-i-adv-mysql-2,mysqld-exporter,15368192,load_300tps
2026-08-05T20:54:49Z,compare-am-gp-n3-4-16-i-adv-mysql-2,slow-log-tailer,1953792,load_300tps
2026-08-05T20:54:49Z,compare-am-gp-n3-4-16-i-adv-mysql-2,do-agent,-1,load_300tps
2026-08-05T20:54:49Z,compare-am-gp-n3-4-16-i-adv-mysql-2,xtrabackup,24629248,load_300tps
2026-08-05T20:55:23Z,compare-am-gp-n3-4-16-i-adv-mysql-0,mysql,13378187264,load_300tps
2026-08-05T20:55:23Z,compare-am-gp-n3-4-16-i-adv-mysql-0,mysqld-exporter,15548416,load_300tps
2026-08-05T20:55:23Z,compare-am-gp-n3-4-16-i-adv-mysql-0,slow-log-tailer,3461120,load_300tps
2026-08-05T20:55:23Z,compare-am-gp-n3-4-16-i-adv-mysql-0,do-agent,-1,load_300tps
2026-08-05T20:55:23Z,compare-am-gp-n3-4-16-i-adv-mysql-0,xtrabackup,18599936,load_300tps
2026-08-05T20:55:23Z,compare-am-gp-n3-4-16-i-adv-mysql-1,mysql,11679604736,load_300tps
2026-08-05T20:55:23Z,compare-am-gp-n3-4-16-i-adv-mysql-1,mysqld-exporter,15470592,load_300tps
2026-08-05T20:55:23Z,compare-am-gp-n3-4-16-i-adv-mysql-1,slow-log-tailer,6672384,load_300tps
2026-08-05T20:55:23Z,compare-am-gp-n3-4-16-i-adv-mysql-1,do-agent,-1,load_300tps
2026-08-05T20:55:23Z,compare-am-gp-n3-4-16-i-adv-mysql-1,xtrabackup,1098821632,load_300tps
2026-08-05T20:55:23Z,compare-am-gp-n3-4-16-i-adv-mysql-2,mysql,13209944064,load_300tps
2026-08-05T20:55:23Z,compare-am-gp-n3-4-16-i-adv-mysql-2,mysqld-exporter,15462400,load_300tps
2026-08-05T20:55:23Z,compare-am-gp-n3-4-16-i-adv-mysql-2,slow-log-tailer,1777664,load_300tps
2026-08-05T20:55:23Z,compare-am-gp-n3-4-16-i-adv-mysql-2,do-agent,-1,load_300tps
2026-08-05T20:55:23Z,compare-am-gp-n3-4-16-i-adv-mysql-2,xtrabackup,24604672,load_300tps
2026-08-05T20:55:57Z,compare-am-gp-n3-4-16-i-adv-mysql-0,mysql,13381640192,load_300tps
2026-08-05T20:55:57Z,compare-am-gp-n3-4-16-i-adv-mysql-0,mysqld-exporter,15712256,load_300tps
2026-08-05T20:55:57Z,compare-am-gp-n3-4-16-i-adv-mysql-0,slow-log-tailer,3493888,load_300tps
2026-08-05T20:55:57Z,compare-am-gp-n3-4-16-i-adv-mysql-0,do-agent,-1,load_300tps
2026-08-05T20:55:57Z,compare-am-gp-n3-4-16-i-adv-mysql-0,xtrabackup,18780160,load_300tps
2026-08-05T20:55:57Z,compare-am-gp-n3-4-16-i-adv-mysql-1,mysql,11818807296,load_300tps
2026-08-05T20:55:57Z,compare-am-gp-n3-4-16-i-adv-mysql-1,mysqld-exporter,15257600,load_300tps
2026-08-05T20:55:57Z,compare-am-gp-n3-4-16-i-adv-mysql-1,slow-log-tailer,6680576,load_300tps
2026-08-05T20:55:57Z,compare-am-gp-n3-4-16-i-adv-mysql-1,do-agent,-1,load_300tps
2026-08-05T20:55:57Z,compare-am-gp-n3-4-16-i-adv-mysql-1,xtrabackup,1098825728,load_300tps
2026-08-05T20:55:57Z,compare-am-gp-n3-4-16-i-adv-mysql-2,mysql,13209100288,load_300tps
2026-08-05T20:55:57Z,compare-am-gp-n3-4-16-i-adv-mysql-2,mysqld-exporter,15245312,load_300tps
2026-08-05T20:55:57Z,compare-am-gp-n3-4-16-i-adv-mysql-2,slow-log-tailer,2101248,load_300tps
2026-08-05T20:55:57Z,compare-am-gp-n3-4-16-i-adv-mysql-2,do-agent,-1,load_300tps
2026-08-05T20:55:57Z,compare-am-gp-n3-4-16-i-adv-mysql-2,xtrabackup,24461312,load_300tps
2026-08-05T20:56:30Z,compare-am-gp-n3-4-16-i-adv-mysql-0,mysql,13387415552,load_300tps
2026-08-05T20:56:30Z,compare-am-gp-n3-4-16-i-adv-mysql-0,mysqld-exporter,15675392,load_300tps
2026-08-05T20:56:30Z,compare-am-gp-n3-4-16-i-adv-mysql-0,slow-log-tailer,3465216,load_300tps
2026-08-05T20:56:30Z,compare-am-gp-n3-4-16-i-adv-mysql-0,do-agent,-1,load_300tps
2026-08-05T20:56:30Z,compare-am-gp-n3-4-16-i-adv-mysql-0,xtrabackup,18763776,load_300tps
2026-08-05T20:56:30Z,compare-am-gp-n3-4-16-i-adv-mysql-1,mysql,11746066432,load_300tps
2026-08-05T20:56:30Z,compare-am-gp-n3-4-16-i-adv-mysql-1,mysqld-exporter,15200256,load_300tps
2026-08-05T20:56:30Z,compare-am-gp-n3-4-16-i-adv-mysql-1,slow-log-tailer,6635520,load_300tps
2026-08-05T20:56:30Z,compare-am-gp-n3-4-16-i-adv-mysql-1,do-agent,-1,load_300tps
2026-08-05T20:56:30Z,compare-am-gp-n3-4-16-i-adv-mysql-1,xtrabackup,1098838016,load_300tps
2026-08-05T20:56:30Z,compare-am-gp-n3-4-16-i-adv-mysql-2,mysql,13230379008,load_300tps
2026-08-05T20:56:30Z,compare-am-gp-n3-4-16-i-adv-mysql-2,mysqld-exporter,15060992,load_300tps
2026-08-05T20:56:30Z,compare-am-gp-n3-4-16-i-adv-mysql-2,slow-log-tailer,2105344,load_300tps
2026-08-05T20:56:30Z,compare-am-gp-n3-4-16-i-adv-mysql-2,do-agent,-1,load_300tps
2026-08-05T20:56:30Z,compare-am-gp-n3-4-16-i-adv-mysql-2,xtrabackup,24432640,load_300tps
2026-08-05T20:57:04Z,compare-am-gp-n3-4-16-i-adv-mysql-0,mysql,13388554240,load_300tps
2026-08-05T20:57:04Z,compare-am-gp-n3-4-16-i-adv-mysql-0,mysqld-exporter,15646720,load_300tps
2026-08-05T20:57:04Z,compare-am-gp-n3-4-16-i-adv-mysql-0,slow-log-tailer,3620864,load_300tps
2026-08-05T20:57:04Z,compare-am-gp-n3-4-16-i-adv-mysql-0,do-agent,-1,load_300tps
2026-08-05T20:57:04Z,compare-am-gp-n3-4-16-i-adv-mysql-0,xtrabackup,18767872,load_300tps
2026-08-05T20:57:04Z,compare-am-gp-n3-4-16-i-adv-mysql-1,mysql,11778707456,load_300tps
2026-08-05T20:57:04Z,compare-am-gp-n3-4-16-i-adv-mysql-1,mysqld-exporter,15216640,load_300tps
2026-08-05T20:57:04Z,compare-am-gp-n3-4-16-i-adv-mysql-1,slow-log-tailer,6688768,load_300tps
2026-08-05T20:57:04Z,compare-am-gp-n3-4-16-i-adv-mysql-1,do-agent,-1,load_300tps
2026-08-05T20:57:04Z,compare-am-gp-n3-4-16-i-adv-mysql-1,xtrabackup,1098797056,load_300tps
2026-08-05T20:57:04Z,compare-am-gp-n3-4-16-i-adv-mysql-2,mysql,13213401088,load_300tps
2026-08-05T20:57:04Z,compare-am-gp-n3-4-16-i-adv-mysql-2,mysqld-exporter,15200256,load_300tps
2026-08-05T20:57:04Z,compare-am-gp-n3-4-16-i-adv-mysql-2,slow-log-tailer,2039808,load_300tps
2026-08-05T20:57:04Z,compare-am-gp-n3-4-16-i-adv-mysql-2,do-agent,-1,load_300tps
2026-08-05T20:57:04Z,compare-am-gp-n3-4-16-i-adv-mysql-2,xtrabackup,24424448,load_300tps
2026-08-05T20:57:37Z,compare-am-gp-n3-4-16-i-adv-mysql-0,mysql,13347500032,load_300tps
2026-08-05T20:57:37Z,compare-am-gp-n3-4-16-i-adv-mysql-0,mysqld-exporter,16384000,load_300tps
2026-08-05T20:57:37Z,compare-am-gp-n3-4-16-i-adv-mysql-0,slow-log-tailer,3555328,load_300tps
2026-08-05T20:57:37Z,compare-am-gp-n3-4-16-i-adv-mysql-0,do-agent,-1,load_300tps
2026-08-05T20:57:37Z,compare-am-gp-n3-4-16-i-adv-mysql-0,xtrabackup,18755584,load_300tps
2026-08-05T20:57:37Z,compare-am-gp-n3-4-16-i-adv-mysql-1,mysql,11743203328,load_300tps
2026-08-05T20:57:37Z,compare-am-gp-n3-4-16-i-adv-mysql-1,mysqld-exporter,15417344,load_300tps
2026-08-05T20:57:37Z,compare-am-gp-n3-4-16-i-adv-mysql-1,slow-log-tailer,6770688,load_300tps
2026-08-05T20:57:37Z,compare-am-gp-n3-4-16-i-adv-mysql-1,do-agent,-1,load_300tps
2026-08-05T20:57:37Z,compare-am-gp-n3-4-16-i-adv-mysql-1,xtrabackup,1098780672,load_300tps
2026-08-05T20:57:37Z,compare-am-gp-n3-4-16-i-adv-mysql-2,mysql,13224378368,load_300tps
2026-08-05T20:57:37Z,compare-am-gp-n3-4-16-i-adv-mysql-2,mysqld-exporter,15224832,load_300tps
2026-08-05T20:57:37Z,compare-am-gp-n3-4-16-i-adv-mysql-2,slow-log-tailer,2248704,load_300tps
2026-08-05T20:57:37Z,compare-am-gp-n3-4-16-i-adv-mysql-2,do-agent,-1,load_300tps
2026-08-05T20:57:37Z,compare-am-gp-n3-4-16-i-adv-mysql-2,xtrabackup,24477696,load_300tps
2026-08-05T20:58:11Z,compare-am-gp-n3-4-16-i-adv-mysql-0,mysql,13366210560,load_300tps
2026-08-05T20:58:11Z,compare-am-gp-n3-4-16-i-adv-mysql-0,mysqld-exporter,16375808,load_300tps
2026-08-05T20:58:11Z,compare-am-gp-n3-4-16-i-adv-mysql-0,slow-log-tailer,3833856,load_300tps
2026-08-05T20:58:11Z,compare-am-gp-n3-4-16-i-adv-mysql-0,do-agent,-1,load_300tps
2026-08-05T20:58:11Z,compare-am-gp-n3-4-16-i-adv-mysql-0,xtrabackup,18620416,load_300tps
2026-08-05T20:58:11Z,compare-am-gp-n3-4-16-i-adv-mysql-1,mysql,11694727168,load_300tps
2026-08-05T20:58:11Z,compare-am-gp-n3-4-16-i-adv-mysql-1,mysqld-exporter,15302656,load_300tps
2026-08-05T20:58:11Z,compare-am-gp-n3-4-16-i-adv-mysql-1,slow-log-tailer,6651904,load_300tps
2026-08-05T20:58:11Z,compare-am-gp-n3-4-16-i-adv-mysql-1,do-agent,-1,load_300tps
2026-08-05T20:58:11Z,compare-am-gp-n3-4-16-i-adv-mysql-1,xtrabackup,1098670080,load_300tps
2026-08-05T20:58:11Z,compare-am-gp-n3-4-16-i-adv-mysql-2,mysql,13228404736,load_300tps
2026-08-05T20:58:11Z,compare-am-gp-n3-4-16-i-adv-mysql-2,mysqld-exporter,15073280,load_300tps
2026-08-05T20:58:11Z,compare-am-gp-n3-4-16-i-adv-mysql-2,slow-log-tailer,1908736,load_300tps
2026-08-05T20:58:11Z,compare-am-gp-n3-4-16-i-adv-mysql-2,do-agent,-1,load_300tps
2026-08-05T20:58:11Z,compare-am-gp-n3-4-16-i-adv-mysql-2,xtrabackup,24383488,load_300tps
2026-08-05T20:58:46Z,compare-am-gp-n3-4-16-i-adv-mysql-0,mysql,13381459968,load_300tps
2026-08-05T20:58:46Z,compare-am-gp-n3-4-16-i-adv-mysql-0,mysqld-exporter,16392192,load_300tps
2026-08-05T20:58:46Z,compare-am-gp-n3-4-16-i-adv-mysql-0,slow-log-tailer,3846144,load_300tps
2026-08-05T20:58:46Z,compare-am-gp-n3-4-16-i-adv-mysql-0,do-agent,-1,load_300tps
2026-08-05T20:58:46Z,compare-am-gp-n3-4-16-i-adv-mysql-0,xtrabackup,18448384,load_300tps
2026-08-05T20:58:46Z,compare-am-gp-n3-4-16-i-adv-mysql-1,mysql,11806834688,load_300tps
2026-08-05T20:58:46Z,compare-am-gp-n3-4-16-i-adv-mysql-1,mysqld-exporter,15192064,load_300tps
2026-08-05T20:58:46Z,compare-am-gp-n3-4-16-i-adv-mysql-1,slow-log-tailer,6696960,load_300tps
2026-08-05T20:58:46Z,compare-am-gp-n3-4-16-i-adv-mysql-1,do-agent,-1,load_300tps
2026-08-05T20:58:46Z,compare-am-gp-n3-4-16-i-adv-mysql-1,xtrabackup,1098047488,load_300tps
2026-08-05T20:58:46Z,compare-am-gp-n3-4-16-i-adv-mysql-2,mysql,13202391040,load_300tps
2026-08-05T20:58:46Z,compare-am-gp-n3-4-16-i-adv-mysql-2,mysqld-exporter,15155200,load_300tps
2026-08-05T20:58:46Z,compare-am-gp-n3-4-16-i-adv-mysql-2,slow-log-tailer,1794048,load_300tps
2026-08-05T20:58:46Z,compare-am-gp-n3-4-16-i-adv-mysql-2,do-agent,-1,load_300tps
2026-08-05T20:58:46Z,compare-am-gp-n3-4-16-i-adv-mysql-2,xtrabackup,24477696,load_300tps
2026-08-05T20:59:19Z,compare-am-gp-n3-4-16-i-adv-mysql-0,mysql,13388402688,load_300tps
2026-08-05T20:59:19Z,compare-am-gp-n3-4-16-i-adv-mysql-0,mysqld-exporter,15781888,load_300tps
2026-08-05T20:59:19Z,compare-am-gp-n3-4-16-i-adv-mysql-0,slow-log-tailer,4071424,load_300tps
2026-08-05T20:59:19Z,compare-am-gp-n3-4-16-i-adv-mysql-0,do-agent,-1,load_300tps
2026-08-05T20:59:19Z,compare-am-gp-n3-4-16-i-adv-mysql-0,xtrabackup,18640896,load_300tps
2026-08-05T20:59:19Z,compare-am-gp-n3-4-16-i-adv-mysql-1,mysql,11642540032,load_300tps
2026-08-05T20:59:19Z,compare-am-gp-n3-4-16-i-adv-mysql-1,mysqld-exporter,15187968,load_300tps
2026-08-05T20:59:19Z,compare-am-gp-n3-4-16-i-adv-mysql-1,slow-log-tailer,6778880,load_300tps
2026-08-05T20:59:19Z,compare-am-gp-n3-4-16-i-adv-mysql-1,do-agent,-1,load_300tps
2026-08-05T20:59:19Z,compare-am-gp-n3-4-16-i-adv-mysql-1,xtrabackup,1098059776,load_300tps
2026-08-05T20:59:19Z,compare-am-gp-n3-4-16-i-adv-mysql-2,mysql,13206474752,load_300tps
2026-08-05T20:59:19Z,compare-am-gp-n3-4-16-i-adv-mysql-2,mysqld-exporter,15659008,load_300tps
2026-08-05T20:59:19Z,compare-am-gp-n3-4-16-i-adv-mysql-2,slow-log-tailer,2060288,load_300tps
2026-08-05T20:59:19Z,compare-am-gp-n3-4-16-i-adv-mysql-2,do-agent,-1,load_300tps
2026-08-05T20:59:19Z,compare-am-gp-n3-4-16-i-adv-mysql-2,xtrabackup,24453120,load_300tps
2026-08-05T20:59:52Z,compare-am-gp-n3-4-16-i-adv-mysql-0,mysql,13390872576,load_300tps
2026-08-05T20:59:52Z,compare-am-gp-n3-4-16-i-adv-mysql-0,mysqld-exporter,16982016,load_300tps
2026-08-05T20:59:52Z,compare-am-gp-n3-4-16-i-adv-mysql-0,slow-log-tailer,4120576,load_300tps
2026-08-05T20:59:52Z,compare-am-gp-n3-4-16-i-adv-mysql-0,do-agent,-1,load_300tps
2026-08-05T20:59:52Z,compare-am-gp-n3-4-16-i-adv-mysql-0,xtrabackup,18747392,load_300tps
2026-08-05T20:59:52Z,compare-am-gp-n3-4-16-i-adv-mysql-1,mysql,11861483520,load_300tps
2026-08-05T20:59:52Z,compare-am-gp-n3-4-16-i-adv-mysql-1,mysqld-exporter,15138816,load_300tps
2026-08-05T20:59:52Z,compare-am-gp-n3-4-16-i-adv-mysql-1,slow-log-tailer,6569984,load_300tps
2026-08-05T20:59:52Z,compare-am-gp-n3-4-16-i-adv-mysql-1,do-agent,-1,load_300tps
2026-08-05T20:59:52Z,compare-am-gp-n3-4-16-i-adv-mysql-1,xtrabackup,1098072064,load_300tps
2026-08-05T20:59:52Z,compare-am-gp-n3-4-16-i-adv-mysql-2,mysql,13199503360,load_300tps
2026-08-05T20:59:52Z,compare-am-gp-n3-4-16-i-adv-mysql-2,mysqld-exporter,15241216,load_300tps
2026-08-05T20:59:52Z,compare-am-gp-n3-4-16-i-adv-mysql-2,slow-log-tailer,1945600,load_300tps
2026-08-05T20:59:52Z,compare-am-gp-n3-4-16-i-adv-mysql-2,do-agent,-1,load_300tps
2026-08-05T20:59:52Z,compare-am-gp-n3-4-16-i-adv-mysql-2,xtrabackup,24354816,load_300tps
2026-08-05T21:00:27Z,compare-am-gp-n3-4-16-i-adv-mysql-0,mysql,13346512896,load_300tps
2026-08-05T21:00:27Z,compare-am-gp-n3-4-16-i-adv-mysql-0,mysqld-exporter,15716352,load_300tps
2026-08-05T21:00:27Z,compare-am-gp-n3-4-16-i-adv-mysql-0,slow-log-tailer,4136960,load_300tps
2026-08-05T21:00:27Z,compare-am-gp-n3-4-16-i-adv-mysql-0,do-agent,-1,load_300tps
2026-08-05T21:00:27Z,compare-am-gp-n3-4-16-i-adv-mysql-0,xtrabackup,18710528,load_300tps
2026-08-05T21:00:27Z,compare-am-gp-n3-4-16-i-adv-mysql-1,mysql,11696816128,load_300tps
2026-08-05T21:00:27Z,compare-am-gp-n3-4-16-i-adv-mysql-1,mysqld-exporter,15130624,load_300tps
2026-08-05T21:00:27Z,compare-am-gp-n3-4-16-i-adv-mysql-1,slow-log-tailer,6672384,load_300tps
2026-08-05T21:00:27Z,compare-am-gp-n3-4-16-i-adv-mysql-1,do-agent,-1,load_300tps
2026-08-05T21:00:27Z,compare-am-gp-n3-4-16-i-adv-mysql-1,xtrabackup,1098043392,load_300tps
2026-08-05T21:00:27Z,compare-am-gp-n3-4-16-i-adv-mysql-2,mysql,13224878080,load_300tps
2026-08-05T21:00:27Z,compare-am-gp-n3-4-16-i-adv-mysql-2,mysqld-exporter,15122432,load_300tps
2026-08-05T21:00:27Z,compare-am-gp-n3-4-16-i-adv-mysql-2,slow-log-tailer,1982464,load_300tps
2026-08-05T21:00:27Z,compare-am-gp-n3-4-16-i-adv-mysql-2,do-agent,-1,load_300tps
2026-08-05T21:00:27Z,compare-am-gp-n3-4-16-i-adv-mysql-2,xtrabackup,24494080,load_300tps
2026-08-05T21:01:02Z,compare-am-gp-n3-4-16-i-adv-mysql-0,mysql,13391777792,load_300tps
2026-08-05T21:01:02Z,compare-am-gp-n3-4-16-i-adv-mysql-0,mysqld-exporter,15929344,load_300tps
2026-08-05T21:01:02Z,compare-am-gp-n3-4-16-i-adv-mysql-0,slow-log-tailer,4321280,load_300tps
2026-08-05T21:01:02Z,compare-am-gp-n3-4-16-i-adv-mysql-0,do-agent,-1,load_300tps
2026-08-05T21:01:02Z,compare-am-gp-n3-4-16-i-adv-mysql-0,xtrabackup,18489344,load_300tps
2026-08-05T21:01:02Z,compare-am-gp-n3-4-16-i-adv-mysql-1,mysql,11832672256,load_300tps
2026-08-05T21:01:02Z,compare-am-gp-n3-4-16-i-adv-mysql-1,mysqld-exporter,15855616,load_300tps
2026-08-05T21:01:02Z,compare-am-gp-n3-4-16-i-adv-mysql-1,slow-log-tailer,6447104,load_300tps
2026-08-05T21:01:02Z,compare-am-gp-n3-4-16-i-adv-mysql-1,do-agent,-1,load_300tps
2026-08-05T21:01:02Z,compare-am-gp-n3-4-16-i-adv-mysql-1,xtrabackup,1098063872,load_300tps
2026-08-05T21:01:02Z,compare-am-gp-n3-4-16-i-adv-mysql-2,mysql,13242654720,load_300tps
2026-08-05T21:01:02Z,compare-am-gp-n3-4-16-i-adv-mysql-2,mysqld-exporter,15310848,load_300tps
2026-08-05T21:01:02Z,compare-am-gp-n3-4-16-i-adv-mysql-2,slow-log-tailer,2019328,load_300tps
2026-08-05T21:01:02Z,compare-am-gp-n3-4-16-i-adv-mysql-2,do-agent,-1,load_300tps
2026-08-05T21:01:02Z,compare-am-gp-n3-4-16-i-adv-mysql-2,xtrabackup,24432640,load_300tps
2026-08-05T21:01:36Z,compare-am-gp-n3-4-16-i-adv-mysql-0,mysql,13344268288,load_300tps
2026-08-05T21:01:36Z,compare-am-gp-n3-4-16-i-adv-mysql-0,mysqld-exporter,15974400,load_300tps
2026-08-05T21:01:36Z,compare-am-gp-n3-4-16-i-adv-mysql-0,slow-log-tailer,4362240,load_300tps
2026-08-05T21:01:36Z,compare-am-gp-n3-4-16-i-adv-mysql-0,do-agent,-1,load_300tps
2026-08-05T21:01:36Z,compare-am-gp-n3-4-16-i-adv-mysql-0,xtrabackup,18731008,load_300tps
2026-08-05T21:01:36Z,compare-am-gp-n3-4-16-i-adv-mysql-1,mysql,11710275584,load_300tps
2026-08-05T21:01:36Z,compare-am-gp-n3-4-16-i-adv-mysql-1,mysqld-exporter,15994880,load_300tps
2026-08-05T21:01:36Z,compare-am-gp-n3-4-16-i-adv-mysql-1,slow-log-tailer,6684672,load_300tps
2026-08-05T21:01:36Z,compare-am-gp-n3-4-16-i-adv-mysql-1,do-agent,-1,load_300tps
2026-08-05T21:01:36Z,compare-am-gp-n3-4-16-i-adv-mysql-1,xtrabackup,1098039296,load_300tps
2026-08-05T21:01:36Z,compare-am-gp-n3-4-16-i-adv-mysql-2,mysql,13219958784,load_300tps
2026-08-05T21:01:36Z,compare-am-gp-n3-4-16-i-adv-mysql-2,mysqld-exporter,15364096,load_300tps
2026-08-05T21:01:36Z,compare-am-gp-n3-4-16-i-adv-mysql-2,slow-log-tailer,2002944,load_300tps
2026-08-05T21:01:36Z,compare-am-gp-n3-4-16-i-adv-mysql-2,do-agent,-1,load_300tps
2026-08-05T21:01:36Z,compare-am-gp-n3-4-16-i-adv-mysql-2,xtrabackup,24240128,load_300tps
2026-08-05T21:02:09Z,compare-am-gp-n3-4-16-i-adv-mysql-0,mysql,13356322816,load_300tps
2026-08-05T21:02:09Z,compare-am-gp-n3-4-16-i-adv-mysql-0,mysqld-exporter,16175104,load_300tps
2026-08-05T21:02:09Z,compare-am-gp-n3-4-16-i-adv-mysql-0,slow-log-tailer,4485120,load_300tps
2026-08-05T21:02:09Z,compare-am-gp-n3-4-16-i-adv-mysql-0,do-agent,-1,load_300tps
2026-08-05T21:02:09Z,compare-am-gp-n3-4-16-i-adv-mysql-0,xtrabackup,18776064,load_300tps
2026-08-05T21:02:09Z,compare-am-gp-n3-4-16-i-adv-mysql-1,mysql,11755020288,load_300tps
2026-08-05T21:02:09Z,compare-am-gp-n3-4-16-i-adv-mysql-1,mysqld-exporter,16023552,load_300tps
2026-08-05T21:02:09Z,compare-am-gp-n3-4-16-i-adv-mysql-1,slow-log-tailer,6660096,load_300tps
2026-08-05T21:02:09Z,compare-am-gp-n3-4-16-i-adv-mysql-1,do-agent,-1,load_300tps
2026-08-05T21:02:09Z,compare-am-gp-n3-4-16-i-adv-mysql-1,xtrabackup,1097879552,load_300tps
2026-08-05T21:02:09Z,compare-am-gp-n3-4-16-i-adv-mysql-2,mysql,13210959872,load_300tps
2026-08-05T21:02:09Z,compare-am-gp-n3-4-16-i-adv-mysql-2,mysqld-exporter,15429632,load_300tps
2026-08-05T21:02:09Z,compare-am-gp-n3-4-16-i-adv-mysql-2,slow-log-tailer,2056192,load_300tps
2026-08-05T21:02:09Z,compare-am-gp-n3-4-16-i-adv-mysql-2,do-agent,-1,load_300tps
2026-08-05T21:02:09Z,compare-am-gp-n3-4-16-i-adv-mysql-2,xtrabackup,24350720,load_300tps
2026-08-05T21:02:43Z,compare-am-gp-n3-4-16-i-adv-mysql-0,mysql,13376368640,load_300tps
2026-08-05T21:02:43Z,compare-am-gp-n3-4-16-i-adv-mysql-0,mysqld-exporter,15912960,load_300tps
2026-08-05T21:02:43Z,compare-am-gp-n3-4-16-i-adv-mysql-0,slow-log-tailer,4411392,load_300tps
2026-08-05T21:02:43Z,compare-am-gp-n3-4-16-i-adv-mysql-0,do-agent,-1,load_300tps
2026-08-05T21:02:43Z,compare-am-gp-n3-4-16-i-adv-mysql-0,xtrabackup,18751488,load_300tps
2026-08-05T21:02:43Z,compare-am-gp-n3-4-16-i-adv-mysql-1,mysql,11758968832,load_300tps
2026-08-05T21:02:43Z,compare-am-gp-n3-4-16-i-adv-mysql-1,mysqld-exporter,16093184,load_300tps
2026-08-05T21:02:43Z,compare-am-gp-n3-4-16-i-adv-mysql-1,slow-log-tailer,6676480,load_300tps
2026-08-05T21:02:43Z,compare-am-gp-n3-4-16-i-adv-mysql-1,do-agent,-1,load_300tps
2026-08-05T21:02:43Z,compare-am-gp-n3-4-16-i-adv-mysql-1,xtrabackup,1098002432,load_300tps
2026-08-05T21:02:43Z,compare-am-gp-n3-4-16-i-adv-mysql-2,mysql,13224091648,load_300tps
2026-08-05T21:02:43Z,compare-am-gp-n3-4-16-i-adv-mysql-2,mysqld-exporter,15220736,load_300tps
2026-08-05T21:02:43Z,compare-am-gp-n3-4-16-i-adv-mysql-2,slow-log-tailer,1843200,load_300tps
2026-08-05T21:02:43Z,compare-am-gp-n3-4-16-i-adv-mysql-2,do-agent,-1,load_300tps
2026-08-05T21:02:43Z,compare-am-gp-n3-4-16-i-adv-mysql-2,xtrabackup,24272896,load_300tps
2026-08-05T21:03:16Z,compare-am-gp-n3-4-16-i-adv-mysql-0,mysql,13383442432,load_300tps
2026-08-05T21:03:16Z,compare-am-gp-n3-4-16-i-adv-mysql-0,mysqld-exporter,15872000,load_300tps
2026-08-05T21:03:16Z,compare-am-gp-n3-4-16-i-adv-mysql-0,slow-log-tailer,4653056,load_300tps
2026-08-05T21:03:16Z,compare-am-gp-n3-4-16-i-adv-mysql-0,do-agent,-1,load_300tps
2026-08-05T21:03:16Z,compare-am-gp-n3-4-16-i-adv-mysql-0,xtrabackup,18735104,load_300tps
2026-08-05T21:03:16Z,compare-am-gp-n3-4-16-i-adv-mysql-1,mysql,11681411072,load_300tps
2026-08-05T21:03:16Z,compare-am-gp-n3-4-16-i-adv-mysql-1,mysqld-exporter,16035840,load_300tps
2026-08-05T21:03:16Z,compare-am-gp-n3-4-16-i-adv-mysql-1,slow-log-tailer,6651904,load_300tps
2026-08-05T21:03:16Z,compare-am-gp-n3-4-16-i-adv-mysql-1,do-agent,-1,load_300tps
2026-08-05T21:03:16Z,compare-am-gp-n3-4-16-i-adv-mysql-1,xtrabackup,1097904128,load_300tps
2026-08-05T21:03:16Z,compare-am-gp-n3-4-16-i-adv-mysql-2,mysql,13223723008,load_300tps
2026-08-05T21:03:16Z,compare-am-gp-n3-4-16-i-adv-mysql-2,mysqld-exporter,15110144,load_300tps
2026-08-05T21:03:16Z,compare-am-gp-n3-4-16-i-adv-mysql-2,slow-log-tailer,1974272,load_300tps
2026-08-05T21:03:16Z,compare-am-gp-n3-4-16-i-adv-mysql-2,do-agent,-1,load_300tps
2026-08-05T21:03:16Z,compare-am-gp-n3-4-16-i-adv-mysql-2,xtrabackup,24436736,load_300tps
2026-08-05T21:03:50Z,compare-am-gp-n3-4-16-i-adv-mysql-0,mysql,13385412608,load_300tps
2026-08-05T21:03:50Z,compare-am-gp-n3-4-16-i-adv-mysql-0,mysqld-exporter,15810560,load_300tps
2026-08-05T21:03:50Z,compare-am-gp-n3-4-16-i-adv-mysql-0,slow-log-tailer,4960256,load_300tps
2026-08-05T21:03:50Z,compare-am-gp-n3-4-16-i-adv-mysql-0,do-agent,-1,load_300tps
2026-08-05T21:03:50Z,compare-am-gp-n3-4-16-i-adv-mysql-0,xtrabackup,18644992,load_300tps
2026-08-05T21:03:50Z,compare-am-gp-n3-4-16-i-adv-mysql-1,mysql,11804987392,load_300tps
2026-08-05T21:03:50Z,compare-am-gp-n3-4-16-i-adv-mysql-1,mysqld-exporter,15863808,load_300tps
2026-08-05T21:03:50Z,compare-am-gp-n3-4-16-i-adv-mysql-1,slow-log-tailer,6520832,load_300tps
2026-08-05T21:03:50Z,compare-am-gp-n3-4-16-i-adv-mysql-1,do-agent,-1,load_300tps
2026-08-05T21:03:50Z,compare-am-gp-n3-4-16-i-adv-mysql-1,xtrabackup,1097863168,load_300tps
2026-08-05T21:03:50Z,compare-am-gp-n3-4-16-i-adv-mysql-2,mysql,13204848640,load_300tps
2026-08-05T21:03:50Z,compare-am-gp-n3-4-16-i-adv-mysql-2,mysqld-exporter,15044608,load_300tps
2026-08-05T21:03:50Z,compare-am-gp-n3-4-16-i-adv-mysql-2,slow-log-tailer,2113536,load_300tps
2026-08-05T21:03:50Z,compare-am-gp-n3-4-16-i-adv-mysql-2,do-agent,-1,load_300tps
2026-08-05T21:03:50Z,compare-am-gp-n3-4-16-i-adv-mysql-2,xtrabackup,24567808,load_300tps
2026-08-05T21:04:24Z,compare-am-gp-n3-4-16-i-adv-mysql-0,mysql,13392408576,load_300tps
2026-08-05T21:04:24Z,compare-am-gp-n3-4-16-i-adv-mysql-0,mysqld-exporter,15826944,load_300tps
2026-08-05T21:04:24Z,compare-am-gp-n3-4-16-i-adv-mysql-0,slow-log-tailer,4771840,load_300tps
2026-08-05T21:04:24Z,compare-am-gp-n3-4-16-i-adv-mysql-0,do-agent,-1,load_300tps
2026-08-05T21:04:24Z,compare-am-gp-n3-4-16-i-adv-mysql-0,xtrabackup,18624512,load_300tps
2026-08-05T21:04:24Z,compare-am-gp-n3-4-16-i-adv-mysql-1,mysql,11716669440,load_300tps
2026-08-05T21:04:24Z,compare-am-gp-n3-4-16-i-adv-mysql-1,mysqld-exporter,15876096,load_300tps
2026-08-05T21:04:24Z,compare-am-gp-n3-4-16-i-adv-mysql-1,slow-log-tailer,6656000,load_300tps
2026-08-05T21:04:24Z,compare-am-gp-n3-4-16-i-adv-mysql-1,do-agent,-1,load_300tps
2026-08-05T21:04:24Z,compare-am-gp-n3-4-16-i-adv-mysql-1,xtrabackup,1098031104,load_300tps
2026-08-05T21:04:24Z,compare-am-gp-n3-4-16-i-adv-mysql-2,mysql,13216489472,load_300tps
2026-08-05T21:04:24Z,compare-am-gp-n3-4-16-i-adv-mysql-2,mysqld-exporter,14979072,load_300tps
2026-08-05T21:04:24Z,compare-am-gp-n3-4-16-i-adv-mysql-2,slow-log-tailer,1859584,load_300tps
2026-08-05T21:04:24Z,compare-am-gp-n3-4-16-i-adv-mysql-2,do-agent,-1,load_300tps
2026-08-05T21:04:24Z,compare-am-gp-n3-4-16-i-adv-mysql-2,xtrabackup,24375296,load_300tps
2026-08-05T21:04:57Z,compare-am-gp-n3-4-16-i-adv-mysql-0,mysql,13392453632,load_300tps
2026-08-05T21:04:57Z,compare-am-gp-n3-4-16-i-adv-mysql-0,mysqld-exporter,15798272,load_300tps
2026-08-05T21:04:57Z,compare-am-gp-n3-4-16-i-adv-mysql-0,slow-log-tailer,4775936,load_300tps
2026-08-05T21:04:57Z,compare-am-gp-n3-4-16-i-adv-mysql-0,do-agent,-1,load_300tps
2026-08-05T21:04:57Z,compare-am-gp-n3-4-16-i-adv-mysql-0,xtrabackup,18481152,load_300tps
2026-08-05T21:04:57Z,compare-am-gp-n3-4-16-i-adv-mysql-1,mysql,11838803968,load_300tps
2026-08-05T21:04:57Z,compare-am-gp-n3-4-16-i-adv-mysql-1,mysqld-exporter,15908864,load_300tps
2026-08-05T21:04:57Z,compare-am-gp-n3-4-16-i-adv-mysql-1,slow-log-tailer,6770688,load_300tps
2026-08-05T21:04:57Z,compare-am-gp-n3-4-16-i-adv-mysql-1,do-agent,-1,load_300tps
2026-08-05T21:04:57Z,compare-am-gp-n3-4-16-i-adv-mysql-1,xtrabackup,1097969664,load_300tps
2026-08-05T21:04:57Z,compare-am-gp-n3-4-16-i-adv-mysql-2,mysql,13223051264,load_300tps
2026-08-05T21:04:57Z,compare-am-gp-n3-4-16-i-adv-mysql-2,mysqld-exporter,15114240,load_300tps
2026-08-05T21:04:57Z,compare-am-gp-n3-4-16-i-adv-mysql-2,slow-log-tailer,1773568,load_300tps
2026-08-05T21:04:57Z,compare-am-gp-n3-4-16-i-adv-mysql-2,do-agent,-1,load_300tps
2026-08-05T21:04:57Z,compare-am-gp-n3-4-16-i-adv-mysql-2,xtrabackup,24420352,load_300tps
2026-08-05T21:05:31Z,compare-am-gp-n3-4-16-i-adv-mysql-0,mysql,13403131904,load_300tps
2026-08-05T21:05:31Z,compare-am-gp-n3-4-16-i-adv-mysql-0,mysqld-exporter,16392192,load_300tps
2026-08-05T21:05:31Z,compare-am-gp-n3-4-16-i-adv-mysql-0,slow-log-tailer,4767744,load_300tps
2026-08-05T21:05:31Z,compare-am-gp-n3-4-16-i-adv-mysql-0,do-agent,-1,load_300tps
2026-08-05T21:05:31Z,compare-am-gp-n3-4-16-i-adv-mysql-0,xtrabackup,18337792,load_300tps
2026-08-05T21:05:31Z,compare-am-gp-n3-4-16-i-adv-mysql-1,mysql,11731103744,load_300tps
2026-08-05T21:05:31Z,compare-am-gp-n3-4-16-i-adv-mysql-1,mysqld-exporter,15810560,load_300tps
2026-08-05T21:05:31Z,compare-am-gp-n3-4-16-i-adv-mysql-1,slow-log-tailer,6635520,load_300tps
2026-08-05T21:05:31Z,compare-am-gp-n3-4-16-i-adv-mysql-1,do-agent,-1,load_300tps
2026-08-05T21:05:31Z,compare-am-gp-n3-4-16-i-adv-mysql-1,xtrabackup,1098031104,load_300tps
2026-08-05T21:05:31Z,compare-am-gp-n3-4-16-i-adv-mysql-2,mysql,13232427008,load_300tps
2026-08-05T21:05:31Z,compare-am-gp-n3-4-16-i-adv-mysql-2,mysqld-exporter,15237120,load_300tps
2026-08-05T21:05:31Z,compare-am-gp-n3-4-16-i-adv-mysql-2,slow-log-tailer,1839104,load_300tps
2026-08-05T21:05:31Z,compare-am-gp-n3-4-16-i-adv-mysql-2,do-agent,-1,load_300tps
2026-08-05T21:05:31Z,compare-am-gp-n3-4-16-i-adv-mysql-2,xtrabackup,24387584,load_300tps
2026-08-05T21:06:06Z,compare-am-gp-n3-4-16-i-adv-mysql-0,mysql,13391728640,load_300tps
2026-08-05T21:06:06Z,compare-am-gp-n3-4-16-i-adv-mysql-0,mysqld-exporter,16363520,load_300tps
2026-08-05T21:06:06Z,compare-am-gp-n3-4-16-i-adv-mysql-0,slow-log-tailer,4751360,load_300tps
2026-08-05T21:06:06Z,compare-am-gp-n3-4-16-i-adv-mysql-0,do-agent,-1,load_300tps
2026-08-05T21:06:06Z,compare-am-gp-n3-4-16-i-adv-mysql-0,xtrabackup,18276352,load_300tps
2026-08-05T21:06:06Z,compare-am-gp-n3-4-16-i-adv-mysql-1,mysql,11761455104,load_300tps
2026-08-05T21:06:06Z,compare-am-gp-n3-4-16-i-adv-mysql-1,mysqld-exporter,15835136,load_300tps
2026-08-05T21:06:06Z,compare-am-gp-n3-4-16-i-adv-mysql-1,slow-log-tailer,6676480,load_300tps
2026-08-05T21:06:06Z,compare-am-gp-n3-4-16-i-adv-mysql-1,do-agent,-1,load_300tps
2026-08-05T21:06:06Z,compare-am-gp-n3-4-16-i-adv-mysql-1,xtrabackup,1098055680,load_300tps
2026-08-05T21:06:06Z,compare-am-gp-n3-4-16-i-adv-mysql-2,mysql,13211389952,load_300tps
2026-08-05T21:06:06Z,compare-am-gp-n3-4-16-i-adv-mysql-2,mysqld-exporter,15421440,load_300tps
2026-08-05T21:06:06Z,compare-am-gp-n3-4-16-i-adv-mysql-2,slow-log-tailer,1880064,load_300tps
2026-08-05T21:06:06Z,compare-am-gp-n3-4-16-i-adv-mysql-2,do-agent,-1,load_300tps
2026-08-05T21:06:06Z,compare-am-gp-n3-4-16-i-adv-mysql-2,xtrabackup,24399872,load_300tps
2026-08-05T21:06:40Z,compare-am-gp-n3-4-16-i-adv-mysql-0,mysql,13343772672,load_300tps
2026-08-05T21:06:40Z,compare-am-gp-n3-4-16-i-adv-mysql-0,mysqld-exporter,16445440,load_300tps
2026-08-05T21:06:40Z,compare-am-gp-n3-4-16-i-adv-mysql-0,slow-log-tailer,4820992,load_300tps
2026-08-05T21:06:40Z,compare-am-gp-n3-4-16-i-adv-mysql-0,do-agent,-1,load_300tps
2026-08-05T21:06:40Z,compare-am-gp-n3-4-16-i-adv-mysql-0,xtrabackup,18374656,load_300tps
2026-08-05T21:06:40Z,compare-am-gp-n3-4-16-i-adv-mysql-1,mysql,11763515392,load_300tps
2026-08-05T21:06:40Z,compare-am-gp-n3-4-16-i-adv-mysql-1,mysqld-exporter,15835136,load_300tps
2026-08-05T21:06:40Z,compare-am-gp-n3-4-16-i-adv-mysql-1,slow-log-tailer,6680576,load_300tps
2026-08-05T21:06:40Z,compare-am-gp-n3-4-16-i-adv-mysql-1,do-agent,-1,load_300tps
2026-08-05T21:06:40Z,compare-am-gp-n3-4-16-i-adv-mysql-1,xtrabackup,1097854976,load_300tps
2026-08-05T21:06:40Z,compare-am-gp-n3-4-16-i-adv-mysql-2,mysql,13220065280,load_300tps
2026-08-05T21:06:40Z,compare-am-gp-n3-4-16-i-adv-mysql-2,mysqld-exporter,15613952,load_300tps
2026-08-05T21:06:40Z,compare-am-gp-n3-4-16-i-adv-mysql-2,slow-log-tailer,2191360,load_300tps
2026-08-05T21:06:40Z,compare-am-gp-n3-4-16-i-adv-mysql-2,do-agent,-1,load_300tps
2026-08-05T21:06:40Z,compare-am-gp-n3-4-16-i-adv-mysql-2,xtrabackup,24395776,load_300tps
2026-08-05T21:07:13Z,compare-am-gp-n3-4-16-i-adv-mysql-0,mysql,13364977664,load_300tps
2026-08-05T21:07:13Z,compare-am-gp-n3-4-16-i-adv-mysql-0,mysqld-exporter,15814656,load_300tps
2026-08-05T21:07:13Z,compare-am-gp-n3-4-16-i-adv-mysql-0,slow-log-tailer,5181440,load_300tps
2026-08-05T21:07:13Z,compare-am-gp-n3-4-16-i-adv-mysql-0,do-agent,-1,load_300tps
2026-08-05T21:07:13Z,compare-am-gp-n3-4-16-i-adv-mysql-0,xtrabackup,18452480,load_300tps
2026-08-05T21:07:13Z,compare-am-gp-n3-4-16-i-adv-mysql-1,mysql,11664363520,load_300tps
2026-08-05T21:07:13Z,compare-am-gp-n3-4-16-i-adv-mysql-1,mysqld-exporter,15872000,load_300tps
2026-08-05T21:07:13Z,compare-am-gp-n3-4-16-i-adv-mysql-1,slow-log-tailer,6455296,load_300tps
2026-08-05T21:07:13Z,compare-am-gp-n3-4-16-i-adv-mysql-1,do-agent,-1,load_300tps
2026-08-05T21:07:13Z,compare-am-gp-n3-4-16-i-adv-mysql-1,xtrabackup,1098153984,load_300tps
2026-08-05T21:07:13Z,compare-am-gp-n3-4-16-i-adv-mysql-2,mysql,13211062272,load_300tps
2026-08-05T21:07:13Z,compare-am-gp-n3-4-16-i-adv-mysql-2,mysqld-exporter,15409152,load_300tps
2026-08-05T21:07:13Z,compare-am-gp-n3-4-16-i-adv-mysql-2,slow-log-tailer,1781760,load_300tps
2026-08-05T21:07:13Z,compare-am-gp-n3-4-16-i-adv-mysql-2,do-agent,-1,load_300tps
2026-08-05T21:07:13Z,compare-am-gp-n3-4-16-i-adv-mysql-2,xtrabackup,24395776,load_300tps
2026-08-05T21:07:47Z,compare-am-gp-n3-4-16-i-adv-mysql-0,mysql,13394272256,load_300tps
2026-08-05T21:07:47Z,compare-am-gp-n3-4-16-i-adv-mysql-0,mysqld-exporter,15900672,load_300tps
2026-08-05T21:07:47Z,compare-am-gp-n3-4-16-i-adv-mysql-0,slow-log-tailer,5283840,load_300tps
2026-08-05T21:07:47Z,compare-am-gp-n3-4-16-i-adv-mysql-0,do-agent,-1,load_300tps
2026-08-05T21:07:47Z,compare-am-gp-n3-4-16-i-adv-mysql-0,xtrabackup,18341888,load_300tps
2026-08-05T21:07:47Z,compare-am-gp-n3-4-16-i-adv-mysql-1,mysql,11490988032,load_300tps
2026-08-05T21:07:47Z,compare-am-gp-n3-4-16-i-adv-mysql-1,mysqld-exporter,15646720,load_300tps
2026-08-05T21:07:47Z,compare-am-gp-n3-4-16-i-adv-mysql-1,slow-log-tailer,6529024,load_300tps
2026-08-05T21:07:47Z,compare-am-gp-n3-4-16-i-adv-mysql-1,do-agent,-1,load_300tps
2026-08-05T21:07:47Z,compare-am-gp-n3-4-16-i-adv-mysql-1,xtrabackup,1098153984,load_300tps
2026-08-05T21:07:47Z,compare-am-gp-n3-4-16-i-adv-mysql-2,mysql,13181865984,load_300tps
2026-08-05T21:07:47Z,compare-am-gp-n3-4-16-i-adv-mysql-2,mysqld-exporter,15753216,load_300tps
2026-08-05T21:07:47Z,compare-am-gp-n3-4-16-i-adv-mysql-2,slow-log-tailer,1912832,load_300tps
2026-08-05T21:07:47Z,compare-am-gp-n3-4-16-i-adv-mysql-2,do-agent,-1,load_300tps
2026-08-05T21:07:47Z,compare-am-gp-n3-4-16-i-adv-mysql-2,xtrabackup,24584192,load_300tps
2026-08-05T21:08:22Z,compare-am-gp-n3-4-16-i-adv-mysql-0,mysql,13360893952,load_300tps
2026-08-05T21:08:22Z,compare-am-gp-n3-4-16-i-adv-mysql-0,mysqld-exporter,15912960,load_300tps
2026-08-05T21:08:22Z,compare-am-gp-n3-4-16-i-adv-mysql-0,slow-log-tailer,5312512,load_300tps
2026-08-05T21:08:22Z,compare-am-gp-n3-4-16-i-adv-mysql-0,do-agent,-1,load_300tps
2026-08-05T21:08:22Z,compare-am-gp-n3-4-16-i-adv-mysql-0,xtrabackup,18485248,load_300tps
2026-08-05T21:08:22Z,compare-am-gp-n3-4-16-i-adv-mysql-1,mysql,11726163968,load_300tps
2026-08-05T21:08:22Z,compare-am-gp-n3-4-16-i-adv-mysql-1,mysqld-exporter,15765504,load_300tps
2026-08-05T21:08:22Z,compare-am-gp-n3-4-16-i-adv-mysql-1,slow-log-tailer,6565888,load_300tps
2026-08-05T21:08:22Z,compare-am-gp-n3-4-16-i-adv-mysql-1,do-agent,-1,load_300tps
2026-08-05T21:08:22Z,compare-am-gp-n3-4-16-i-adv-mysql-1,xtrabackup,1098088448,load_300tps
2026-08-05T21:08:22Z,compare-am-gp-n3-4-16-i-adv-mysql-2,mysql,13206429696,load_300tps
2026-08-05T21:08:22Z,compare-am-gp-n3-4-16-i-adv-mysql-2,mysqld-exporter,15446016,load_300tps
2026-08-05T21:08:22Z,compare-am-gp-n3-4-16-i-adv-mysql-2,slow-log-tailer,2027520,load_300tps
2026-08-05T21:08:22Z,compare-am-gp-n3-4-16-i-adv-mysql-2,do-agent,-1,load_300tps
2026-08-05T21:08:22Z,compare-am-gp-n3-4-16-i-adv-mysql-2,xtrabackup,24535040,load_300tps
2026-08-05T21:08:55Z,compare-am-gp-n3-4-16-i-adv-mysql-0,mysql,13384269824,load_300tps
2026-08-05T21:08:55Z,compare-am-gp-n3-4-16-i-adv-mysql-0,mysqld-exporter,15757312,load_300tps
2026-08-05T21:08:55Z,compare-am-gp-n3-4-16-i-adv-mysql-0,slow-log-tailer,5128192,load_300tps
2026-08-05T21:08:55Z,compare-am-gp-n3-4-16-i-adv-mysql-0,do-agent,-1,load_300tps
2026-08-05T21:08:55Z,compare-am-gp-n3-4-16-i-adv-mysql-0,xtrabackup,18415616,load_300tps
2026-08-05T21:08:55Z,compare-am-gp-n3-4-16-i-adv-mysql-1,mysql,11809742848,load_300tps
2026-08-05T21:08:55Z,compare-am-gp-n3-4-16-i-adv-mysql-1,mysqld-exporter,15904768,load_300tps
2026-08-05T21:08:55Z,compare-am-gp-n3-4-16-i-adv-mysql-1,slow-log-tailer,6574080,load_300tps
2026-08-05T21:08:55Z,compare-am-gp-n3-4-16-i-adv-mysql-1,do-agent,-1,load_300tps
2026-08-05T21:08:55Z,compare-am-gp-n3-4-16-i-adv-mysql-1,xtrabackup,1098059776,load_300tps
2026-08-05T21:08:55Z,compare-am-gp-n3-4-16-i-adv-mysql-2,mysql,13200285696,load_300tps
2026-08-05T21:08:55Z,compare-am-gp-n3-4-16-i-adv-mysql-2,mysqld-exporter,15187968,load_300tps
2026-08-05T21:08:55Z,compare-am-gp-n3-4-16-i-adv-mysql-2,slow-log-tailer,2068480,load_300tps
2026-08-05T21:08:55Z,compare-am-gp-n3-4-16-i-adv-mysql-2,do-agent,-1,load_300tps
2026-08-05T21:08:55Z,compare-am-gp-n3-4-16-i-adv-mysql-2,xtrabackup,24186880,load_300tps
2026-08-05T21:09:28Z,compare-am-gp-n3-4-16-i-adv-mysql-0,mysql,13392826368,load_300tps
2026-08-05T21:09:28Z,compare-am-gp-n3-4-16-i-adv-mysql-0,mysqld-exporter,16318464,load_300tps
2026-08-05T21:09:28Z,compare-am-gp-n3-4-16-i-adv-mysql-0,slow-log-tailer,5349376,load_300tps
2026-08-05T21:09:28Z,compare-am-gp-n3-4-16-i-adv-mysql-0,do-agent,-1,load_300tps
2026-08-05T21:09:28Z,compare-am-gp-n3-4-16-i-adv-mysql-0,xtrabackup,18198528,load_300tps
2026-08-05T21:09:28Z,compare-am-gp-n3-4-16-i-adv-mysql-1,mysql,11739320320,load_300tps
2026-08-05T21:09:28Z,compare-am-gp-n3-4-16-i-adv-mysql-1,mysqld-exporter,15380480,load_300tps
2026-08-05T21:09:28Z,compare-am-gp-n3-4-16-i-adv-mysql-1,slow-log-tailer,6520832,load_300tps
2026-08-05T21:09:28Z,compare-am-gp-n3-4-16-i-adv-mysql-1,do-agent,-1,load_300tps
2026-08-05T21:09:28Z,compare-am-gp-n3-4-16-i-adv-mysql-1,xtrabackup,1098113024,load_300tps
2026-08-05T21:09:28Z,compare-am-gp-n3-4-16-i-adv-mysql-2,mysql,13189599232,load_300tps
2026-08-05T21:09:28Z,compare-am-gp-n3-4-16-i-adv-mysql-2,mysqld-exporter,15720448,load_300tps
2026-08-05T21:09:28Z,compare-am-gp-n3-4-16-i-adv-mysql-2,slow-log-tailer,2056192,load_300tps
2026-08-05T21:09:28Z,compare-am-gp-n3-4-16-i-adv-mysql-2,do-agent,-1,load_300tps
2026-08-05T21:09:28Z,compare-am-gp-n3-4-16-i-adv-mysql-2,xtrabackup,24289280,load_300tps
2026-08-05T21:10:02Z,compare-am-gp-n3-4-16-i-adv-mysql-0,mysql,13399277568,load_300tps
2026-08-05T21:10:02Z,compare-am-gp-n3-4-16-i-adv-mysql-0,mysqld-exporter,16285696,load_300tps
2026-08-05T21:10:02Z,compare-am-gp-n3-4-16-i-adv-mysql-0,slow-log-tailer,5345280,load_300tps
2026-08-05T21:10:02Z,compare-am-gp-n3-4-16-i-adv-mysql-0,do-agent,-1,load_300tps
2026-08-05T21:10:02Z,compare-am-gp-n3-4-16-i-adv-mysql-0,xtrabackup,18370560,load_300tps
2026-08-05T21:10:02Z,compare-am-gp-n3-4-16-i-adv-mysql-1,mysql,11807399936,load_300tps
2026-08-05T21:10:02Z,compare-am-gp-n3-4-16-i-adv-mysql-1,mysqld-exporter,15310848,load_300tps
2026-08-05T21:10:02Z,compare-am-gp-n3-4-16-i-adv-mysql-1,slow-log-tailer,6541312,load_300tps
2026-08-05T21:10:02Z,compare-am-gp-n3-4-16-i-adv-mysql-1,do-agent,-1,load_300tps
2026-08-05T21:10:02Z,compare-am-gp-n3-4-16-i-adv-mysql-1,xtrabackup,1097826304,load_300tps
2026-08-05T21:10:02Z,compare-am-gp-n3-4-16-i-adv-mysql-2,mysql,13198401536,load_300tps
2026-08-05T21:10:02Z,compare-am-gp-n3-4-16-i-adv-mysql-2,mysqld-exporter,15634432,load_300tps
2026-08-05T21:10:02Z,compare-am-gp-n3-4-16-i-adv-mysql-2,slow-log-tailer,1789952,load_300tps
2026-08-05T21:10:02Z,compare-am-gp-n3-4-16-i-adv-mysql-2,do-agent,-1,load_300tps
2026-08-05T21:10:02Z,compare-am-gp-n3-4-16-i-adv-mysql-2,xtrabackup,24395776,load_300tps
2026-08-05T21:10:35Z,compare-am-gp-n3-4-16-i-adv-mysql-0,mysql,13395865600,load_300tps
2026-08-05T21:10:35Z,compare-am-gp-n3-4-16-i-adv-mysql-0,mysqld-exporter,16183296,load_300tps
2026-08-05T21:10:35Z,compare-am-gp-n3-4-16-i-adv-mysql-0,slow-log-tailer,5550080,load_300tps
2026-08-05T21:10:35Z,compare-am-gp-n3-4-16-i-adv-mysql-0,do-agent,-1,load_300tps
2026-08-05T21:10:35Z,compare-am-gp-n3-4-16-i-adv-mysql-0,xtrabackup,18472960,load_300tps
2026-08-05T21:10:35Z,compare-am-gp-n3-4-16-i-adv-mysql-1,mysql,11709181952,load_300tps
2026-08-05T21:10:35Z,compare-am-gp-n3-4-16-i-adv-mysql-1,mysqld-exporter,15368192,load_300tps
2026-08-05T21:10:35Z,compare-am-gp-n3-4-16-i-adv-mysql-1,slow-log-tailer,6610944,load_300tps
2026-08-05T21:10:35Z,compare-am-gp-n3-4-16-i-adv-mysql-1,do-agent,-1,load_300tps
2026-08-05T21:10:35Z,compare-am-gp-n3-4-16-i-adv-mysql-1,xtrabackup,1097854976,load_300tps
2026-08-05T21:10:35Z,compare-am-gp-n3-4-16-i-adv-mysql-2,mysql,13221380096,load_300tps
2026-08-05T21:10:35Z,compare-am-gp-n3-4-16-i-adv-mysql-2,mysqld-exporter,15826944,load_300tps
2026-08-05T21:10:35Z,compare-am-gp-n3-4-16-i-adv-mysql-2,slow-log-tailer,1859584,load_300tps
2026-08-05T21:10:35Z,compare-am-gp-n3-4-16-i-adv-mysql-2,do-agent,-1,load_300tps
2026-08-05T21:10:35Z,compare-am-gp-n3-4-16-i-adv-mysql-2,xtrabackup,24465408,load_300tps
2026-08-05T21:11:09Z,compare-am-gp-n3-4-16-i-adv-mysql-0,mysql,13394051072,load_300tps
2026-08-05T21:11:09Z,compare-am-gp-n3-4-16-i-adv-mysql-0,mysqld-exporter,16211968,load_300tps
2026-08-05T21:11:09Z,compare-am-gp-n3-4-16-i-adv-mysql-0,slow-log-tailer,5545984,load_300tps
2026-08-05T21:11:09Z,compare-am-gp-n3-4-16-i-adv-mysql-0,do-agent,-1,load_300tps
2026-08-05T21:11:09Z,compare-am-gp-n3-4-16-i-adv-mysql-0,xtrabackup,18751488,load_300tps
2026-08-05T21:11:09Z,compare-am-gp-n3-4-16-i-adv-mysql-1,mysql,11740663808,load_300tps
2026-08-05T21:11:09Z,compare-am-gp-n3-4-16-i-adv-mysql-1,mysqld-exporter,15122432,load_300tps
2026-08-05T21:11:09Z,compare-am-gp-n3-4-16-i-adv-mysql-1,slow-log-tailer,6651904,load_300tps
2026-08-05T21:11:09Z,compare-am-gp-n3-4-16-i-adv-mysql-1,do-agent,-1,load_300tps
2026-08-05T21:11:09Z,compare-am-gp-n3-4-16-i-adv-mysql-1,xtrabackup,1098047488,load_300tps
2026-08-05T21:11:09Z,compare-am-gp-n3-4-16-i-adv-mysql-2,mysql,13205356544,load_300tps
2026-08-05T21:11:09Z,compare-am-gp-n3-4-16-i-adv-mysql-2,mysqld-exporter,15491072,load_300tps
2026-08-05T21:11:09Z,compare-am-gp-n3-4-16-i-adv-mysql-2,slow-log-tailer,1769472,load_300tps
2026-08-05T21:11:09Z,compare-am-gp-n3-4-16-i-adv-mysql-2,do-agent,-1,load_300tps
2026-08-05T21:11:09Z,compare-am-gp-n3-4-16-i-adv-mysql-2,xtrabackup,24305664,load_300tps
2026-08-05T21:11:43Z,compare-am-gp-n3-4-16-i-adv-mysql-0,mysql,13349994496,load_300tps
2026-08-05T21:11:43Z,compare-am-gp-n3-4-16-i-adv-mysql-0,mysqld-exporter,16506880,load_300tps
2026-08-05T21:11:43Z,compare-am-gp-n3-4-16-i-adv-mysql-0,slow-log-tailer,5812224,load_300tps
2026-08-05T21:11:43Z,compare-am-gp-n3-4-16-i-adv-mysql-0,do-agent,-1,load_300tps
2026-08-05T21:11:43Z,compare-am-gp-n3-4-16-i-adv-mysql-0,xtrabackup,18673664,load_300tps
2026-08-05T21:11:43Z,compare-am-gp-n3-4-16-i-adv-mysql-1,mysql,11735781376,load_300tps
2026-08-05T21:11:43Z,compare-am-gp-n3-4-16-i-adv-mysql-1,mysqld-exporter,15187968,load_300tps
2026-08-05T21:11:43Z,compare-am-gp-n3-4-16-i-adv-mysql-1,slow-log-tailer,6664192,load_300tps
2026-08-05T21:11:43Z,compare-am-gp-n3-4-16-i-adv-mysql-1,do-agent,-1,load_300tps
2026-08-05T21:11:43Z,compare-am-gp-n3-4-16-i-adv-mysql-1,xtrabackup,1097994240,load_300tps
2026-08-05T21:11:43Z,compare-am-gp-n3-4-16-i-adv-mysql-2,mysql,13208473600,load_300tps
2026-08-05T21:11:43Z,compare-am-gp-n3-4-16-i-adv-mysql-2,mysqld-exporter,15183872,load_300tps
2026-08-05T21:11:43Z,compare-am-gp-n3-4-16-i-adv-mysql-2,slow-log-tailer,1925120,load_300tps
2026-08-05T21:11:43Z,compare-am-gp-n3-4-16-i-adv-mysql-2,do-agent,-1,load_300tps
2026-08-05T21:11:43Z,compare-am-gp-n3-4-16-i-adv-mysql-2,xtrabackup,24186880,load_300tps
2026-08-05T21:12:16Z,compare-am-gp-n3-4-16-i-adv-mysql-0,mysql,13355876352,load_300tps
2026-08-05T21:12:16Z,compare-am-gp-n3-4-16-i-adv-mysql-0,mysqld-exporter,16216064,load_300tps
2026-08-05T21:12:16Z,compare-am-gp-n3-4-16-i-adv-mysql-0,slow-log-tailer,5857280,load_300tps
2026-08-05T21:12:16Z,compare-am-gp-n3-4-16-i-adv-mysql-0,do-agent,-1,load_300tps
2026-08-05T21:12:16Z,compare-am-gp-n3-4-16-i-adv-mysql-0,xtrabackup,18464768,load_300tps
2026-08-05T21:12:16Z,compare-am-gp-n3-4-16-i-adv-mysql-1,mysql,11669209088,load_300tps
2026-08-05T21:12:16Z,compare-am-gp-n3-4-16-i-adv-mysql-1,mysqld-exporter,15024128,load_300tps
2026-08-05T21:12:16Z,compare-am-gp-n3-4-16-i-adv-mysql-1,slow-log-tailer,6479872,load_300tps
2026-08-05T21:12:16Z,compare-am-gp-n3-4-16-i-adv-mysql-1,do-agent,-1,load_300tps
2026-08-05T21:12:16Z,compare-am-gp-n3-4-16-i-adv-mysql-1,xtrabackup,1098043392,load_300tps
2026-08-05T21:12:16Z,compare-am-gp-n3-4-16-i-adv-mysql-2,mysql,13198802944,load_300tps
2026-08-05T21:12:16Z,compare-am-gp-n3-4-16-i-adv-mysql-2,mysqld-exporter,15503360,load_300tps
2026-08-05T21:12:16Z,compare-am-gp-n3-4-16-i-adv-mysql-2,slow-log-tailer,1789952,load_300tps
2026-08-05T21:12:16Z,compare-am-gp-n3-4-16-i-adv-mysql-2,do-agent,-1,load_300tps
2026-08-05T21:12:16Z,compare-am-gp-n3-4-16-i-adv-mysql-2,xtrabackup,24416256,load_300tps
2026-08-05T21:12:50Z,compare-am-gp-n3-4-16-i-adv-mysql-0,mysql,13377335296,load_300tps
2026-08-05T21:12:50Z,compare-am-gp-n3-4-16-i-adv-mysql-0,mysqld-exporter,16220160,load_300tps
2026-08-05T21:12:50Z,compare-am-gp-n3-4-16-i-adv-mysql-0,slow-log-tailer,6135808,load_300tps
2026-08-05T21:12:50Z,compare-am-gp-n3-4-16-i-adv-mysql-0,do-agent,-1,load_300tps
2026-08-05T21:12:50Z,compare-am-gp-n3-4-16-i-adv-mysql-0,xtrabackup,18722816,load_300tps
2026-08-05T21:12:50Z,compare-am-gp-n3-4-16-i-adv-mysql-1,mysql,11763085312,load_300tps
2026-08-05T21:12:50Z,compare-am-gp-n3-4-16-i-adv-mysql-1,mysqld-exporter,15220736,load_300tps
2026-08-05T21:12:50Z,compare-am-gp-n3-4-16-i-adv-mysql-1,slow-log-tailer,6684672,load_300tps
2026-08-05T21:12:50Z,compare-am-gp-n3-4-16-i-adv-mysql-1,do-agent,-1,load_300tps
2026-08-05T21:12:50Z,compare-am-gp-n3-4-16-i-adv-mysql-1,xtrabackup,1098174464,load_300tps
2026-08-05T21:12:50Z,compare-am-gp-n3-4-16-i-adv-mysql-2,mysql,13176352768,load_300tps
2026-08-05T21:12:50Z,compare-am-gp-n3-4-16-i-adv-mysql-2,mysqld-exporter,15433728,load_300tps
2026-08-05T21:12:50Z,compare-am-gp-n3-4-16-i-adv-mysql-2,slow-log-tailer,2019328,load_300tps
2026-08-05T21:12:50Z,compare-am-gp-n3-4-16-i-adv-mysql-2,do-agent,-1,load_300tps
2026-08-05T21:12:50Z,compare-am-gp-n3-4-16-i-adv-mysql-2,xtrabackup,24596480,load_300tps
2026-08-05T21:13:25Z,compare-am-gp-n3-4-16-i-adv-mysql-0,mysql,13376270336,load_300tps
2026-08-05T21:13:25Z,compare-am-gp-n3-4-16-i-adv-mysql-0,mysqld-exporter,15732736,load_300tps
2026-08-05T21:13:25Z,compare-am-gp-n3-4-16-i-adv-mysql-0,slow-log-tailer,5689344,load_300tps
2026-08-05T21:13:25Z,compare-am-gp-n3-4-16-i-adv-mysql-0,do-agent,-1,load_300tps
2026-08-05T21:13:25Z,compare-am-gp-n3-4-16-i-adv-mysql-0,xtrabackup,18825216,load_300tps
2026-08-05T21:13:25Z,compare-am-gp-n3-4-16-i-adv-mysql-1,mysql,11690848256,load_300tps
2026-08-05T21:13:25Z,compare-am-gp-n3-4-16-i-adv-mysql-1,mysqld-exporter,15495168,load_300tps
2026-08-05T21:13:25Z,compare-am-gp-n3-4-16-i-adv-mysql-1,slow-log-tailer,6438912,load_300tps
2026-08-05T21:13:25Z,compare-am-gp-n3-4-16-i-adv-mysql-1,do-agent,-1,load_300tps
2026-08-05T21:13:25Z,compare-am-gp-n3-4-16-i-adv-mysql-1,xtrabackup,1098424320,load_300tps
2026-08-05T21:13:25Z,compare-am-gp-n3-4-16-i-adv-mysql-2,mysql,13194739712,load_300tps
2026-08-05T21:13:25Z,compare-am-gp-n3-4-16-i-adv-mysql-2,mysqld-exporter,15347712,load_300tps
2026-08-05T21:13:25Z,compare-am-gp-n3-4-16-i-adv-mysql-2,slow-log-tailer,1982464,load_300tps
2026-08-05T21:13:25Z,compare-am-gp-n3-4-16-i-adv-mysql-2,do-agent,-1,load_300tps
2026-08-05T21:13:25Z,compare-am-gp-n3-4-16-i-adv-mysql-2,xtrabackup,24391680,load_300tps
2026-08-05T21:13:59Z,compare-am-gp-n3-4-16-i-adv-mysql-0,mysql,13333090304,load_300tps
2026-08-05T21:13:59Z,compare-am-gp-n3-4-16-i-adv-mysql-0,mysqld-exporter,15790080,load_300tps
2026-08-05T21:13:59Z,compare-am-gp-n3-4-16-i-adv-mysql-0,slow-log-tailer,6283264,load_300tps
2026-08-05T21:13:59Z,compare-am-gp-n3-4-16-i-adv-mysql-0,do-agent,-1,load_300tps
2026-08-05T21:13:59Z,compare-am-gp-n3-4-16-i-adv-mysql-0,xtrabackup,18857984,load_300tps
2026-08-05T21:13:59Z,compare-am-gp-n3-4-16-i-adv-mysql-1,mysql,11796127744,load_300tps
2026-08-05T21:13:59Z,compare-am-gp-n3-4-16-i-adv-mysql-1,mysqld-exporter,15450112,load_300tps
2026-08-05T21:13:59Z,compare-am-gp-n3-4-16-i-adv-mysql-1,slow-log-tailer,6672384,load_300tps
2026-08-05T21:13:59Z,compare-am-gp-n3-4-16-i-adv-mysql-1,do-agent,-1,load_300tps
2026-08-05T21:13:59Z,compare-am-gp-n3-4-16-i-adv-mysql-1,xtrabackup,1099423744,load_300tps
2026-08-05T21:13:59Z,compare-am-gp-n3-4-16-i-adv-mysql-2,mysql,13212958720,load_300tps
2026-08-05T21:13:59Z,compare-am-gp-n3-4-16-i-adv-mysql-2,mysqld-exporter,15560704,load_300tps
2026-08-05T21:13:59Z,compare-am-gp-n3-4-16-i-adv-mysql-2,slow-log-tailer,1966080,load_300tps
2026-08-05T21:13:59Z,compare-am-gp-n3-4-16-i-adv-mysql-2,do-agent,-1,load_300tps
2026-08-05T21:13:59Z,compare-am-gp-n3-4-16-i-adv-mysql-2,xtrabackup,24670208,load_300tps
2026-08-05T21:14:34Z,compare-am-gp-n3-4-16-i-adv-mysql-0,mysql,13356728320,load_300tps
2026-08-05T21:14:34Z,compare-am-gp-n3-4-16-i-adv-mysql-0,mysqld-exporter,15810560,load_300tps
2026-08-05T21:14:34Z,compare-am-gp-n3-4-16-i-adv-mysql-0,slow-log-tailer,6307840,load_300tps
2026-08-05T21:14:34Z,compare-am-gp-n3-4-16-i-adv-mysql-0,do-agent,-1,load_300tps
2026-08-05T21:14:34Z,compare-am-gp-n3-4-16-i-adv-mysql-0,xtrabackup,18800640,load_300tps
2026-08-05T21:14:34Z,compare-am-gp-n3-4-16-i-adv-mysql-1,mysql,11740950528,load_300tps
2026-08-05T21:14:34Z,compare-am-gp-n3-4-16-i-adv-mysql-1,mysqld-exporter,15392768,load_300tps
2026-08-05T21:14:34Z,compare-am-gp-n3-4-16-i-adv-mysql-1,slow-log-tailer,6852608,load_300tps
2026-08-05T21:14:34Z,compare-am-gp-n3-4-16-i-adv-mysql-1,do-agent,-1,load_300tps
2026-08-05T21:14:34Z,compare-am-gp-n3-4-16-i-adv-mysql-1,xtrabackup,1100476416,load_300tps
2026-08-05T21:14:34Z,compare-am-gp-n3-4-16-i-adv-mysql-2,mysql,13197991936,load_300tps
2026-08-05T21:14:34Z,compare-am-gp-n3-4-16-i-adv-mysql-2,mysqld-exporter,15638528,load_300tps
2026-08-05T21:14:34Z,compare-am-gp-n3-4-16-i-adv-mysql-2,slow-log-tailer,1929216,load_300tps
2026-08-05T21:14:34Z,compare-am-gp-n3-4-16-i-adv-mysql-2,do-agent,-1,load_300tps
2026-08-05T21:14:34Z,compare-am-gp-n3-4-16-i-adv-mysql-2,xtrabackup,24440832,load_300tps
2026-08-05T21:15:07Z,compare-am-gp-n3-4-16-i-adv-mysql-0,mysql,13354483712,load_300tps
2026-08-05T21:15:07Z,compare-am-gp-n3-4-16-i-adv-mysql-0,mysqld-exporter,15794176,load_300tps
2026-08-05T21:15:07Z,compare-am-gp-n3-4-16-i-adv-mysql-0,slow-log-tailer,6438912,load_300tps
2026-08-05T21:15:07Z,compare-am-gp-n3-4-16-i-adv-mysql-0,do-agent,-1,load_300tps
2026-08-05T21:15:07Z,compare-am-gp-n3-4-16-i-adv-mysql-0,xtrabackup,18968576,load_300tps
2026-08-05T21:15:07Z,compare-am-gp-n3-4-16-i-adv-mysql-1,mysql,11762855936,load_300tps
2026-08-05T21:15:07Z,compare-am-gp-n3-4-16-i-adv-mysql-1,mysqld-exporter,16232448,load_300tps
2026-08-05T21:15:07Z,compare-am-gp-n3-4-16-i-adv-mysql-1,slow-log-tailer,6692864,load_300tps
2026-08-05T21:15:07Z,compare-am-gp-n3-4-16-i-adv-mysql-1,do-agent,-1,load_300tps
2026-08-05T21:15:07Z,compare-am-gp-n3-4-16-i-adv-mysql-1,xtrabackup,1101189120,load_300tps
2026-08-05T21:15:07Z,compare-am-gp-n3-4-16-i-adv-mysql-2,mysql,13173661696,load_300tps
2026-08-05T21:15:07Z,compare-am-gp-n3-4-16-i-adv-mysql-2,mysqld-exporter,15454208,load_300tps
2026-08-05T21:15:07Z,compare-am-gp-n3-4-16-i-adv-mysql-2,slow-log-tailer,1830912,load_300tps
2026-08-05T21:15:07Z,compare-am-gp-n3-4-16-i-adv-mysql-2,do-agent,-1,load_300tps
2026-08-05T21:15:07Z,compare-am-gp-n3-4-16-i-adv-mysql-2,xtrabackup,24199168,load_300tps
2026-08-05T21:15:41Z,compare-am-gp-n3-4-16-i-adv-mysql-0,mysql,13355507712,load_300tps
2026-08-05T21:15:41Z,compare-am-gp-n3-4-16-i-adv-mysql-0,mysqld-exporter,15818752,load_300tps
2026-08-05T21:15:41Z,compare-am-gp-n3-4-16-i-adv-mysql-0,slow-log-tailer,5947392,load_300tps
2026-08-05T21:15:41Z,compare-am-gp-n3-4-16-i-adv-mysql-0,do-agent,-1,load_300tps
2026-08-05T21:15:41Z,compare-am-gp-n3-4-16-i-adv-mysql-0,xtrabackup,18886656,load_300tps
2026-08-05T21:15:41Z,compare-am-gp-n3-4-16-i-adv-mysql-1,mysql,11687694336,load_300tps
2026-08-05T21:15:41Z,compare-am-gp-n3-4-16-i-adv-mysql-1,mysqld-exporter,15925248,load_300tps
2026-08-05T21:15:41Z,compare-am-gp-n3-4-16-i-adv-mysql-1,slow-log-tailer,6688768,load_300tps
2026-08-05T21:15:41Z,compare-am-gp-n3-4-16-i-adv-mysql-1,do-agent,-1,load_300tps
2026-08-05T21:15:41Z,compare-am-gp-n3-4-16-i-adv-mysql-1,xtrabackup,1102307328,load_300tps
2026-08-05T21:15:41Z,compare-am-gp-n3-4-16-i-adv-mysql-2,mysql,13187284992,load_300tps
2026-08-05T21:15:41Z,compare-am-gp-n3-4-16-i-adv-mysql-2,mysqld-exporter,15605760,load_300tps
2026-08-05T21:15:41Z,compare-am-gp-n3-4-16-i-adv-mysql-2,slow-log-tailer,2207744,load_300tps
2026-08-05T21:15:41Z,compare-am-gp-n3-4-16-i-adv-mysql-2,do-agent,-1,load_300tps
2026-08-05T21:15:41Z,compare-am-gp-n3-4-16-i-adv-mysql-2,xtrabackup,24313856,load_300tps
