timestamp,pod,container,memory_bytes,phase
2026-08-05T21:16:11Z,compare-am-gp-n3-4-16-i-adv-mysql-0,mysql,13352427520,baseline
2026-08-05T21:16:11Z,compare-am-gp-n3-4-16-i-adv-mysql-0,mysqld-exporter,15818752,baseline
2026-08-05T21:16:11Z,compare-am-gp-n3-4-16-i-adv-mysql-0,slow-log-tailer,6860800,baseline
2026-08-05T21:16:11Z,compare-am-gp-n3-4-16-i-adv-mysql-0,do-agent,-1,baseline
2026-08-05T21:16:11Z,compare-am-gp-n3-4-16-i-adv-mysql-0,xtrabackup,18771968,baseline
2026-08-05T21:16:11Z,compare-am-gp-n3-4-16-i-adv-mysql-1,mysql,11621425152,baseline
2026-08-05T21:16:11Z,compare-am-gp-n3-4-16-i-adv-mysql-1,mysqld-exporter,15892480,baseline
2026-08-05T21:16:11Z,compare-am-gp-n3-4-16-i-adv-mysql-1,slow-log-tailer,6639616,baseline
2026-08-05T21:16:11Z,compare-am-gp-n3-4-16-i-adv-mysql-1,do-agent,-1,baseline
2026-08-05T21:16:11Z,compare-am-gp-n3-4-16-i-adv-mysql-1,xtrabackup,1103130624,baseline
2026-08-05T21:16:11Z,compare-am-gp-n3-4-16-i-adv-mysql-2,mysql,13166284800,baseline
2026-08-05T21:16:11Z,compare-am-gp-n3-4-16-i-adv-mysql-2,mysqld-exporter,15400960,baseline
2026-08-05T21:16:11Z,compare-am-gp-n3-4-16-i-adv-mysql-2,slow-log-tailer,1839104,baseline
2026-08-05T21:16:11Z,compare-am-gp-n3-4-16-i-adv-mysql-2,do-agent,-1,baseline
2026-08-05T21:16:11Z,compare-am-gp-n3-4-16-i-adv-mysql-2,xtrabackup,24375296,baseline
2026-08-05T21:16:44Z,compare-am-gp-n3-4-16-i-adv-mysql-0,mysql,13354729472,baseline
2026-08-05T21:16:44Z,compare-am-gp-n3-4-16-i-adv-mysql-0,mysqld-exporter,15724544,baseline
2026-08-05T21:16:44Z,compare-am-gp-n3-4-16-i-adv-mysql-0,slow-log-tailer,6684672,baseline
2026-08-05T21:16:44Z,compare-am-gp-n3-4-16-i-adv-mysql-0,do-agent,-1,baseline
2026-08-05T21:16:44Z,compare-am-gp-n3-4-16-i-adv-mysql-0,xtrabackup,18743296,baseline
2026-08-05T21:16:44Z,compare-am-gp-n3-4-16-i-adv-mysql-1,mysql,11753226240,baseline
2026-08-05T21:16:44Z,compare-am-gp-n3-4-16-i-adv-mysql-1,mysqld-exporter,16039936,baseline
2026-08-05T21:16:44Z,compare-am-gp-n3-4-16-i-adv-mysql-1,slow-log-tailer,6524928,baseline
2026-08-05T21:16:44Z,compare-am-gp-n3-4-16-i-adv-mysql-1,do-agent,-1,baseline
2026-08-05T21:16:44Z,compare-am-gp-n3-4-16-i-adv-mysql-1,xtrabackup,1103659008,baseline
2026-08-05T21:16:44Z,compare-am-gp-n3-4-16-i-adv-mysql-2,mysql,13165887488,baseline
2026-08-05T21:16:44Z,compare-am-gp-n3-4-16-i-adv-mysql-2,mysqld-exporter,15503360,baseline
2026-08-05T21:16:44Z,compare-am-gp-n3-4-16-i-adv-mysql-2,slow-log-tailer,1982464,baseline
2026-08-05T21:16:44Z,compare-am-gp-n3-4-16-i-adv-mysql-2,do-agent,-1,baseline
2026-08-05T21:16:44Z,compare-am-gp-n3-4-16-i-adv-mysql-2,xtrabackup,24428544,baseline
2026-08-05T21:17:16Z,compare-am-gp-n3-4-16-i-adv-mysql-0,mysql,13337563136,baseline
2026-08-05T21:17:16Z,compare-am-gp-n3-4-16-i-adv-mysql-0,mysqld-exporter,15925248,baseline
2026-08-05T21:17:16Z,compare-am-gp-n3-4-16-i-adv-mysql-0,slow-log-tailer,6598656,baseline
2026-08-05T21:17:16Z,compare-am-gp-n3-4-16-i-adv-mysql-0,do-agent,-1,baseline
2026-08-05T21:17:16Z,compare-am-gp-n3-4-16-i-adv-mysql-0,xtrabackup,18911232,baseline
2026-08-05T21:17:16Z,compare-am-gp-n3-4-16-i-adv-mysql-1,mysql,11622518784,baseline
2026-08-05T21:17:16Z,compare-am-gp-n3-4-16-i-adv-mysql-1,mysqld-exporter,15405056,baseline
2026-08-05T21:17:16Z,compare-am-gp-n3-4-16-i-adv-mysql-1,slow-log-tailer,6598656,baseline
2026-08-05T21:17:16Z,compare-am-gp-n3-4-16-i-adv-mysql-1,do-agent,-1,baseline
2026-08-05T21:17:16Z,compare-am-gp-n3-4-16-i-adv-mysql-1,xtrabackup,1104678912,baseline
2026-08-05T21:17:16Z,compare-am-gp-n3-4-16-i-adv-mysql-2,mysql,13165744128,baseline
2026-08-05T21:17:16Z,compare-am-gp-n3-4-16-i-adv-mysql-2,mysqld-exporter,15450112,baseline
2026-08-05T21:17:16Z,compare-am-gp-n3-4-16-i-adv-mysql-2,slow-log-tailer,1785856,baseline
2026-08-05T21:17:16Z,compare-am-gp-n3-4-16-i-adv-mysql-2,do-agent,-1,baseline
2026-08-05T21:17:16Z,compare-am-gp-n3-4-16-i-adv-mysql-2,xtrabackup,24383488,baseline
2026-08-05T21:17:49Z,compare-am-gp-n3-4-16-i-adv-mysql-0,mysql,13349236736,baseline
2026-08-05T21:17:49Z,compare-am-gp-n3-4-16-i-adv-mysql-0,mysqld-exporter,16429056,baseline
2026-08-05T21:17:49Z,compare-am-gp-n3-4-16-i-adv-mysql-0,slow-log-tailer,6733824,baseline
2026-08-05T21:17:49Z,compare-am-gp-n3-4-16-i-adv-mysql-0,do-agent,-1,baseline
2026-08-05T21:17:49Z,compare-am-gp-n3-4-16-i-adv-mysql-0,xtrabackup,18862080,baseline
2026-08-05T21:17:49Z,compare-am-gp-n3-4-16-i-adv-mysql-1,mysql,11730980864,baseline
2026-08-05T21:17:49Z,compare-am-gp-n3-4-16-i-adv-mysql-1,mysqld-exporter,15515648,baseline
2026-08-05T21:17:49Z,compare-am-gp-n3-4-16-i-adv-mysql-1,slow-log-tailer,6569984,baseline
2026-08-05T21:17:49Z,compare-am-gp-n3-4-16-i-adv-mysql-1,do-agent,-1,baseline
2026-08-05T21:17:49Z,compare-am-gp-n3-4-16-i-adv-mysql-1,xtrabackup,1105506304,baseline
2026-08-05T21:17:49Z,compare-am-gp-n3-4-16-i-adv-mysql-2,mysql,13165068288,baseline
2026-08-05T21:17:49Z,compare-am-gp-n3-4-16-i-adv-mysql-2,mysqld-exporter,16490496,baseline
2026-08-05T21:17:49Z,compare-am-gp-n3-4-16-i-adv-mysql-2,slow-log-tailer,1916928,baseline
2026-08-05T21:17:49Z,compare-am-gp-n3-4-16-i-adv-mysql-2,do-agent,-1,baseline
2026-08-05T21:17:49Z,compare-am-gp-n3-4-16-i-adv-mysql-2,xtrabackup,24408064,baseline
2026-08-05T21:18:21Z,compare-am-gp-n3-4-16-i-adv-mysql-0,mysql,13365854208,baseline
2026-08-05T21:18:21Z,compare-am-gp-n3-4-16-i-adv-mysql-0,mysqld-exporter,16322560,baseline
2026-08-05T21:18:21Z,compare-am-gp-n3-4-16-i-adv-mysql-0,slow-log-tailer,6475776,baseline
2026-08-05T21:18:21Z,compare-am-gp-n3-4-16-i-adv-mysql-0,do-agent,-1,baseline
2026-08-05T21:18:21Z,compare-am-gp-n3-4-16-i-adv-mysql-0,xtrabackup,18919424,baseline
2026-08-05T21:18:21Z,compare-am-gp-n3-4-16-i-adv-mysql-1,mysql,11675738112,baseline
2026-08-05T21:18:21Z,compare-am-gp-n3-4-16-i-adv-mysql-1,mysqld-exporter,15417344,baseline
2026-08-05T21:18:21Z,compare-am-gp-n3-4-16-i-adv-mysql-1,slow-log-tailer,6574080,baseline
2026-08-05T21:18:21Z,compare-am-gp-n3-4-16-i-adv-mysql-1,do-agent,-1,baseline
2026-08-05T21:18:21Z,compare-am-gp-n3-4-16-i-adv-mysql-1,xtrabackup,1106214912,baseline
2026-08-05T21:18:21Z,compare-am-gp-n3-4-16-i-adv-mysql-2,mysql,13165264896,baseline
2026-08-05T21:18:21Z,compare-am-gp-n3-4-16-i-adv-mysql-2,mysqld-exporter,16470016,baseline
2026-08-05T21:18:21Z,compare-am-gp-n3-4-16-i-adv-mysql-2,slow-log-tailer,1798144,baseline
2026-08-05T21:18:21Z,compare-am-gp-n3-4-16-i-adv-mysql-2,do-agent,-1,baseline
2026-08-05T21:18:21Z,compare-am-gp-n3-4-16-i-adv-mysql-2,xtrabackup,24432640,baseline
2026-08-05T21:18:54Z,compare-am-gp-n3-4-16-i-adv-mysql-0,mysql,13388070912,baseline
2026-08-05T21:18:54Z,compare-am-gp-n3-4-16-i-adv-mysql-0,mysqld-exporter,16138240,baseline
2026-08-05T21:18:54Z,compare-am-gp-n3-4-16-i-adv-mysql-0,slow-log-tailer,6451200,baseline
2026-08-05T21:18:54Z,compare-am-gp-n3-4-16-i-adv-mysql-0,do-agent,-1,baseline
2026-08-05T21:18:54Z,compare-am-gp-n3-4-16-i-adv-mysql-0,xtrabackup,18731008,baseline
2026-08-05T21:18:54Z,compare-am-gp-n3-4-16-i-adv-mysql-1,mysql,11755167744,baseline
2026-08-05T21:18:54Z,compare-am-gp-n3-4-16-i-adv-mysql-1,mysqld-exporter,15699968,baseline
2026-08-05T21:18:54Z,compare-am-gp-n3-4-16-i-adv-mysql-1,slow-log-tailer,6918144,baseline
2026-08-05T21:18:54Z,compare-am-gp-n3-4-16-i-adv-mysql-1,do-agent,-1,baseline
2026-08-05T21:18:54Z,compare-am-gp-n3-4-16-i-adv-mysql-1,xtrabackup,1106894848,baseline
2026-08-05T21:18:54Z,compare-am-gp-n3-4-16-i-adv-mysql-2,mysql,13164916736,baseline
2026-08-05T21:18:54Z,compare-am-gp-n3-4-16-i-adv-mysql-2,mysqld-exporter,16576512,baseline
2026-08-05T21:18:54Z,compare-am-gp-n3-4-16-i-adv-mysql-2,slow-log-tailer,1880064,baseline
2026-08-05T21:18:54Z,compare-am-gp-n3-4-16-i-adv-mysql-2,do-agent,-1,baseline
2026-08-05T21:18:54Z,compare-am-gp-n3-4-16-i-adv-mysql-2,xtrabackup,24387584,baseline
2026-08-05T21:19:27Z,compare-am-gp-n3-4-16-i-adv-mysql-0,mysql,13347422208,baseline
2026-08-05T21:19:27Z,compare-am-gp-n3-4-16-i-adv-mysql-0,mysqld-exporter,16490496,baseline
2026-08-05T21:19:27Z,compare-am-gp-n3-4-16-i-adv-mysql-0,slow-log-tailer,6664192,baseline
2026-08-05T21:19:27Z,compare-am-gp-n3-4-16-i-adv-mysql-0,do-agent,-1,baseline
2026-08-05T21:19:27Z,compare-am-gp-n3-4-16-i-adv-mysql-0,xtrabackup,19034112,baseline
2026-08-05T21:19:27Z,compare-am-gp-n3-4-16-i-adv-mysql-1,mysql,11618516992,baseline
2026-08-05T21:19:27Z,compare-am-gp-n3-4-16-i-adv-mysql-1,mysqld-exporter,15814656,baseline
2026-08-05T21:19:27Z,compare-am-gp-n3-4-16-i-adv-mysql-1,slow-log-tailer,6684672,baseline
2026-08-05T21:19:27Z,compare-am-gp-n3-4-16-i-adv-mysql-1,do-agent,-1,baseline
2026-08-05T21:19:27Z,compare-am-gp-n3-4-16-i-adv-mysql-1,xtrabackup,1106956288,baseline
2026-08-05T21:19:27Z,compare-am-gp-n3-4-16-i-adv-mysql-2,mysql,13164503040,baseline
2026-08-05T21:19:27Z,compare-am-gp-n3-4-16-i-adv-mysql-2,mysqld-exporter,15532032,baseline
2026-08-05T21:19:27Z,compare-am-gp-n3-4-16-i-adv-mysql-2,slow-log-tailer,1830912,baseline
2026-08-05T21:19:27Z,compare-am-gp-n3-4-16-i-adv-mysql-2,do-agent,-1,baseline
2026-08-05T21:19:27Z,compare-am-gp-n3-4-16-i-adv-mysql-2,xtrabackup,24412160,baseline
2026-08-05T21:19:59Z,compare-am-gp-n3-4-16-i-adv-mysql-0,mysql,13373530112,baseline
2026-08-05T21:19:59Z,compare-am-gp-n3-4-16-i-adv-mysql-0,mysqld-exporter,16662528,baseline
2026-08-05T21:19:59Z,compare-am-gp-n3-4-16-i-adv-mysql-0,slow-log-tailer,6635520,baseline
2026-08-05T21:19:59Z,compare-am-gp-n3-4-16-i-adv-mysql-0,do-agent,-1,baseline
2026-08-05T21:19:59Z,compare-am-gp-n3-4-16-i-adv-mysql-0,xtrabackup,18935808,baseline
2026-08-05T21:19:59Z,compare-am-gp-n3-4-16-i-adv-mysql-1,mysql,11755937792,baseline
2026-08-05T21:19:59Z,compare-am-gp-n3-4-16-i-adv-mysql-1,mysqld-exporter,15654912,baseline
2026-08-05T21:19:59Z,compare-am-gp-n3-4-16-i-adv-mysql-1,slow-log-tailer,6905856,baseline
2026-08-05T21:19:59Z,compare-am-gp-n3-4-16-i-adv-mysql-1,do-agent,-1,baseline
2026-08-05T21:19:59Z,compare-am-gp-n3-4-16-i-adv-mysql-1,xtrabackup,1106989056,baseline
2026-08-05T21:19:59Z,compare-am-gp-n3-4-16-i-adv-mysql-2,mysql,13164437504,baseline
2026-08-05T21:19:59Z,compare-am-gp-n3-4-16-i-adv-mysql-2,mysqld-exporter,15540224,baseline
2026-08-05T21:19:59Z,compare-am-gp-n3-4-16-i-adv-mysql-2,slow-log-tailer,2301952,baseline
2026-08-05T21:19:59Z,compare-am-gp-n3-4-16-i-adv-mysql-2,do-agent,-1,baseline
2026-08-05T21:19:59Z,compare-am-gp-n3-4-16-i-adv-mysql-2,xtrabackup,24399872,baseline
2026-08-05T21:20:33Z,compare-am-gp-n3-4-16-i-adv-mysql-0,mysql,13365350400,baseline
2026-08-05T21:20:33Z,compare-am-gp-n3-4-16-i-adv-mysql-0,mysqld-exporter,16445440,baseline
2026-08-05T21:20:33Z,compare-am-gp-n3-4-16-i-adv-mysql-0,slow-log-tailer,6520832,baseline
2026-08-05T21:20:33Z,compare-am-gp-n3-4-16-i-adv-mysql-0,do-agent,-1,baseline
2026-08-05T21:20:33Z,compare-am-gp-n3-4-16-i-adv-mysql-0,xtrabackup,18911232,baseline
2026-08-05T21:20:33Z,compare-am-gp-n3-4-16-i-adv-mysql-1,mysql,11717607424,baseline
2026-08-05T21:20:33Z,compare-am-gp-n3-4-16-i-adv-mysql-1,mysqld-exporter,15921152,baseline
2026-08-05T21:20:33Z,compare-am-gp-n3-4-16-i-adv-mysql-1,slow-log-tailer,6615040,baseline
2026-08-05T21:20:33Z,compare-am-gp-n3-4-16-i-adv-mysql-1,do-agent,-1,baseline
2026-08-05T21:20:33Z,compare-am-gp-n3-4-16-i-adv-mysql-1,xtrabackup,1106980864,baseline
2026-08-05T21:20:33Z,compare-am-gp-n3-4-16-i-adv-mysql-2,mysql,13164064768,baseline
2026-08-05T21:20:33Z,compare-am-gp-n3-4-16-i-adv-mysql-2,mysqld-exporter,15187968,baseline
2026-08-05T21:20:33Z,compare-am-gp-n3-4-16-i-adv-mysql-2,slow-log-tailer,2023424,baseline
2026-08-05T21:20:33Z,compare-am-gp-n3-4-16-i-adv-mysql-2,do-agent,-1,baseline
2026-08-05T21:20:33Z,compare-am-gp-n3-4-16-i-adv-mysql-2,xtrabackup,24502272,baseline
2026-08-05T21:21:06Z,compare-am-gp-n3-4-16-i-adv-mysql-0,mysql,13355896832,baseline
2026-08-05T21:21:06Z,compare-am-gp-n3-4-16-i-adv-mysql-0,mysqld-exporter,16453632,baseline
2026-08-05T21:21:06Z,compare-am-gp-n3-4-16-i-adv-mysql-0,slow-log-tailer,6770688,baseline
2026-08-05T21:21:06Z,compare-am-gp-n3-4-16-i-adv-mysql-0,do-agent,-1,baseline
2026-08-05T21:21:06Z,compare-am-gp-n3-4-16-i-adv-mysql-0,xtrabackup,18808832,baseline
2026-08-05T21:21:06Z,compare-am-gp-n3-4-16-i-adv-mysql-1,mysql,11683401728,baseline
2026-08-05T21:21:06Z,compare-am-gp-n3-4-16-i-adv-mysql-1,mysqld-exporter,15429632,baseline
2026-08-05T21:21:06Z,compare-am-gp-n3-4-16-i-adv-mysql-1,slow-log-tailer,6680576,baseline
2026-08-05T21:21:06Z,compare-am-gp-n3-4-16-i-adv-mysql-1,do-agent,-1,baseline
2026-08-05T21:21:06Z,compare-am-gp-n3-4-16-i-adv-mysql-1,xtrabackup,1107456000,baseline
2026-08-05T21:21:06Z,compare-am-gp-n3-4-16-i-adv-mysql-2,mysql,13163921408,baseline
2026-08-05T21:21:06Z,compare-am-gp-n3-4-16-i-adv-mysql-2,mysqld-exporter,15118336,baseline
2026-08-05T21:21:06Z,compare-am-gp-n3-4-16-i-adv-mysql-2,slow-log-tailer,1990656,baseline
2026-08-05T21:21:06Z,compare-am-gp-n3-4-16-i-adv-mysql-2,do-agent,-1,baseline
2026-08-05T21:21:06Z,compare-am-gp-n3-4-16-i-adv-mysql-2,xtrabackup,24399872,baseline
2026-08-05T21:21:38Z,compare-am-gp-n3-4-16-i-adv-mysql-0,mysql,13241815040,load_50tps
2026-08-05T21:21:38Z,compare-am-gp-n3-4-16-i-adv-mysql-0,mysqld-exporter,15802368,load_50tps
2026-08-05T21:21:38Z,compare-am-gp-n3-4-16-i-adv-mysql-0,slow-log-tailer,6496256,load_50tps
2026-08-05T21:21:38Z,compare-am-gp-n3-4-16-i-adv-mysql-0,do-agent,-1,load_50tps
2026-08-05T21:21:38Z,compare-am-gp-n3-4-16-i-adv-mysql-0,xtrabackup,18903040,load_50tps
2026-08-05T21:21:38Z,compare-am-gp-n3-4-16-i-adv-mysql-1,mysql,11234623488,load_50tps
2026-08-05T21:21:38Z,compare-am-gp-n3-4-16-i-adv-mysql-1,mysqld-exporter,15433728,load_50tps
2026-08-05T21:21:38Z,compare-am-gp-n3-4-16-i-adv-mysql-1,slow-log-tailer,6651904,load_50tps
2026-08-05T21:21:38Z,compare-am-gp-n3-4-16-i-adv-mysql-1,do-agent,-1,load_50tps
2026-08-05T21:21:38Z,compare-am-gp-n3-4-16-i-adv-mysql-1,xtrabackup,1574166528,load_50tps
2026-08-05T21:21:38Z,compare-am-gp-n3-4-16-i-adv-mysql-2,mysql,13192364032,load_50tps
2026-08-05T21:21:38Z,compare-am-gp-n3-4-16-i-adv-mysql-2,mysqld-exporter,15433728,load_50tps
2026-08-05T21:21:38Z,compare-am-gp-n3-4-16-i-adv-mysql-2,slow-log-tailer,2043904,load_50tps
2026-08-05T21:21:38Z,compare-am-gp-n3-4-16-i-adv-mysql-2,do-agent,-1,load_50tps
2026-08-05T21:21:38Z,compare-am-gp-n3-4-16-i-adv-mysql-2,xtrabackup,24395776,load_50tps
2026-08-05T21:22:11Z,compare-am-gp-n3-4-16-i-adv-mysql-0,mysql,13333942272,load_50tps
2026-08-05T21:22:11Z,compare-am-gp-n3-4-16-i-adv-mysql-0,mysqld-exporter,15912960,load_50tps
2026-08-05T21:22:11Z,compare-am-gp-n3-4-16-i-adv-mysql-0,slow-log-tailer,6631424,load_50tps
2026-08-05T21:22:11Z,compare-am-gp-n3-4-16-i-adv-mysql-0,do-agent,-1,load_50tps
2026-08-05T21:22:11Z,compare-am-gp-n3-4-16-i-adv-mysql-0,xtrabackup,18874368,load_50tps
2026-08-05T21:22:11Z,compare-am-gp-n3-4-16-i-adv-mysql-1,mysql,10964926464,load_50tps
2026-08-05T21:22:11Z,compare-am-gp-n3-4-16-i-adv-mysql-1,mysqld-exporter,15577088,load_50tps
2026-08-05T21:22:11Z,compare-am-gp-n3-4-16-i-adv-mysql-1,slow-log-tailer,6508544,load_50tps
2026-08-05T21:22:11Z,compare-am-gp-n3-4-16-i-adv-mysql-1,do-agent,-1,load_50tps
2026-08-05T21:22:11Z,compare-am-gp-n3-4-16-i-adv-mysql-1,xtrabackup,1942892544,load_50tps
2026-08-05T21:22:11Z,compare-am-gp-n3-4-16-i-adv-mysql-2,mysql,13207588864,load_50tps
2026-08-05T21:22:11Z,compare-am-gp-n3-4-16-i-adv-mysql-2,mysqld-exporter,15454208,load_50tps
2026-08-05T21:22:11Z,compare-am-gp-n3-4-16-i-adv-mysql-2,slow-log-tailer,1859584,load_50tps
2026-08-05T21:22:11Z,compare-am-gp-n3-4-16-i-adv-mysql-2,do-agent,-1,load_50tps
2026-08-05T21:22:11Z,compare-am-gp-n3-4-16-i-adv-mysql-2,xtrabackup,24289280,load_50tps
2026-08-05T21:22:43Z,compare-am-gp-n3-4-16-i-adv-mysql-0,mysql,13349343232,load_50tps
2026-08-05T21:22:43Z,compare-am-gp-n3-4-16-i-adv-mysql-0,mysqld-exporter,15876096,load_50tps
2026-08-05T21:22:43Z,compare-am-gp-n3-4-16-i-adv-mysql-0,slow-log-tailer,6623232,load_50tps
2026-08-05T21:22:43Z,compare-am-gp-n3-4-16-i-adv-mysql-0,do-agent,-1,load_50tps
2026-08-05T21:22:43Z,compare-am-gp-n3-4-16-i-adv-mysql-0,xtrabackup,19103744,load_50tps
2026-08-05T21:22:43Z,compare-am-gp-n3-4-16-i-adv-mysql-1,mysql,10793033728,load_50tps
2026-08-05T21:22:43Z,compare-am-gp-n3-4-16-i-adv-mysql-1,mysqld-exporter,15380480,load_50tps
2026-08-05T21:22:43Z,compare-am-gp-n3-4-16-i-adv-mysql-1,slow-log-tailer,6496256,load_50tps
2026-08-05T21:22:43Z,compare-am-gp-n3-4-16-i-adv-mysql-1,do-agent,-1,load_50tps
2026-08-05T21:22:43Z,compare-am-gp-n3-4-16-i-adv-mysql-1,xtrabackup,2025480192,load_50tps
2026-08-05T21:22:43Z,compare-am-gp-n3-4-16-i-adv-mysql-2,mysql,13221208064,load_50tps
2026-08-05T21:22:43Z,compare-am-gp-n3-4-16-i-adv-mysql-2,mysqld-exporter,15511552,load_50tps
2026-08-05T21:22:43Z,compare-am-gp-n3-4-16-i-adv-mysql-2,slow-log-tailer,1765376,load_50tps
2026-08-05T21:22:43Z,compare-am-gp-n3-4-16-i-adv-mysql-2,do-agent,-1,load_50tps
2026-08-05T21:22:43Z,compare-am-gp-n3-4-16-i-adv-mysql-2,xtrabackup,24424448,load_50tps
2026-08-05T21:23:16Z,compare-am-gp-n3-4-16-i-adv-mysql-0,mysql,13379457024,load_50tps
2026-08-05T21:23:16Z,compare-am-gp-n3-4-16-i-adv-mysql-0,mysqld-exporter,16101376,load_50tps
2026-08-05T21:23:16Z,compare-am-gp-n3-4-16-i-adv-mysql-0,slow-log-tailer,6799360,load_50tps
2026-08-05T21:23:16Z,compare-am-gp-n3-4-16-i-adv-mysql-0,do-agent,-1,load_50tps
2026-08-05T21:23:16Z,compare-am-gp-n3-4-16-i-adv-mysql-0,xtrabackup,18915328,load_50tps
2026-08-05T21:23:16Z,compare-am-gp-n3-4-16-i-adv-mysql-1,mysql,10748444672,load_50tps
2026-08-05T21:23:16Z,compare-am-gp-n3-4-16-i-adv-mysql-1,mysqld-exporter,16351232,load_50tps
2026-08-05T21:23:16Z,compare-am-gp-n3-4-16-i-adv-mysql-1,slow-log-tailer,6496256,load_50tps
2026-08-05T21:23:16Z,compare-am-gp-n3-4-16-i-adv-mysql-1,do-agent,-1,load_50tps
2026-08-05T21:23:16Z,compare-am-gp-n3-4-16-i-adv-mysql-1,xtrabackup,2001186816,load_50tps
2026-08-05T21:23:16Z,compare-am-gp-n3-4-16-i-adv-mysql-2,mysql,13234626560,load_50tps
2026-08-05T21:23:16Z,compare-am-gp-n3-4-16-i-adv-mysql-2,mysqld-exporter,15409152,load_50tps
2026-08-05T21:23:16Z,compare-am-gp-n3-4-16-i-adv-mysql-2,slow-log-tailer,1880064,load_50tps
2026-08-05T21:23:16Z,compare-am-gp-n3-4-16-i-adv-mysql-2,do-agent,-1,load_50tps
2026-08-05T21:23:16Z,compare-am-gp-n3-4-16-i-adv-mysql-2,xtrabackup,24494080,load_50tps
2026-08-05T21:23:49Z,compare-am-gp-n3-4-16-i-adv-mysql-0,mysql,13360230400,load_50tps
2026-08-05T21:23:49Z,compare-am-gp-n3-4-16-i-adv-mysql-0,mysqld-exporter,16031744,load_50tps
2026-08-05T21:23:49Z,compare-am-gp-n3-4-16-i-adv-mysql-0,slow-log-tailer,6438912,load_50tps
2026-08-05T21:23:49Z,compare-am-gp-n3-4-16-i-adv-mysql-0,do-agent,-1,load_50tps
2026-08-05T21:23:49Z,compare-am-gp-n3-4-16-i-adv-mysql-0,xtrabackup,18890752,load_50tps
2026-08-05T21:23:49Z,compare-am-gp-n3-4-16-i-adv-mysql-1,mysql,10779271168,load_50tps
2026-08-05T21:23:49Z,compare-am-gp-n3-4-16-i-adv-mysql-1,mysqld-exporter,16449536,load_50tps
2026-08-05T21:23:49Z,compare-am-gp-n3-4-16-i-adv-mysql-1,slow-log-tailer,6565888,load_50tps
2026-08-05T21:23:49Z,compare-am-gp-n3-4-16-i-adv-mysql-1,do-agent,-1,load_50tps
2026-08-05T21:23:49Z,compare-am-gp-n3-4-16-i-adv-mysql-1,xtrabackup,2011381760,load_50tps
2026-08-05T21:23:49Z,compare-am-gp-n3-4-16-i-adv-mysql-2,mysql,13207064576,load_50tps
2026-08-05T21:23:49Z,compare-am-gp-n3-4-16-i-adv-mysql-2,mysqld-exporter,15179776,load_50tps
2026-08-05T21:23:49Z,compare-am-gp-n3-4-16-i-adv-mysql-2,slow-log-tailer,1761280,load_50tps
2026-08-05T21:23:49Z,compare-am-gp-n3-4-16-i-adv-mysql-2,do-agent,-1,load_50tps
2026-08-05T21:23:49Z,compare-am-gp-n3-4-16-i-adv-mysql-2,xtrabackup,24358912,load_50tps
2026-08-05T21:24:21Z,compare-am-gp-n3-4-16-i-adv-mysql-0,mysql,13332717568,load_50tps
2026-08-05T21:24:21Z,compare-am-gp-n3-4-16-i-adv-mysql-0,mysqld-exporter,15917056,load_50tps
2026-08-05T21:24:21Z,compare-am-gp-n3-4-16-i-adv-mysql-0,slow-log-tailer,6672384,load_50tps
2026-08-05T21:24:21Z,compare-am-gp-n3-4-16-i-adv-mysql-0,do-agent,-1,load_50tps
2026-08-05T21:24:21Z,compare-am-gp-n3-4-16-i-adv-mysql-0,xtrabackup,18907136,load_50tps
2026-08-05T21:24:21Z,compare-am-gp-n3-4-16-i-adv-mysql-1,mysql,10803122176,load_50tps
2026-08-05T21:24:21Z,compare-am-gp-n3-4-16-i-adv-mysql-1,mysqld-exporter,15462400,load_50tps
2026-08-05T21:24:21Z,compare-am-gp-n3-4-16-i-adv-mysql-1,slow-log-tailer,6561792,load_50tps
2026-08-05T21:24:21Z,compare-am-gp-n3-4-16-i-adv-mysql-1,do-agent,-1,load_50tps
2026-08-05T21:24:21Z,compare-am-gp-n3-4-16-i-adv-mysql-1,xtrabackup,1973170176,load_50tps
2026-08-05T21:24:21Z,compare-am-gp-n3-4-16-i-adv-mysql-2,mysql,13221142528,load_50tps
2026-08-05T21:24:21Z,compare-am-gp-n3-4-16-i-adv-mysql-2,mysqld-exporter,15134720,load_50tps
2026-08-05T21:24:21Z,compare-am-gp-n3-4-16-i-adv-mysql-2,slow-log-tailer,1826816,load_50tps
2026-08-05T21:24:21Z,compare-am-gp-n3-4-16-i-adv-mysql-2,do-agent,-1,load_50tps
2026-08-05T21:24:21Z,compare-am-gp-n3-4-16-i-adv-mysql-2,xtrabackup,24592384,load_50tps
2026-08-05T21:24:54Z,compare-am-gp-n3-4-16-i-adv-mysql-0,mysql,13347487744,load_50tps
2026-08-05T21:24:54Z,compare-am-gp-n3-4-16-i-adv-mysql-0,mysqld-exporter,15925248,load_50tps
2026-08-05T21:24:54Z,compare-am-gp-n3-4-16-i-adv-mysql-0,slow-log-tailer,6520832,load_50tps
2026-08-05T21:24:54Z,compare-am-gp-n3-4-16-i-adv-mysql-0,do-agent,-1,load_50tps
2026-08-05T21:24:54Z,compare-am-gp-n3-4-16-i-adv-mysql-0,xtrabackup,19132416,load_50tps
2026-08-05T21:24:54Z,compare-am-gp-n3-4-16-i-adv-mysql-1,mysql,10833965056,load_50tps
2026-08-05T21:24:54Z,compare-am-gp-n3-4-16-i-adv-mysql-1,mysqld-exporter,15450112,load_50tps
2026-08-05T21:24:54Z,compare-am-gp-n3-4-16-i-adv-mysql-1,slow-log-tailer,6565888,load_50tps
2026-08-05T21:24:54Z,compare-am-gp-n3-4-16-i-adv-mysql-1,do-agent,-1,load_50tps
2026-08-05T21:24:54Z,compare-am-gp-n3-4-16-i-adv-mysql-1,xtrabackup,1726545920,load_50tps
2026-08-05T21:24:54Z,compare-am-gp-n3-4-16-i-adv-mysql-2,mysql,13237116928,load_50tps
2026-08-05T21:24:54Z,compare-am-gp-n3-4-16-i-adv-mysql-2,mysqld-exporter,15298560,load_50tps
2026-08-05T21:24:54Z,compare-am-gp-n3-4-16-i-adv-mysql-2,slow-log-tailer,2019328,load_50tps
2026-08-05T21:24:54Z,compare-am-gp-n3-4-16-i-adv-mysql-2,do-agent,-1,load_50tps
2026-08-05T21:24:54Z,compare-am-gp-n3-4-16-i-adv-mysql-2,xtrabackup,24391680,load_50tps
2026-08-05T21:25:27Z,compare-am-gp-n3-4-16-i-adv-mysql-0,mysql,13384032256,load_50tps
2026-08-05T21:25:27Z,compare-am-gp-n3-4-16-i-adv-mysql-0,mysqld-exporter,15712256,load_50tps
2026-08-05T21:25:27Z,compare-am-gp-n3-4-16-i-adv-mysql-0,slow-log-tailer,6488064,load_50tps
2026-08-05T21:25:27Z,compare-am-gp-n3-4-16-i-adv-mysql-0,do-agent,-1,load_50tps
2026-08-05T21:25:27Z,compare-am-gp-n3-4-16-i-adv-mysql-0,xtrabackup,18771968,load_50tps
2026-08-05T21:25:27Z,compare-am-gp-n3-4-16-i-adv-mysql-1,mysql,10866618368,load_50tps
2026-08-05T21:25:27Z,compare-am-gp-n3-4-16-i-adv-mysql-1,mysqld-exporter,15335424,load_50tps
2026-08-05T21:25:27Z,compare-am-gp-n3-4-16-i-adv-mysql-1,slow-log-tailer,6561792,load_50tps
2026-08-05T21:25:27Z,compare-am-gp-n3-4-16-i-adv-mysql-1,do-agent,-1,load_50tps
2026-08-05T21:25:27Z,compare-am-gp-n3-4-16-i-adv-mysql-1,xtrabackup,1413042176,load_50tps
2026-08-05T21:25:27Z,compare-am-gp-n3-4-16-i-adv-mysql-2,mysql,13224833024,load_50tps
2026-08-05T21:25:27Z,compare-am-gp-n3-4-16-i-adv-mysql-2,mysqld-exporter,15331328,load_50tps
2026-08-05T21:25:27Z,compare-am-gp-n3-4-16-i-adv-mysql-2,slow-log-tailer,1835008,load_50tps
2026-08-05T21:25:27Z,compare-am-gp-n3-4-16-i-adv-mysql-2,do-agent,-1,load_50tps
2026-08-05T21:25:27Z,compare-am-gp-n3-4-16-i-adv-mysql-2,xtrabackup,24535040,load_50tps
2026-08-05T21:26:00Z,compare-am-gp-n3-4-16-i-adv-mysql-0,mysql,13358084096,load_50tps
2026-08-05T21:26:00Z,compare-am-gp-n3-4-16-i-adv-mysql-0,mysqld-exporter,15691776,load_50tps
2026-08-05T21:26:00Z,compare-am-gp-n3-4-16-i-adv-mysql-0,slow-log-tailer,6201344,load_50tps
2026-08-05T21:26:00Z,compare-am-gp-n3-4-16-i-adv-mysql-0,do-agent,-1,load_50tps
2026-08-05T21:26:00Z,compare-am-gp-n3-4-16-i-adv-mysql-0,xtrabackup,18935808,load_50tps
2026-08-05T21:26:00Z,compare-am-gp-n3-4-16-i-adv-mysql-1,mysql,10899283968,load_50tps
2026-08-05T21:26:00Z,compare-am-gp-n3-4-16-i-adv-mysql-1,mysqld-exporter,15339520,load_50tps
2026-08-05T21:26:00Z,compare-am-gp-n3-4-16-i-adv-mysql-1,slow-log-tailer,6758400,load_50tps
2026-08-05T21:26:00Z,compare-am-gp-n3-4-16-i-adv-mysql-1,do-agent,-1,load_50tps
2026-08-05T21:26:00Z,compare-am-gp-n3-4-16-i-adv-mysql-1,xtrabackup,1412988928,load_50tps
2026-08-05T21:26:00Z,compare-am-gp-n3-4-16-i-adv-mysql-2,mysql,13233307648,load_50tps
2026-08-05T21:26:00Z,compare-am-gp-n3-4-16-i-adv-mysql-2,mysqld-exporter,15171584,load_50tps
2026-08-05T21:26:00Z,compare-am-gp-n3-4-16-i-adv-mysql-2,slow-log-tailer,1843200,load_50tps
2026-08-05T21:26:00Z,compare-am-gp-n3-4-16-i-adv-mysql-2,do-agent,-1,load_50tps
2026-08-05T21:26:00Z,compare-am-gp-n3-4-16-i-adv-mysql-2,xtrabackup,24395776,load_50tps
2026-08-05T21:26:33Z,compare-am-gp-n3-4-16-i-adv-mysql-0,mysql,13385392128,load_50tps
2026-08-05T21:26:33Z,compare-am-gp-n3-4-16-i-adv-mysql-0,mysqld-exporter,15601664,load_50tps
2026-08-05T21:26:33Z,compare-am-gp-n3-4-16-i-adv-mysql-0,slow-log-tailer,6434816,load_50tps
2026-08-05T21:26:33Z,compare-am-gp-n3-4-16-i-adv-mysql-0,do-agent,-1,load_50tps
2026-08-05T21:26:33Z,compare-am-gp-n3-4-16-i-adv-mysql-0,xtrabackup,18767872,load_50tps
2026-08-05T21:26:33Z,compare-am-gp-n3-4-16-i-adv-mysql-1,mysql,10923741184,load_50tps
2026-08-05T21:26:33Z,compare-am-gp-n3-4-16-i-adv-mysql-1,mysqld-exporter,15290368,load_50tps
2026-08-05T21:26:33Z,compare-am-gp-n3-4-16-i-adv-mysql-1,slow-log-tailer,6696960,load_50tps
2026-08-05T21:26:33Z,compare-am-gp-n3-4-16-i-adv-mysql-1,do-agent,-1,load_50tps
2026-08-05T21:26:33Z,compare-am-gp-n3-4-16-i-adv-mysql-1,xtrabackup,1412964352,load_50tps
2026-08-05T21:26:33Z,compare-am-gp-n3-4-16-i-adv-mysql-2,mysql,13210787840,load_50tps
2026-08-05T21:26:33Z,compare-am-gp-n3-4-16-i-adv-mysql-2,mysqld-exporter,15347712,load_50tps
2026-08-05T21:26:33Z,compare-am-gp-n3-4-16-i-adv-mysql-2,slow-log-tailer,2035712,load_50tps
2026-08-05T21:26:33Z,compare-am-gp-n3-4-16-i-adv-mysql-2,do-agent,-1,load_50tps
2026-08-05T21:26:33Z,compare-am-gp-n3-4-16-i-adv-mysql-2,xtrabackup,24440832,load_50tps
2026-08-05T21:27:06Z,compare-am-gp-n3-4-16-i-adv-mysql-0,mysql,13367062528,load_50tps
2026-08-05T21:27:06Z,compare-am-gp-n3-4-16-i-adv-mysql-0,mysqld-exporter,15699968,load_50tps
2026-08-05T21:27:06Z,compare-am-gp-n3-4-16-i-adv-mysql-0,slow-log-tailer,6406144,load_50tps
2026-08-05T21:27:06Z,compare-am-gp-n3-4-16-i-adv-mysql-0,do-agent,-1,load_50tps
2026-08-05T21:27:06Z,compare-am-gp-n3-4-16-i-adv-mysql-0,xtrabackup,18948096,load_50tps
2026-08-05T21:27:06Z,compare-am-gp-n3-4-16-i-adv-mysql-1,mysql,10990161920,load_50tps
2026-08-05T21:27:06Z,compare-am-gp-n3-4-16-i-adv-mysql-1,mysqld-exporter,15331328,load_50tps
2026-08-05T21:27:06Z,compare-am-gp-n3-4-16-i-adv-mysql-1,slow-log-tailer,6877184,load_50tps
2026-08-05T21:27:06Z,compare-am-gp-n3-4-16-i-adv-mysql-1,do-agent,-1,load_50tps
2026-08-05T21:27:06Z,compare-am-gp-n3-4-16-i-adv-mysql-1,xtrabackup,1413324800,load_50tps
2026-08-05T21:27:06Z,compare-am-gp-n3-4-16-i-adv-mysql-2,mysql,13223301120,load_50tps
2026-08-05T21:27:06Z,compare-am-gp-n3-4-16-i-adv-mysql-2,mysqld-exporter,15237120,load_50tps
2026-08-05T21:27:06Z,compare-am-gp-n3-4-16-i-adv-mysql-2,slow-log-tailer,1851392,load_50tps
2026-08-05T21:27:06Z,compare-am-gp-n3-4-16-i-adv-mysql-2,do-agent,-1,load_50tps
2026-08-05T21:27:06Z,compare-am-gp-n3-4-16-i-adv-mysql-2,xtrabackup,24178688,load_50tps
2026-08-05T21:27:38Z,compare-am-gp-n3-4-16-i-adv-mysql-0,mysql,13383741440,load_50tps
2026-08-05T21:27:38Z,compare-am-gp-n3-4-16-i-adv-mysql-0,mysqld-exporter,16146432,load_50tps
2026-08-05T21:27:38Z,compare-am-gp-n3-4-16-i-adv-mysql-0,slow-log-tailer,6676480,load_50tps
2026-08-05T21:27:38Z,compare-am-gp-n3-4-16-i-adv-mysql-0,do-agent,-1,load_50tps
2026-08-05T21:27:38Z,compare-am-gp-n3-4-16-i-adv-mysql-0,xtrabackup,18878464,load_50tps
2026-08-05T21:27:38Z,compare-am-gp-n3-4-16-i-adv-mysql-1,mysql,10976948224,load_50tps
2026-08-05T21:27:38Z,compare-am-gp-n3-4-16-i-adv-mysql-1,mysqld-exporter,15339520,load_50tps
2026-08-05T21:27:38Z,compare-am-gp-n3-4-16-i-adv-mysql-1,slow-log-tailer,6578176,load_50tps
2026-08-05T21:27:38Z,compare-am-gp-n3-4-16-i-adv-mysql-1,do-agent,-1,load_50tps
2026-08-05T21:27:38Z,compare-am-gp-n3-4-16-i-adv-mysql-1,xtrabackup,1413431296,load_50tps
2026-08-05T21:27:38Z,compare-am-gp-n3-4-16-i-adv-mysql-2,mysql,13217779712,load_50tps
2026-08-05T21:27:38Z,compare-am-gp-n3-4-16-i-adv-mysql-2,mysqld-exporter,15593472,load_50tps
2026-08-05T21:27:38Z,compare-am-gp-n3-4-16-i-adv-mysql-2,slow-log-tailer,2310144,load_50tps
2026-08-05T21:27:38Z,compare-am-gp-n3-4-16-i-adv-mysql-2,do-agent,-1,load_50tps
2026-08-05T21:27:38Z,compare-am-gp-n3-4-16-i-adv-mysql-2,xtrabackup,24358912,load_50tps
2026-08-05T21:28:10Z,compare-am-gp-n3-4-16-i-adv-mysql-0,mysql,13346557952,load_50tps
2026-08-05T21:28:10Z,compare-am-gp-n3-4-16-i-adv-mysql-0,mysqld-exporter,15781888,load_50tps
2026-08-05T21:28:10Z,compare-am-gp-n3-4-16-i-adv-mysql-0,slow-log-tailer,6000640,load_50tps
2026-08-05T21:28:10Z,compare-am-gp-n3-4-16-i-adv-mysql-0,do-agent,-1,load_50tps
2026-08-05T21:28:10Z,compare-am-gp-n3-4-16-i-adv-mysql-0,xtrabackup,18964480,load_50tps
2026-08-05T21:28:10Z,compare-am-gp-n3-4-16-i-adv-mysql-1,mysql,11004104704,load_50tps
2026-08-05T21:28:10Z,compare-am-gp-n3-4-16-i-adv-mysql-1,mysqld-exporter,15437824,load_50tps
2026-08-05T21:28:10Z,compare-am-gp-n3-4-16-i-adv-mysql-1,slow-log-tailer,6729728,load_50tps
2026-08-05T21:28:10Z,compare-am-gp-n3-4-16-i-adv-mysql-1,do-agent,-1,load_50tps
2026-08-05T21:28:10Z,compare-am-gp-n3-4-16-i-adv-mysql-1,xtrabackup,1413541888,load_50tps
2026-08-05T21:28:10Z,compare-am-gp-n3-4-16-i-adv-mysql-2,mysql,13225926656,load_50tps
2026-08-05T21:28:10Z,compare-am-gp-n3-4-16-i-adv-mysql-2,mysqld-exporter,15933440,load_50tps
2026-08-05T21:28:10Z,compare-am-gp-n3-4-16-i-adv-mysql-2,slow-log-tailer,1781760,load_50tps
2026-08-05T21:28:10Z,compare-am-gp-n3-4-16-i-adv-mysql-2,do-agent,-1,load_50tps
2026-08-05T21:28:10Z,compare-am-gp-n3-4-16-i-adv-mysql-2,xtrabackup,24428544,load_50tps
2026-08-05T21:28:43Z,compare-am-gp-n3-4-16-i-adv-mysql-0,mysql,13386063872,load_50tps
2026-08-05T21:28:43Z,compare-am-gp-n3-4-16-i-adv-mysql-0,mysqld-exporter,16027648,load_50tps
2026-08-05T21:28:43Z,compare-am-gp-n3-4-16-i-adv-mysql-0,slow-log-tailer,6180864,load_50tps
2026-08-05T21:28:43Z,compare-am-gp-n3-4-16-i-adv-mysql-0,do-agent,-1,load_50tps
2026-08-05T21:28:43Z,compare-am-gp-n3-4-16-i-adv-mysql-0,xtrabackup,18907136,load_50tps
2026-08-05T21:28:43Z,compare-am-gp-n3-4-16-i-adv-mysql-1,mysql,11031937024,load_50tps
2026-08-05T21:28:43Z,compare-am-gp-n3-4-16-i-adv-mysql-1,mysqld-exporter,15249408,load_50tps
2026-08-05T21:28:43Z,compare-am-gp-n3-4-16-i-adv-mysql-1,slow-log-tailer,6668288,load_50tps
2026-08-05T21:28:43Z,compare-am-gp-n3-4-16-i-adv-mysql-1,do-agent,-1,load_50tps
2026-08-05T21:28:43Z,compare-am-gp-n3-4-16-i-adv-mysql-1,xtrabackup,1413853184,load_50tps
2026-08-05T21:28:43Z,compare-am-gp-n3-4-16-i-adv-mysql-2,mysql,13233483776,load_50tps
2026-08-05T21:28:43Z,compare-am-gp-n3-4-16-i-adv-mysql-2,mysqld-exporter,15630336,load_50tps
2026-08-05T21:28:43Z,compare-am-gp-n3-4-16-i-adv-mysql-2,slow-log-tailer,1773568,load_50tps
2026-08-05T21:28:43Z,compare-am-gp-n3-4-16-i-adv-mysql-2,do-agent,-1,load_50tps
2026-08-05T21:28:43Z,compare-am-gp-n3-4-16-i-adv-mysql-2,xtrabackup,24395776,load_50tps
2026-08-05T21:29:16Z,compare-am-gp-n3-4-16-i-adv-mysql-0,mysql,13333999616,load_50tps
2026-08-05T21:29:16Z,compare-am-gp-n3-4-16-i-adv-mysql-0,mysqld-exporter,15900672,load_50tps
2026-08-05T21:29:16Z,compare-am-gp-n3-4-16-i-adv-mysql-0,slow-log-tailer,6627328,load_50tps
2026-08-05T21:29:16Z,compare-am-gp-n3-4-16-i-adv-mysql-0,do-agent,-1,load_50tps
2026-08-05T21:29:16Z,compare-am-gp-n3-4-16-i-adv-mysql-0,xtrabackup,18898944,load_50tps
2026-08-05T21:29:16Z,compare-am-gp-n3-4-16-i-adv-mysql-1,mysql,11058552832,load_50tps
2026-08-05T21:29:16Z,compare-am-gp-n3-4-16-i-adv-mysql-1,mysqld-exporter,14934016,load_50tps
2026-08-05T21:29:16Z,compare-am-gp-n3-4-16-i-adv-mysql-1,slow-log-tailer,6672384,load_50tps
2026-08-05T21:29:16Z,compare-am-gp-n3-4-16-i-adv-mysql-1,do-agent,-1,load_50tps
2026-08-05T21:29:16Z,compare-am-gp-n3-4-16-i-adv-mysql-1,xtrabackup,1413726208,load_50tps
2026-08-05T21:29:16Z,compare-am-gp-n3-4-16-i-adv-mysql-2,mysql,13226565632,load_50tps
2026-08-05T21:29:16Z,compare-am-gp-n3-4-16-i-adv-mysql-2,mysqld-exporter,15339520,load_50tps
2026-08-05T21:29:16Z,compare-am-gp-n3-4-16-i-adv-mysql-2,slow-log-tailer,2248704,load_50tps
2026-08-05T21:29:16Z,compare-am-gp-n3-4-16-i-adv-mysql-2,do-agent,-1,load_50tps
2026-08-05T21:29:16Z,compare-am-gp-n3-4-16-i-adv-mysql-2,xtrabackup,24494080,load_50tps
2026-08-05T21:29:48Z,compare-am-gp-n3-4-16-i-adv-mysql-0,mysql,13351137280,load_50tps
2026-08-05T21:29:48Z,compare-am-gp-n3-4-16-i-adv-mysql-0,mysqld-exporter,15925248,load_50tps
2026-08-05T21:29:48Z,compare-am-gp-n3-4-16-i-adv-mysql-0,slow-log-tailer,6823936,load_50tps
2026-08-05T21:29:48Z,compare-am-gp-n3-4-16-i-adv-mysql-0,do-agent,-1,load_50tps
2026-08-05T21:29:48Z,compare-am-gp-n3-4-16-i-adv-mysql-0,xtrabackup,18915328,load_50tps
2026-08-05T21:29:48Z,compare-am-gp-n3-4-16-i-adv-mysql-1,mysql,11086495744,load_50tps
2026-08-05T21:29:48Z,compare-am-gp-n3-4-16-i-adv-mysql-1,mysqld-exporter,14999552,load_50tps
2026-08-05T21:29:48Z,compare-am-gp-n3-4-16-i-adv-mysql-1,slow-log-tailer,6582272,load_50tps
2026-08-05T21:29:48Z,compare-am-gp-n3-4-16-i-adv-mysql-1,do-agent,-1,load_50tps
2026-08-05T21:29:48Z,compare-am-gp-n3-4-16-i-adv-mysql-1,xtrabackup,1414033408,load_50tps
2026-08-05T21:29:48Z,compare-am-gp-n3-4-16-i-adv-mysql-2,mysql,13246029824,load_50tps
2026-08-05T21:29:48Z,compare-am-gp-n3-4-16-i-adv-mysql-2,mysqld-exporter,15564800,load_50tps
2026-08-05T21:29:48Z,compare-am-gp-n3-4-16-i-adv-mysql-2,slow-log-tailer,2318336,load_50tps
2026-08-05T21:29:48Z,compare-am-gp-n3-4-16-i-adv-mysql-2,do-agent,-1,load_50tps
2026-08-05T21:29:48Z,compare-am-gp-n3-4-16-i-adv-mysql-2,xtrabackup,24371200,load_50tps
2026-08-05T21:30:20Z,compare-am-gp-n3-4-16-i-adv-mysql-0,mysql,13345480704,load_50tps
2026-08-05T21:30:20Z,compare-am-gp-n3-4-16-i-adv-mysql-0,mysqld-exporter,15974400,load_50tps
2026-08-05T21:30:20Z,compare-am-gp-n3-4-16-i-adv-mysql-0,slow-log-tailer,6602752,load_50tps
2026-08-05T21:30:20Z,compare-am-gp-n3-4-16-i-adv-mysql-0,do-agent,-1,load_50tps
2026-08-05T21:30:20Z,compare-am-gp-n3-4-16-i-adv-mysql-0,xtrabackup,18980864,load_50tps
2026-08-05T21:30:20Z,compare-am-gp-n3-4-16-i-adv-mysql-1,mysql,11112673280,load_50tps
2026-08-05T21:30:20Z,compare-am-gp-n3-4-16-i-adv-mysql-1,mysqld-exporter,15101952,load_50tps
2026-08-05T21:30:20Z,compare-am-gp-n3-4-16-i-adv-mysql-1,slow-log-tailer,6660096,load_50tps
2026-08-05T21:30:20Z,compare-am-gp-n3-4-16-i-adv-mysql-1,do-agent,-1,load_50tps
2026-08-05T21:30:20Z,compare-am-gp-n3-4-16-i-adv-mysql-1,xtrabackup,1413570560,load_50tps
2026-08-05T21:30:20Z,compare-am-gp-n3-4-16-i-adv-mysql-2,mysql,13245440000,load_50tps
2026-08-05T21:30:20Z,compare-am-gp-n3-4-16-i-adv-mysql-2,mysqld-exporter,15855616,load_50tps
2026-08-05T21:30:20Z,compare-am-gp-n3-4-16-i-adv-mysql-2,slow-log-tailer,2269184,load_50tps
2026-08-05T21:30:20Z,compare-am-gp-n3-4-16-i-adv-mysql-2,do-agent,-1,load_50tps
2026-08-05T21:30:20Z,compare-am-gp-n3-4-16-i-adv-mysql-2,xtrabackup,24469504,load_50tps
2026-08-05T21:30:53Z,compare-am-gp-n3-4-16-i-adv-mysql-0,mysql,13380038656,load_50tps
2026-08-05T21:30:53Z,compare-am-gp-n3-4-16-i-adv-mysql-0,mysqld-exporter,16203776,load_50tps
2026-08-05T21:30:53Z,compare-am-gp-n3-4-16-i-adv-mysql-0,slow-log-tailer,6823936,load_50tps
2026-08-05T21:30:53Z,compare-am-gp-n3-4-16-i-adv-mysql-0,do-agent,-1,load_50tps
2026-08-05T21:30:53Z,compare-am-gp-n3-4-16-i-adv-mysql-0,xtrabackup,18911232,load_50tps
2026-08-05T21:30:53Z,compare-am-gp-n3-4-16-i-adv-mysql-1,mysql,11140755456,load_50tps
2026-08-05T21:30:53Z,compare-am-gp-n3-4-16-i-adv-mysql-1,mysqld-exporter,15216640,load_50tps
2026-08-05T21:30:53Z,compare-am-gp-n3-4-16-i-adv-mysql-1,slow-log-tailer,6717440,load_50tps
2026-08-05T21:30:53Z,compare-am-gp-n3-4-16-i-adv-mysql-1,do-agent,-1,load_50tps
2026-08-05T21:30:53Z,compare-am-gp-n3-4-16-i-adv-mysql-1,xtrabackup,1413537792,load_50tps
2026-08-05T21:30:53Z,compare-am-gp-n3-4-16-i-adv-mysql-2,mysql,13240811520,load_50tps
2026-08-05T21:30:53Z,compare-am-gp-n3-4-16-i-adv-mysql-2,mysqld-exporter,15482880,load_50tps
2026-08-05T21:30:53Z,compare-am-gp-n3-4-16-i-adv-mysql-2,slow-log-tailer,2048000,load_50tps
2026-08-05T21:30:53Z,compare-am-gp-n3-4-16-i-adv-mysql-2,do-agent,-1,load_50tps
2026-08-05T21:30:53Z,compare-am-gp-n3-4-16-i-adv-mysql-2,xtrabackup,24399872,load_50tps
2026-08-05T21:31:26Z,compare-am-gp-n3-4-16-i-adv-mysql-0,mysql,13345538048,load_50tps
2026-08-05T21:31:26Z,compare-am-gp-n3-4-16-i-adv-mysql-0,mysqld-exporter,16015360,load_50tps
2026-08-05T21:31:26Z,compare-am-gp-n3-4-16-i-adv-mysql-0,slow-log-tailer,6631424,load_50tps
2026-08-05T21:31:26Z,compare-am-gp-n3-4-16-i-adv-mysql-0,do-agent,-1,load_50tps
2026-08-05T21:31:26Z,compare-am-gp-n3-4-16-i-adv-mysql-0,xtrabackup,19107840,load_50tps
2026-08-05T21:31:26Z,compare-am-gp-n3-4-16-i-adv-mysql-1,mysql,11168309248,load_50tps
2026-08-05T21:31:26Z,compare-am-gp-n3-4-16-i-adv-mysql-1,mysqld-exporter,15462400,load_50tps
2026-08-05T21:31:26Z,compare-am-gp-n3-4-16-i-adv-mysql-1,slow-log-tailer,6737920,load_50tps
2026-08-05T21:31:26Z,compare-am-gp-n3-4-16-i-adv-mysql-1,do-agent,-1,load_50tps
2026-08-05T21:31:26Z,compare-am-gp-n3-4-16-i-adv-mysql-1,xtrabackup,1413902336,load_50tps
2026-08-05T21:31:26Z,compare-am-gp-n3-4-16-i-adv-mysql-2,mysql,13228478464,load_50tps
2026-08-05T21:31:26Z,compare-am-gp-n3-4-16-i-adv-mysql-2,mysqld-exporter,15642624,load_50tps
2026-08-05T21:31:26Z,compare-am-gp-n3-4-16-i-adv-mysql-2,slow-log-tailer,2203648,load_50tps
2026-08-05T21:31:26Z,compare-am-gp-n3-4-16-i-adv-mysql-2,do-agent,-1,load_50tps
2026-08-05T21:31:26Z,compare-am-gp-n3-4-16-i-adv-mysql-2,xtrabackup,24457216,load_50tps
2026-08-05T21:31:59Z,compare-am-gp-n3-4-16-i-adv-mysql-0,mysql,13345558528,load_50tps
2026-08-05T21:31:59Z,compare-am-gp-n3-4-16-i-adv-mysql-0,mysqld-exporter,15765504,load_50tps
2026-08-05T21:31:59Z,compare-am-gp-n3-4-16-i-adv-mysql-0,slow-log-tailer,6639616,load_50tps
2026-08-05T21:31:59Z,compare-am-gp-n3-4-16-i-adv-mysql-0,do-agent,-1,load_50tps
2026-08-05T21:31:59Z,compare-am-gp-n3-4-16-i-adv-mysql-0,xtrabackup,19013632,load_50tps
2026-08-05T21:31:59Z,compare-am-gp-n3-4-16-i-adv-mysql-1,mysql,11195629568,load_50tps
2026-08-05T21:31:59Z,compare-am-gp-n3-4-16-i-adv-mysql-1,mysqld-exporter,15503360,load_50tps
2026-08-05T21:31:59Z,compare-am-gp-n3-4-16-i-adv-mysql-1,slow-log-tailer,6586368,load_50tps
2026-08-05T21:31:59Z,compare-am-gp-n3-4-16-i-adv-mysql-1,do-agent,-1,load_50tps
2026-08-05T21:31:59Z,compare-am-gp-n3-4-16-i-adv-mysql-1,xtrabackup,1413976064,load_50tps
2026-08-05T21:31:59Z,compare-am-gp-n3-4-16-i-adv-mysql-2,mysql,13230104576,load_50tps
2026-08-05T21:31:59Z,compare-am-gp-n3-4-16-i-adv-mysql-2,mysqld-exporter,15810560,load_50tps
2026-08-05T21:31:59Z,compare-am-gp-n3-4-16-i-adv-mysql-2,slow-log-tailer,1978368,load_50tps
2026-08-05T21:31:59Z,compare-am-gp-n3-4-16-i-adv-mysql-2,do-agent,-1,load_50tps
2026-08-05T21:31:59Z,compare-am-gp-n3-4-16-i-adv-mysql-2,xtrabackup,24502272,load_50tps
2026-08-05T21:32:31Z,compare-am-gp-n3-4-16-i-adv-mysql-0,mysql,13356011520,load_50tps
2026-08-05T21:32:31Z,compare-am-gp-n3-4-16-i-adv-mysql-0,mysqld-exporter,15953920,load_50tps
2026-08-05T21:32:31Z,compare-am-gp-n3-4-16-i-adv-mysql-0,slow-log-tailer,6639616,load_50tps
2026-08-05T21:32:31Z,compare-am-gp-n3-4-16-i-adv-mysql-0,do-agent,-1,load_50tps
2026-08-05T21:32:31Z,compare-am-gp-n3-4-16-i-adv-mysql-0,xtrabackup,19156992,load_50tps
2026-08-05T21:32:31Z,compare-am-gp-n3-4-16-i-adv-mysql-1,mysql,11222859776,load_50tps
2026-08-05T21:32:31Z,compare-am-gp-n3-4-16-i-adv-mysql-1,mysqld-exporter,15355904,load_50tps
2026-08-05T21:32:31Z,compare-am-gp-n3-4-16-i-adv-mysql-1,slow-log-tailer,6594560,load_50tps
2026-08-05T21:32:31Z,compare-am-gp-n3-4-16-i-adv-mysql-1,do-agent,-1,load_50tps
2026-08-05T21:32:31Z,compare-am-gp-n3-4-16-i-adv-mysql-1,xtrabackup,1414230016,load_50tps
2026-08-05T21:32:31Z,compare-am-gp-n3-4-16-i-adv-mysql-2,mysql,13223870464,load_50tps
2026-08-05T21:32:31Z,compare-am-gp-n3-4-16-i-adv-mysql-2,mysqld-exporter,15572992,load_50tps
2026-08-05T21:32:31Z,compare-am-gp-n3-4-16-i-adv-mysql-2,slow-log-tailer,2244608,load_50tps
2026-08-05T21:32:31Z,compare-am-gp-n3-4-16-i-adv-mysql-2,do-agent,-1,load_50tps
2026-08-05T21:32:31Z,compare-am-gp-n3-4-16-i-adv-mysql-2,xtrabackup,24436736,load_50tps
2026-08-05T21:33:04Z,compare-am-gp-n3-4-16-i-adv-mysql-0,mysql,13346213888,load_50tps
2026-08-05T21:33:04Z,compare-am-gp-n3-4-16-i-adv-mysql-0,mysqld-exporter,16142336,load_50tps
2026-08-05T21:33:04Z,compare-am-gp-n3-4-16-i-adv-mysql-0,slow-log-tailer,6402048,load_50tps
2026-08-05T21:33:04Z,compare-am-gp-n3-4-16-i-adv-mysql-0,do-agent,-1,load_50tps
2026-08-05T21:33:04Z,compare-am-gp-n3-4-16-i-adv-mysql-0,xtrabackup,19017728,load_50tps
2026-08-05T21:33:04Z,compare-am-gp-n3-4-16-i-adv-mysql-1,mysql,11249770496,load_50tps
2026-08-05T21:33:04Z,compare-am-gp-n3-4-16-i-adv-mysql-1,mysqld-exporter,15462400,load_50tps
2026-08-05T21:33:04Z,compare-am-gp-n3-4-16-i-adv-mysql-1,slow-log-tailer,6529024,load_50tps
2026-08-05T21:33:04Z,compare-am-gp-n3-4-16-i-adv-mysql-1,do-agent,-1,load_50tps
2026-08-05T21:33:04Z,compare-am-gp-n3-4-16-i-adv-mysql-1,xtrabackup,1414291456,load_50tps
2026-08-05T21:33:04Z,compare-am-gp-n3-4-16-i-adv-mysql-2,mysql,13218701312,load_50tps
2026-08-05T21:33:04Z,compare-am-gp-n3-4-16-i-adv-mysql-2,mysqld-exporter,15613952,load_50tps
2026-08-05T21:33:04Z,compare-am-gp-n3-4-16-i-adv-mysql-2,slow-log-tailer,2125824,load_50tps
2026-08-05T21:33:04Z,compare-am-gp-n3-4-16-i-adv-mysql-2,do-agent,-1,load_50tps
2026-08-05T21:33:04Z,compare-am-gp-n3-4-16-i-adv-mysql-2,xtrabackup,24391680,load_50tps
2026-08-05T21:33:36Z,compare-am-gp-n3-4-16-i-adv-mysql-0,mysql,13342461952,load_50tps
2026-08-05T21:33:36Z,compare-am-gp-n3-4-16-i-adv-mysql-0,mysqld-exporter,16195584,load_50tps
2026-08-05T21:33:36Z,compare-am-gp-n3-4-16-i-adv-mysql-0,slow-log-tailer,6586368,load_50tps
2026-08-05T21:33:36Z,compare-am-gp-n3-4-16-i-adv-mysql-0,do-agent,-1,load_50tps
2026-08-05T21:33:36Z,compare-am-gp-n3-4-16-i-adv-mysql-0,xtrabackup,18931712,load_50tps
2026-08-05T21:33:36Z,compare-am-gp-n3-4-16-i-adv-mysql-1,mysql,11278389248,load_50tps
2026-08-05T21:33:36Z,compare-am-gp-n3-4-16-i-adv-mysql-1,mysqld-exporter,16060416,load_50tps
2026-08-05T21:33:36Z,compare-am-gp-n3-4-16-i-adv-mysql-1,slow-log-tailer,6463488,load_50tps
2026-08-05T21:33:36Z,compare-am-gp-n3-4-16-i-adv-mysql-1,do-agent,-1,load_50tps
2026-08-05T21:33:36Z,compare-am-gp-n3-4-16-i-adv-mysql-1,xtrabackup,1414488064,load_50tps
2026-08-05T21:33:36Z,compare-am-gp-n3-4-16-i-adv-mysql-2,mysql,13253492736,load_50tps
2026-08-05T21:33:36Z,compare-am-gp-n3-4-16-i-adv-mysql-2,mysqld-exporter,15519744,load_50tps
2026-08-05T21:33:36Z,compare-am-gp-n3-4-16-i-adv-mysql-2,slow-log-tailer,1830912,load_50tps
2026-08-05T21:33:36Z,compare-am-gp-n3-4-16-i-adv-mysql-2,do-agent,-1,load_50tps
2026-08-05T21:33:36Z,compare-am-gp-n3-4-16-i-adv-mysql-2,xtrabackup,24608768,load_50tps
2026-08-05T21:34:09Z,compare-am-gp-n3-4-16-i-adv-mysql-0,mysql,13332475904,load_50tps
2026-08-05T21:34:09Z,compare-am-gp-n3-4-16-i-adv-mysql-0,mysqld-exporter,16232448,load_50tps
2026-08-05T21:34:09Z,compare-am-gp-n3-4-16-i-adv-mysql-0,slow-log-tailer,6631424,load_50tps
2026-08-05T21:34:09Z,compare-am-gp-n3-4-16-i-adv-mysql-0,do-agent,-1,load_50tps
2026-08-05T21:34:09Z,compare-am-gp-n3-4-16-i-adv-mysql-0,xtrabackup,18907136,load_50tps
2026-08-05T21:34:09Z,compare-am-gp-n3-4-16-i-adv-mysql-1,mysql,11305746432,load_50tps
2026-08-05T21:34:09Z,compare-am-gp-n3-4-16-i-adv-mysql-1,mysqld-exporter,15880192,load_50tps
2026-08-05T21:34:09Z,compare-am-gp-n3-4-16-i-adv-mysql-1,slow-log-tailer,6705152,load_50tps
2026-08-05T21:34:09Z,compare-am-gp-n3-4-16-i-adv-mysql-1,do-agent,-1,load_50tps
2026-08-05T21:34:09Z,compare-am-gp-n3-4-16-i-adv-mysql-1,xtrabackup,1414709248,load_50tps
2026-08-05T21:34:09Z,compare-am-gp-n3-4-16-i-adv-mysql-2,mysql,13214674944,load_50tps
2026-08-05T21:34:09Z,compare-am-gp-n3-4-16-i-adv-mysql-2,mysqld-exporter,15523840,load_50tps
2026-08-05T21:34:09Z,compare-am-gp-n3-4-16-i-adv-mysql-2,slow-log-tailer,1781760,load_50tps
2026-08-05T21:34:09Z,compare-am-gp-n3-4-16-i-adv-mysql-2,do-agent,-1,load_50tps
2026-08-05T21:34:09Z,compare-am-gp-n3-4-16-i-adv-mysql-2,xtrabackup,24535040,load_50tps
2026-08-05T21:34:41Z,compare-am-gp-n3-4-16-i-adv-mysql-0,mysql,13330313216,load_50tps
2026-08-05T21:34:41Z,compare-am-gp-n3-4-16-i-adv-mysql-0,mysqld-exporter,16351232,load_50tps
2026-08-05T21:34:41Z,compare-am-gp-n3-4-16-i-adv-mysql-0,slow-log-tailer,6737920,load_50tps
2026-08-05T21:34:41Z,compare-am-gp-n3-4-16-i-adv-mysql-0,do-agent,-1,load_50tps
2026-08-05T21:34:41Z,compare-am-gp-n3-4-16-i-adv-mysql-0,xtrabackup,18907136,load_50tps
2026-08-05T21:34:41Z,compare-am-gp-n3-4-16-i-adv-mysql-1,mysql,11333533696,load_50tps
2026-08-05T21:34:41Z,compare-am-gp-n3-4-16-i-adv-mysql-1,mysqld-exporter,15622144,load_50tps
2026-08-05T21:34:41Z,compare-am-gp-n3-4-16-i-adv-mysql-1,slow-log-tailer,6549504,load_50tps
2026-08-05T21:34:41Z,compare-am-gp-n3-4-16-i-adv-mysql-1,do-agent,-1,load_50tps
2026-08-05T21:34:41Z,compare-am-gp-n3-4-16-i-adv-mysql-1,xtrabackup,1414803456,load_50tps
2026-08-05T21:34:41Z,compare-am-gp-n3-4-16-i-adv-mysql-2,mysql,13248315392,load_50tps
2026-08-05T21:34:41Z,compare-am-gp-n3-4-16-i-adv-mysql-2,mysqld-exporter,15454208,load_50tps
2026-08-05T21:34:41Z,compare-am-gp-n3-4-16-i-adv-mysql-2,slow-log-tailer,1957888,load_50tps
2026-08-05T21:34:41Z,compare-am-gp-n3-4-16-i-adv-mysql-2,do-agent,-1,load_50tps
2026-08-05T21:34:41Z,compare-am-gp-n3-4-16-i-adv-mysql-2,xtrabackup,24547328,load_50tps
2026-08-05T21:35:14Z,compare-am-gp-n3-4-16-i-adv-mysql-0,mysql,13343432704,load_50tps
2026-08-05T21:35:14Z,compare-am-gp-n3-4-16-i-adv-mysql-0,mysqld-exporter,16384000,load_50tps
2026-08-05T21:35:14Z,compare-am-gp-n3-4-16-i-adv-mysql-0,slow-log-tailer,6467584,load_50tps
2026-08-05T21:35:14Z,compare-am-gp-n3-4-16-i-adv-mysql-0,do-agent,-1,load_50tps
2026-08-05T21:35:14Z,compare-am-gp-n3-4-16-i-adv-mysql-0,xtrabackup,18919424,load_50tps
2026-08-05T21:35:14Z,compare-am-gp-n3-4-16-i-adv-mysql-1,mysql,11360935936,load_50tps
2026-08-05T21:35:14Z,compare-am-gp-n3-4-16-i-adv-mysql-1,mysqld-exporter,15605760,load_50tps
2026-08-05T21:35:14Z,compare-am-gp-n3-4-16-i-adv-mysql-1,slow-log-tailer,6504448,load_50tps
2026-08-05T21:35:14Z,compare-am-gp-n3-4-16-i-adv-mysql-1,do-agent,-1,load_50tps
2026-08-05T21:35:14Z,compare-am-gp-n3-4-16-i-adv-mysql-1,xtrabackup,1415254016,load_50tps
2026-08-05T21:35:14Z,compare-am-gp-n3-4-16-i-adv-mysql-2,mysql,13247492096,load_50tps
2026-08-05T21:35:14Z,compare-am-gp-n3-4-16-i-adv-mysql-2,mysqld-exporter,15863808,load_50tps
2026-08-05T21:35:14Z,compare-am-gp-n3-4-16-i-adv-mysql-2,slow-log-tailer,2113536,load_50tps
2026-08-05T21:35:14Z,compare-am-gp-n3-4-16-i-adv-mysql-2,do-agent,-1,load_50tps
2026-08-05T21:35:14Z,compare-am-gp-n3-4-16-i-adv-mysql-2,xtrabackup,24514560,load_50tps
2026-08-05T21:35:46Z,compare-am-gp-n3-4-16-i-adv-mysql-0,mysql,13338107904,load_50tps
2026-08-05T21:35:46Z,compare-am-gp-n3-4-16-i-adv-mysql-0,mysqld-exporter,16289792,load_50tps
2026-08-05T21:35:46Z,compare-am-gp-n3-4-16-i-adv-mysql-0,slow-log-tailer,6520832,load_50tps
2026-08-05T21:35:46Z,compare-am-gp-n3-4-16-i-adv-mysql-0,do-agent,-1,load_50tps
2026-08-05T21:35:46Z,compare-am-gp-n3-4-16-i-adv-mysql-0,xtrabackup,18952192,load_50tps
2026-08-05T21:35:46Z,compare-am-gp-n3-4-16-i-adv-mysql-1,mysql,11373522944,load_50tps
2026-08-05T21:35:46Z,compare-am-gp-n3-4-16-i-adv-mysql-1,mysqld-exporter,15392768,load_50tps
2026-08-05T21:35:46Z,compare-am-gp-n3-4-16-i-adv-mysql-1,slow-log-tailer,6684672,load_50tps
2026-08-05T21:35:46Z,compare-am-gp-n3-4-16-i-adv-mysql-1,do-agent,-1,load_50tps
2026-08-05T21:35:46Z,compare-am-gp-n3-4-16-i-adv-mysql-1,xtrabackup,1393315840,load_50tps
2026-08-05T21:35:46Z,compare-am-gp-n3-4-16-i-adv-mysql-2,mysql,13253296128,load_50tps
2026-08-05T21:35:46Z,compare-am-gp-n3-4-16-i-adv-mysql-2,mysqld-exporter,15507456,load_50tps
2026-08-05T21:35:46Z,compare-am-gp-n3-4-16-i-adv-mysql-2,slow-log-tailer,1761280,load_50tps
2026-08-05T21:35:46Z,compare-am-gp-n3-4-16-i-adv-mysql-2,do-agent,-1,load_50tps
2026-08-05T21:35:46Z,compare-am-gp-n3-4-16-i-adv-mysql-2,xtrabackup,24457216,load_50tps
2026-08-05T21:36:19Z,compare-am-gp-n3-4-16-i-adv-mysql-0,mysql,13348159488,load_50tps
2026-08-05T21:36:19Z,compare-am-gp-n3-4-16-i-adv-mysql-0,mysqld-exporter,16015360,load_50tps
2026-08-05T21:36:19Z,compare-am-gp-n3-4-16-i-adv-mysql-0,slow-log-tailer,6557696,load_50tps
2026-08-05T21:36:19Z,compare-am-gp-n3-4-16-i-adv-mysql-0,do-agent,-1,load_50tps
2026-08-05T21:36:19Z,compare-am-gp-n3-4-16-i-adv-mysql-0,xtrabackup,18735104,load_50tps
2026-08-05T21:36:19Z,compare-am-gp-n3-4-16-i-adv-mysql-1,mysql,11401056256,load_50tps
2026-08-05T21:36:19Z,compare-am-gp-n3-4-16-i-adv-mysql-1,mysqld-exporter,15716352,load_50tps
2026-08-05T21:36:19Z,compare-am-gp-n3-4-16-i-adv-mysql-1,slow-log-tailer,6520832,load_50tps
2026-08-05T21:36:19Z,compare-am-gp-n3-4-16-i-adv-mysql-1,do-agent,-1,load_50tps
2026-08-05T21:36:19Z,compare-am-gp-n3-4-16-i-adv-mysql-1,xtrabackup,1393672192,load_50tps
2026-08-05T21:36:19Z,compare-am-gp-n3-4-16-i-adv-mysql-2,mysql,13227130880,load_50tps
2026-08-05T21:36:19Z,compare-am-gp-n3-4-16-i-adv-mysql-2,mysqld-exporter,15466496,load_50tps
2026-08-05T21:36:19Z,compare-am-gp-n3-4-16-i-adv-mysql-2,slow-log-tailer,1769472,load_50tps
2026-08-05T21:36:19Z,compare-am-gp-n3-4-16-i-adv-mysql-2,do-agent,-1,load_50tps
2026-08-05T21:36:19Z,compare-am-gp-n3-4-16-i-adv-mysql-2,xtrabackup,24399872,load_50tps
2026-08-05T21:36:51Z,compare-am-gp-n3-4-16-i-adv-mysql-0,mysql,13355171840,load_50tps
2026-08-05T21:36:51Z,compare-am-gp-n3-4-16-i-adv-mysql-0,mysqld-exporter,16060416,load_50tps
2026-08-05T21:36:51Z,compare-am-gp-n3-4-16-i-adv-mysql-0,slow-log-tailer,6529024,load_50tps
2026-08-05T21:36:51Z,compare-am-gp-n3-4-16-i-adv-mysql-0,do-agent,-1,load_50tps
2026-08-05T21:36:51Z,compare-am-gp-n3-4-16-i-adv-mysql-0,xtrabackup,19001344,load_50tps
2026-08-05T21:36:51Z,compare-am-gp-n3-4-16-i-adv-mysql-1,mysql,11430854656,load_50tps
2026-08-05T21:36:51Z,compare-am-gp-n3-4-16-i-adv-mysql-1,mysqld-exporter,15921152,load_50tps
2026-08-05T21:36:51Z,compare-am-gp-n3-4-16-i-adv-mysql-1,slow-log-tailer,6709248,load_50tps
2026-08-05T21:36:51Z,compare-am-gp-n3-4-16-i-adv-mysql-1,do-agent,-1,load_50tps
2026-08-05T21:36:51Z,compare-am-gp-n3-4-16-i-adv-mysql-1,xtrabackup,1393602560,load_50tps
2026-08-05T21:36:51Z,compare-am-gp-n3-4-16-i-adv-mysql-2,mysql,13261271040,load_50tps
2026-08-05T21:36:51Z,compare-am-gp-n3-4-16-i-adv-mysql-2,mysqld-exporter,15405056,load_50tps
2026-08-05T21:36:51Z,compare-am-gp-n3-4-16-i-adv-mysql-2,slow-log-tailer,1982464,load_50tps
2026-08-05T21:36:51Z,compare-am-gp-n3-4-16-i-adv-mysql-2,do-agent,-1,load_50tps
2026-08-05T21:36:51Z,compare-am-gp-n3-4-16-i-adv-mysql-2,xtrabackup,24510464,load_50tps
2026-08-05T21:37:24Z,compare-am-gp-n3-4-16-i-adv-mysql-0,mysql,13346942976,load_50tps
2026-08-05T21:37:24Z,compare-am-gp-n3-4-16-i-adv-mysql-0,mysqld-exporter,16039936,load_50tps
2026-08-05T21:37:24Z,compare-am-gp-n3-4-16-i-adv-mysql-0,slow-log-tailer,6606848,load_50tps
2026-08-05T21:37:24Z,compare-am-gp-n3-4-16-i-adv-mysql-0,do-agent,-1,load_50tps
2026-08-05T21:37:24Z,compare-am-gp-n3-4-16-i-adv-mysql-0,xtrabackup,18919424,load_50tps
2026-08-05T21:37:24Z,compare-am-gp-n3-4-16-i-adv-mysql-1,mysql,11458908160,load_50tps
2026-08-05T21:37:24Z,compare-am-gp-n3-4-16-i-adv-mysql-1,mysqld-exporter,15306752,load_50tps
2026-08-05T21:37:24Z,compare-am-gp-n3-4-16-i-adv-mysql-1,slow-log-tailer,6701056,load_50tps
2026-08-05T21:37:24Z,compare-am-gp-n3-4-16-i-adv-mysql-1,do-agent,-1,load_50tps
2026-08-05T21:37:24Z,compare-am-gp-n3-4-16-i-adv-mysql-1,xtrabackup,1393868800,load_50tps
2026-08-05T21:37:24Z,compare-am-gp-n3-4-16-i-adv-mysql-2,mysql,13252435968,load_50tps
2026-08-05T21:37:24Z,compare-am-gp-n3-4-16-i-adv-mysql-2,mysqld-exporter,15380480,load_50tps
2026-08-05T21:37:24Z,compare-am-gp-n3-4-16-i-adv-mysql-2,slow-log-tailer,2015232,load_50tps
2026-08-05T21:37:24Z,compare-am-gp-n3-4-16-i-adv-mysql-2,do-agent,-1,load_50tps
2026-08-05T21:37:24Z,compare-am-gp-n3-4-16-i-adv-mysql-2,xtrabackup,24391680,load_50tps
2026-08-05T21:37:57Z,compare-am-gp-n3-4-16-i-adv-mysql-0,mysql,13349634048,load_50tps
2026-08-05T21:37:57Z,compare-am-gp-n3-4-16-i-adv-mysql-0,mysqld-exporter,16068608,load_50tps
2026-08-05T21:37:57Z,compare-am-gp-n3-4-16-i-adv-mysql-0,slow-log-tailer,6430720,load_50tps
2026-08-05T21:37:57Z,compare-am-gp-n3-4-16-i-adv-mysql-0,do-agent,-1,load_50tps
2026-08-05T21:37:57Z,compare-am-gp-n3-4-16-i-adv-mysql-0,xtrabackup,18944000,load_50tps
2026-08-05T21:37:57Z,compare-am-gp-n3-4-16-i-adv-mysql-1,mysql,11488014336,load_50tps
2026-08-05T21:37:57Z,compare-am-gp-n3-4-16-i-adv-mysql-1,mysqld-exporter,15155200,load_50tps
2026-08-05T21:37:57Z,compare-am-gp-n3-4-16-i-adv-mysql-1,slow-log-tailer,6680576,load_50tps
2026-08-05T21:37:57Z,compare-am-gp-n3-4-16-i-adv-mysql-1,do-agent,-1,load_50tps
2026-08-05T21:37:57Z,compare-am-gp-n3-4-16-i-adv-mysql-1,xtrabackup,1394102272,load_50tps
2026-08-05T21:37:57Z,compare-am-gp-n3-4-16-i-adv-mysql-2,mysql,13266518016,load_50tps
2026-08-05T21:37:57Z,compare-am-gp-n3-4-16-i-adv-mysql-2,mysqld-exporter,15421440,load_50tps
2026-08-05T21:37:57Z,compare-am-gp-n3-4-16-i-adv-mysql-2,slow-log-tailer,2002944,load_50tps
2026-08-05T21:37:57Z,compare-am-gp-n3-4-16-i-adv-mysql-2,do-agent,-1,load_50tps
2026-08-05T21:37:57Z,compare-am-gp-n3-4-16-i-adv-mysql-2,xtrabackup,24387584,load_50tps
2026-08-05T21:38:29Z,compare-am-gp-n3-4-16-i-adv-mysql-0,mysql,13351297024,load_50tps
2026-08-05T21:38:29Z,compare-am-gp-n3-4-16-i-adv-mysql-0,mysqld-exporter,16031744,load_50tps
2026-08-05T21:38:29Z,compare-am-gp-n3-4-16-i-adv-mysql-0,slow-log-tailer,6410240,load_50tps
2026-08-05T21:38:29Z,compare-am-gp-n3-4-16-i-adv-mysql-0,do-agent,-1,load_50tps
2026-08-05T21:38:29Z,compare-am-gp-n3-4-16-i-adv-mysql-0,xtrabackup,19087360,load_50tps
2026-08-05T21:38:29Z,compare-am-gp-n3-4-16-i-adv-mysql-1,mysql,11515256832,load_50tps
2026-08-05T21:38:29Z,compare-am-gp-n3-4-16-i-adv-mysql-1,mysqld-exporter,15253504,load_50tps
2026-08-05T21:38:29Z,compare-am-gp-n3-4-16-i-adv-mysql-1,slow-log-tailer,6516736,load_50tps
2026-08-05T21:38:29Z,compare-am-gp-n3-4-16-i-adv-mysql-1,do-agent,-1,load_50tps
2026-08-05T21:38:29Z,compare-am-gp-n3-4-16-i-adv-mysql-1,xtrabackup,1393881088,load_50tps
2026-08-05T21:38:29Z,compare-am-gp-n3-4-16-i-adv-mysql-2,mysql,13264605184,load_50tps
2026-08-05T21:38:29Z,compare-am-gp-n3-4-16-i-adv-mysql-2,mysqld-exporter,15273984,load_50tps
2026-08-05T21:38:29Z,compare-am-gp-n3-4-16-i-adv-mysql-2,slow-log-tailer,2277376,load_50tps
2026-08-05T21:38:29Z,compare-am-gp-n3-4-16-i-adv-mysql-2,do-agent,-1,load_50tps
2026-08-05T21:38:29Z,compare-am-gp-n3-4-16-i-adv-mysql-2,xtrabackup,24428544,load_50tps
2026-08-05T21:39:02Z,compare-am-gp-n3-4-16-i-adv-mysql-0,mysql,13350977536,load_50tps
2026-08-05T21:39:02Z,compare-am-gp-n3-4-16-i-adv-mysql-0,mysqld-exporter,15917056,load_50tps
2026-08-05T21:39:02Z,compare-am-gp-n3-4-16-i-adv-mysql-0,slow-log-tailer,6787072,load_50tps
2026-08-05T21:39:02Z,compare-am-gp-n3-4-16-i-adv-mysql-0,do-agent,-1,load_50tps
2026-08-05T21:39:02Z,compare-am-gp-n3-4-16-i-adv-mysql-0,xtrabackup,19042304,load_50tps
2026-08-05T21:39:02Z,compare-am-gp-n3-4-16-i-adv-mysql-1,mysql,11543445504,load_50tps
2026-08-05T21:39:02Z,compare-am-gp-n3-4-16-i-adv-mysql-1,mysqld-exporter,15200256,load_50tps
2026-08-05T21:39:02Z,compare-am-gp-n3-4-16-i-adv-mysql-1,slow-log-tailer,6672384,load_50tps
2026-08-05T21:39:02Z,compare-am-gp-n3-4-16-i-adv-mysql-1,do-agent,-1,load_50tps
2026-08-05T21:39:02Z,compare-am-gp-n3-4-16-i-adv-mysql-1,xtrabackup,1394163712,load_50tps
2026-08-05T21:39:02Z,compare-am-gp-n3-4-16-i-adv-mysql-2,mysql,13255548928,load_50tps
2026-08-05T21:39:02Z,compare-am-gp-n3-4-16-i-adv-mysql-2,mysqld-exporter,15409152,load_50tps
2026-08-05T21:39:02Z,compare-am-gp-n3-4-16-i-adv-mysql-2,slow-log-tailer,1970176,load_50tps
2026-08-05T21:39:02Z,compare-am-gp-n3-4-16-i-adv-mysql-2,do-agent,-1,load_50tps
2026-08-05T21:39:02Z,compare-am-gp-n3-4-16-i-adv-mysql-2,xtrabackup,24399872,load_50tps
2026-08-05T21:39:34Z,compare-am-gp-n3-4-16-i-adv-mysql-0,mysql,13341249536,load_50tps
2026-08-05T21:39:34Z,compare-am-gp-n3-4-16-i-adv-mysql-0,mysqld-exporter,15892480,load_50tps
2026-08-05T21:39:34Z,compare-am-gp-n3-4-16-i-adv-mysql-0,slow-log-tailer,6668288,load_50tps
2026-08-05T21:39:34Z,compare-am-gp-n3-4-16-i-adv-mysql-0,do-agent,-1,load_50tps
2026-08-05T21:39:34Z,compare-am-gp-n3-4-16-i-adv-mysql-0,xtrabackup,19054592,load_50tps
2026-08-05T21:39:34Z,compare-am-gp-n3-4-16-i-adv-mysql-1,mysql,11556925440,load_50tps
2026-08-05T21:39:34Z,compare-am-gp-n3-4-16-i-adv-mysql-1,mysqld-exporter,15630336,load_50tps
2026-08-05T21:39:34Z,compare-am-gp-n3-4-16-i-adv-mysql-1,slow-log-tailer,6647808,load_50tps
2026-08-05T21:39:34Z,compare-am-gp-n3-4-16-i-adv-mysql-1,do-agent,-1,load_50tps
2026-08-05T21:39:34Z,compare-am-gp-n3-4-16-i-adv-mysql-1,xtrabackup,1372741632,load_50tps
2026-08-05T21:39:34Z,compare-am-gp-n3-4-16-i-adv-mysql-2,mysql,13266784256,load_50tps
2026-08-05T21:39:34Z,compare-am-gp-n3-4-16-i-adv-mysql-2,mysqld-exporter,15806464,load_50tps
2026-08-05T21:39:34Z,compare-am-gp-n3-4-16-i-adv-mysql-2,slow-log-tailer,2060288,load_50tps
2026-08-05T21:39:34Z,compare-am-gp-n3-4-16-i-adv-mysql-2,do-agent,-1,load_50tps
2026-08-05T21:39:34Z,compare-am-gp-n3-4-16-i-adv-mysql-2,xtrabackup,24375296,load_50tps
2026-08-05T21:40:07Z,compare-am-gp-n3-4-16-i-adv-mysql-0,mysql,13337550848,load_50tps
2026-08-05T21:40:07Z,compare-am-gp-n3-4-16-i-adv-mysql-0,mysqld-exporter,15908864,load_50tps
2026-08-05T21:40:07Z,compare-am-gp-n3-4-16-i-adv-mysql-0,slow-log-tailer,6598656,load_50tps
2026-08-05T21:40:07Z,compare-am-gp-n3-4-16-i-adv-mysql-0,do-agent,-1,load_50tps
2026-08-05T21:40:07Z,compare-am-gp-n3-4-16-i-adv-mysql-0,xtrabackup,19107840,load_50tps
2026-08-05T21:40:07Z,compare-am-gp-n3-4-16-i-adv-mysql-1,mysql,11572400128,load_50tps
2026-08-05T21:40:07Z,compare-am-gp-n3-4-16-i-adv-mysql-1,mysqld-exporter,15355904,load_50tps
2026-08-05T21:40:07Z,compare-am-gp-n3-4-16-i-adv-mysql-1,slow-log-tailer,6459392,load_50tps
2026-08-05T21:40:07Z,compare-am-gp-n3-4-16-i-adv-mysql-1,do-agent,-1,load_50tps
2026-08-05T21:40:07Z,compare-am-gp-n3-4-16-i-adv-mysql-1,xtrabackup,1351729152,load_50tps
2026-08-05T21:40:07Z,compare-am-gp-n3-4-16-i-adv-mysql-2,mysql,13259087872,load_50tps
2026-08-05T21:40:07Z,compare-am-gp-n3-4-16-i-adv-mysql-2,mysqld-exporter,15486976,load_50tps
2026-08-05T21:40:07Z,compare-am-gp-n3-4-16-i-adv-mysql-2,slow-log-tailer,1974272,load_50tps
2026-08-05T21:40:07Z,compare-am-gp-n3-4-16-i-adv-mysql-2,do-agent,-1,load_50tps
2026-08-05T21:40:07Z,compare-am-gp-n3-4-16-i-adv-mysql-2,xtrabackup,24395776,load_50tps
2026-08-05T21:40:39Z,compare-am-gp-n3-4-16-i-adv-mysql-0,mysql,13337624576,load_50tps
2026-08-05T21:40:39Z,compare-am-gp-n3-4-16-i-adv-mysql-0,mysqld-exporter,16211968,load_50tps
2026-08-05T21:40:39Z,compare-am-gp-n3-4-16-i-adv-mysql-0,slow-log-tailer,6631424,load_50tps
2026-08-05T21:40:39Z,compare-am-gp-n3-4-16-i-adv-mysql-0,do-agent,-1,load_50tps
2026-08-05T21:40:39Z,compare-am-gp-n3-4-16-i-adv-mysql-0,xtrabackup,18907136,load_50tps
2026-08-05T21:40:39Z,compare-am-gp-n3-4-16-i-adv-mysql-1,mysql,11573121024,load_50tps
2026-08-05T21:40:39Z,compare-am-gp-n3-4-16-i-adv-mysql-1,mysqld-exporter,15519744,load_50tps
2026-08-05T21:40:39Z,compare-am-gp-n3-4-16-i-adv-mysql-1,slow-log-tailer,6705152,load_50tps
2026-08-05T21:40:39Z,compare-am-gp-n3-4-16-i-adv-mysql-1,do-agent,-1,load_50tps
2026-08-05T21:40:39Z,compare-am-gp-n3-4-16-i-adv-mysql-1,xtrabackup,1310449664,load_50tps
2026-08-05T21:40:39Z,compare-am-gp-n3-4-16-i-adv-mysql-2,mysql,13264302080,load_50tps
2026-08-05T21:40:39Z,compare-am-gp-n3-4-16-i-adv-mysql-2,mysqld-exporter,15446016,load_50tps
2026-08-05T21:40:39Z,compare-am-gp-n3-4-16-i-adv-mysql-2,slow-log-tailer,1839104,load_50tps
2026-08-05T21:40:39Z,compare-am-gp-n3-4-16-i-adv-mysql-2,do-agent,-1,load_50tps
2026-08-05T21:40:39Z,compare-am-gp-n3-4-16-i-adv-mysql-2,xtrabackup,24498176,load_50tps
2026-08-05T21:41:12Z,compare-am-gp-n3-4-16-i-adv-mysql-0,mysql,13382045696,load_50tps
2026-08-05T21:41:12Z,compare-am-gp-n3-4-16-i-adv-mysql-0,mysqld-exporter,15671296,load_50tps
2026-08-05T21:41:12Z,compare-am-gp-n3-4-16-i-adv-mysql-0,slow-log-tailer,6500352,load_50tps
2026-08-05T21:41:12Z,compare-am-gp-n3-4-16-i-adv-mysql-0,do-agent,-1,load_50tps
2026-08-05T21:41:12Z,compare-am-gp-n3-4-16-i-adv-mysql-0,xtrabackup,18960384,load_50tps
2026-08-05T21:41:12Z,compare-am-gp-n3-4-16-i-adv-mysql-1,mysql,11533783040,load_50tps
2026-08-05T21:41:12Z,compare-am-gp-n3-4-16-i-adv-mysql-1,mysqld-exporter,15917056,load_50tps
2026-08-05T21:41:12Z,compare-am-gp-n3-4-16-i-adv-mysql-1,slow-log-tailer,6733824,load_50tps
2026-08-05T21:41:12Z,compare-am-gp-n3-4-16-i-adv-mysql-1,do-agent,-1,load_50tps
2026-08-05T21:41:12Z,compare-am-gp-n3-4-16-i-adv-mysql-1,xtrabackup,1212764160,load_50tps
2026-08-05T21:41:12Z,compare-am-gp-n3-4-16-i-adv-mysql-2,mysql,13273464832,load_50tps
2026-08-05T21:41:12Z,compare-am-gp-n3-4-16-i-adv-mysql-2,mysqld-exporter,15572992,load_50tps
2026-08-05T21:41:12Z,compare-am-gp-n3-4-16-i-adv-mysql-2,slow-log-tailer,1961984,load_50tps
2026-08-05T21:41:12Z,compare-am-gp-n3-4-16-i-adv-mysql-2,do-agent,-1,load_50tps
2026-08-05T21:41:12Z,compare-am-gp-n3-4-16-i-adv-mysql-2,xtrabackup,24621056,load_50tps
2026-08-05T21:41:45Z,compare-am-gp-n3-4-16-i-adv-mysql-0,mysql,13355905024,load_50tps
2026-08-05T21:41:45Z,compare-am-gp-n3-4-16-i-adv-mysql-0,mysqld-exporter,16482304,load_50tps
2026-08-05T21:41:45Z,compare-am-gp-n3-4-16-i-adv-mysql-0,slow-log-tailer,6639616,load_50tps
2026-08-05T21:41:45Z,compare-am-gp-n3-4-16-i-adv-mysql-0,do-agent,-1,load_50tps
2026-08-05T21:41:45Z,compare-am-gp-n3-4-16-i-adv-mysql-0,xtrabackup,19054592,load_50tps
2026-08-05T21:41:45Z,compare-am-gp-n3-4-16-i-adv-mysql-1,mysql,11567812608,load_50tps
2026-08-05T21:41:45Z,compare-am-gp-n3-4-16-i-adv-mysql-1,mysqld-exporter,15876096,load_50tps
2026-08-05T21:41:45Z,compare-am-gp-n3-4-16-i-adv-mysql-1,slow-log-tailer,6696960,load_50tps
2026-08-05T21:41:45Z,compare-am-gp-n3-4-16-i-adv-mysql-1,do-agent,-1,load_50tps
2026-08-05T21:41:45Z,compare-am-gp-n3-4-16-i-adv-mysql-1,xtrabackup,1212780544,load_50tps
2026-08-05T21:41:45Z,compare-am-gp-n3-4-16-i-adv-mysql-2,mysql,13239488512,load_50tps
2026-08-05T21:41:45Z,compare-am-gp-n3-4-16-i-adv-mysql-2,mysqld-exporter,15798272,load_50tps
2026-08-05T21:41:45Z,compare-am-gp-n3-4-16-i-adv-mysql-2,slow-log-tailer,1998848,load_50tps
2026-08-05T21:41:45Z,compare-am-gp-n3-4-16-i-adv-mysql-2,do-agent,-1,load_50tps
2026-08-05T21:41:45Z,compare-am-gp-n3-4-16-i-adv-mysql-2,xtrabackup,24535040,load_50tps
2026-08-05T21:42:17Z,compare-am-gp-n3-4-16-i-adv-mysql-0,mysql,13332807680,load_50tps
2026-08-05T21:42:17Z,compare-am-gp-n3-4-16-i-adv-mysql-0,mysqld-exporter,16007168,load_50tps
2026-08-05T21:42:17Z,compare-am-gp-n3-4-16-i-adv-mysql-0,slow-log-tailer,6672384,load_50tps
2026-08-05T21:42:17Z,compare-am-gp-n3-4-16-i-adv-mysql-0,do-agent,-1,load_50tps
2026-08-05T21:42:17Z,compare-am-gp-n3-4-16-i-adv-mysql-0,xtrabackup,18718720,load_50tps
2026-08-05T21:42:17Z,compare-am-gp-n3-4-16-i-adv-mysql-1,mysql,11601416192,load_50tps
2026-08-05T21:42:17Z,compare-am-gp-n3-4-16-i-adv-mysql-1,mysqld-exporter,15941632,load_50tps
2026-08-05T21:42:17Z,compare-am-gp-n3-4-16-i-adv-mysql-1,slow-log-tailer,6717440,load_50tps
2026-08-05T21:42:17Z,compare-am-gp-n3-4-16-i-adv-mysql-1,do-agent,-1,load_50tps
2026-08-05T21:42:17Z,compare-am-gp-n3-4-16-i-adv-mysql-1,xtrabackup,1212788736,load_50tps
2026-08-05T21:42:17Z,compare-am-gp-n3-4-16-i-adv-mysql-2,mysql,13252489216,load_50tps
2026-08-05T21:42:17Z,compare-am-gp-n3-4-16-i-adv-mysql-2,mysqld-exporter,15892480,load_50tps
2026-08-05T21:42:17Z,compare-am-gp-n3-4-16-i-adv-mysql-2,slow-log-tailer,1904640,load_50tps
2026-08-05T21:42:17Z,compare-am-gp-n3-4-16-i-adv-mysql-2,do-agent,-1,load_50tps
2026-08-05T21:42:17Z,compare-am-gp-n3-4-16-i-adv-mysql-2,xtrabackup,24391680,load_50tps
2026-08-05T21:42:50Z,compare-am-gp-n3-4-16-i-adv-mysql-0,mysql,13331402752,load_50tps
2026-08-05T21:42:50Z,compare-am-gp-n3-4-16-i-adv-mysql-0,mysqld-exporter,16023552,load_50tps
2026-08-05T21:42:50Z,compare-am-gp-n3-4-16-i-adv-mysql-0,slow-log-tailer,6668288,load_50tps
2026-08-05T21:42:50Z,compare-am-gp-n3-4-16-i-adv-mysql-0,do-agent,-1,load_50tps
2026-08-05T21:42:50Z,compare-am-gp-n3-4-16-i-adv-mysql-0,xtrabackup,19013632,load_50tps
2026-08-05T21:42:50Z,compare-am-gp-n3-4-16-i-adv-mysql-1,mysql,11635544064,load_50tps
2026-08-05T21:42:50Z,compare-am-gp-n3-4-16-i-adv-mysql-1,mysqld-exporter,15642624,load_50tps
2026-08-05T21:42:50Z,compare-am-gp-n3-4-16-i-adv-mysql-1,slow-log-tailer,6807552,load_50tps
2026-08-05T21:42:50Z,compare-am-gp-n3-4-16-i-adv-mysql-1,do-agent,-1,load_50tps
2026-08-05T21:42:50Z,compare-am-gp-n3-4-16-i-adv-mysql-1,xtrabackup,1212719104,load_50tps
2026-08-05T21:42:50Z,compare-am-gp-n3-4-16-i-adv-mysql-2,mysql,13258186752,load_50tps
2026-08-05T21:42:50Z,compare-am-gp-n3-4-16-i-adv-mysql-2,mysqld-exporter,15872000,load_50tps
2026-08-05T21:42:50Z,compare-am-gp-n3-4-16-i-adv-mysql-2,slow-log-tailer,1847296,load_50tps
2026-08-05T21:42:50Z,compare-am-gp-n3-4-16-i-adv-mysql-2,do-agent,-1,load_50tps
2026-08-05T21:42:50Z,compare-am-gp-n3-4-16-i-adv-mysql-2,xtrabackup,24477696,load_50tps
2026-08-05T21:43:22Z,compare-am-gp-n3-4-16-i-adv-mysql-0,mysql,13336989696,load_50tps
2026-08-05T21:43:22Z,compare-am-gp-n3-4-16-i-adv-mysql-0,mysqld-exporter,15630336,load_50tps
2026-08-05T21:43:22Z,compare-am-gp-n3-4-16-i-adv-mysql-0,slow-log-tailer,6504448,load_50tps
2026-08-05T21:43:22Z,compare-am-gp-n3-4-16-i-adv-mysql-0,do-agent,-1,load_50tps
2026-08-05T21:43:22Z,compare-am-gp-n3-4-16-i-adv-mysql-0,xtrabackup,18939904,load_50tps
2026-08-05T21:43:22Z,compare-am-gp-n3-4-16-i-adv-mysql-1,mysql,11669798912,load_50tps
2026-08-05T21:43:22Z,compare-am-gp-n3-4-16-i-adv-mysql-1,mysqld-exporter,16060416,load_50tps
2026-08-05T21:43:22Z,compare-am-gp-n3-4-16-i-adv-mysql-1,slow-log-tailer,6512640,load_50tps
2026-08-05T21:43:22Z,compare-am-gp-n3-4-16-i-adv-mysql-1,do-agent,-1,load_50tps
2026-08-05T21:43:22Z,compare-am-gp-n3-4-16-i-adv-mysql-1,xtrabackup,1212534784,load_50tps
2026-08-05T21:43:22Z,compare-am-gp-n3-4-16-i-adv-mysql-2,mysql,13252345856,load_50tps
2026-08-05T21:43:22Z,compare-am-gp-n3-4-16-i-adv-mysql-2,mysqld-exporter,16015360,load_50tps
2026-08-05T21:43:22Z,compare-am-gp-n3-4-16-i-adv-mysql-2,slow-log-tailer,2015232,load_50tps
2026-08-05T21:43:22Z,compare-am-gp-n3-4-16-i-adv-mysql-2,do-agent,-1,load_50tps
2026-08-05T21:43:22Z,compare-am-gp-n3-4-16-i-adv-mysql-2,xtrabackup,24432640,load_50tps
2026-08-05T21:43:55Z,compare-am-gp-n3-4-16-i-adv-mysql-0,mysql,13338697728,load_50tps
2026-08-05T21:43:55Z,compare-am-gp-n3-4-16-i-adv-mysql-0,mysqld-exporter,15364096,load_50tps
2026-08-05T21:43:55Z,compare-am-gp-n3-4-16-i-adv-mysql-0,slow-log-tailer,6639616,load_50tps
2026-08-05T21:43:55Z,compare-am-gp-n3-4-16-i-adv-mysql-0,do-agent,-1,load_50tps
2026-08-05T21:43:55Z,compare-am-gp-n3-4-16-i-adv-mysql-0,xtrabackup,18915328,load_50tps
2026-08-05T21:43:55Z,compare-am-gp-n3-4-16-i-adv-mysql-1,mysql,11702341632,load_50tps
2026-08-05T21:43:55Z,compare-am-gp-n3-4-16-i-adv-mysql-1,mysqld-exporter,16023552,load_50tps
2026-08-05T21:43:55Z,compare-am-gp-n3-4-16-i-adv-mysql-1,slow-log-tailer,6651904,load_50tps
2026-08-05T21:43:55Z,compare-am-gp-n3-4-16-i-adv-mysql-1,do-agent,-1,load_50tps
2026-08-05T21:43:55Z,compare-am-gp-n3-4-16-i-adv-mysql-1,xtrabackup,1212698624,load_50tps
2026-08-05T21:43:55Z,compare-am-gp-n3-4-16-i-adv-mysql-2,mysql,13257379840,load_50tps
2026-08-05T21:43:55Z,compare-am-gp-n3-4-16-i-adv-mysql-2,mysqld-exporter,15589376,load_50tps
2026-08-05T21:43:55Z,compare-am-gp-n3-4-16-i-adv-mysql-2,slow-log-tailer,1806336,load_50tps
2026-08-05T21:43:55Z,compare-am-gp-n3-4-16-i-adv-mysql-2,do-agent,-1,load_50tps
2026-08-05T21:43:55Z,compare-am-gp-n3-4-16-i-adv-mysql-2,xtrabackup,24453120,load_50tps
2026-08-05T21:44:27Z,compare-am-gp-n3-4-16-i-adv-mysql-0,mysql,13370327040,load_50tps
2026-08-05T21:44:27Z,compare-am-gp-n3-4-16-i-adv-mysql-0,mysqld-exporter,15417344,load_50tps
2026-08-05T21:44:27Z,compare-am-gp-n3-4-16-i-adv-mysql-0,slow-log-tailer,6676480,load_50tps
2026-08-05T21:44:27Z,compare-am-gp-n3-4-16-i-adv-mysql-0,do-agent,-1,load_50tps
2026-08-05T21:44:27Z,compare-am-gp-n3-4-16-i-adv-mysql-0,xtrabackup,18886656,load_50tps
2026-08-05T21:44:27Z,compare-am-gp-n3-4-16-i-adv-mysql-1,mysql,11736662016,load_50tps
2026-08-05T21:44:27Z,compare-am-gp-n3-4-16-i-adv-mysql-1,mysqld-exporter,15790080,load_50tps
2026-08-05T21:44:27Z,compare-am-gp-n3-4-16-i-adv-mysql-1,slow-log-tailer,6586368,load_50tps
2026-08-05T21:44:27Z,compare-am-gp-n3-4-16-i-adv-mysql-1,do-agent,-1,load_50tps
2026-08-05T21:44:27Z,compare-am-gp-n3-4-16-i-adv-mysql-1,xtrabackup,1212801024,load_50tps
2026-08-05T21:44:27Z,compare-am-gp-n3-4-16-i-adv-mysql-2,mysql,13264584704,load_50tps
2026-08-05T21:44:27Z,compare-am-gp-n3-4-16-i-adv-mysql-2,mysqld-exporter,15761408,load_50tps
2026-08-05T21:44:27Z,compare-am-gp-n3-4-16-i-adv-mysql-2,slow-log-tailer,2088960,load_50tps
2026-08-05T21:44:27Z,compare-am-gp-n3-4-16-i-adv-mysql-2,do-agent,-1,load_50tps
2026-08-05T21:44:27Z,compare-am-gp-n3-4-16-i-adv-mysql-2,xtrabackup,24436736,load_50tps
2026-08-05T21:45:00Z,compare-am-gp-n3-4-16-i-adv-mysql-0,mysql,13345411072,load_50tps
2026-08-05T21:45:00Z,compare-am-gp-n3-4-16-i-adv-mysql-0,mysqld-exporter,15609856,load_50tps
2026-08-05T21:45:00Z,compare-am-gp-n3-4-16-i-adv-mysql-0,slow-log-tailer,6541312,load_50tps
2026-08-05T21:45:00Z,compare-am-gp-n3-4-16-i-adv-mysql-0,do-agent,-1,load_50tps
2026-08-05T21:45:00Z,compare-am-gp-n3-4-16-i-adv-mysql-0,xtrabackup,18976768,load_50tps
2026-08-05T21:45:00Z,compare-am-gp-n3-4-16-i-adv-mysql-1,mysql,11771224064,load_50tps
2026-08-05T21:45:00Z,compare-am-gp-n3-4-16-i-adv-mysql-1,mysqld-exporter,16048128,load_50tps
2026-08-05T21:45:00Z,compare-am-gp-n3-4-16-i-adv-mysql-1,slow-log-tailer,6627328,load_50tps
2026-08-05T21:45:00Z,compare-am-gp-n3-4-16-i-adv-mysql-1,do-agent,-1,load_50tps
2026-08-05T21:45:00Z,compare-am-gp-n3-4-16-i-adv-mysql-1,xtrabackup,1212719104,load_50tps
2026-08-05T21:45:00Z,compare-am-gp-n3-4-16-i-adv-mysql-2,mysql,13271363584,load_50tps
2026-08-05T21:45:00Z,compare-am-gp-n3-4-16-i-adv-mysql-2,mysqld-exporter,15577088,load_50tps
2026-08-05T21:45:00Z,compare-am-gp-n3-4-16-i-adv-mysql-2,slow-log-tailer,1908736,load_50tps
2026-08-05T21:45:00Z,compare-am-gp-n3-4-16-i-adv-mysql-2,do-agent,-1,load_50tps
2026-08-05T21:45:00Z,compare-am-gp-n3-4-16-i-adv-mysql-2,xtrabackup,24350720,load_50tps
2026-08-05T21:45:33Z,compare-am-gp-n3-4-16-i-adv-mysql-0,mysql,13329678336,load_50tps
2026-08-05T21:45:33Z,compare-am-gp-n3-4-16-i-adv-mysql-0,mysqld-exporter,16232448,load_50tps
2026-08-05T21:45:33Z,compare-am-gp-n3-4-16-i-adv-mysql-0,slow-log-tailer,6524928,load_50tps
2026-08-05T21:45:33Z,compare-am-gp-n3-4-16-i-adv-mysql-0,do-agent,-1,load_50tps
2026-08-05T21:45:33Z,compare-am-gp-n3-4-16-i-adv-mysql-0,xtrabackup,19447808,load_50tps
2026-08-05T21:45:33Z,compare-am-gp-n3-4-16-i-adv-mysql-1,mysql,11787141120,load_50tps
2026-08-05T21:45:33Z,compare-am-gp-n3-4-16-i-adv-mysql-1,mysqld-exporter,15650816,load_50tps
2026-08-05T21:45:33Z,compare-am-gp-n3-4-16-i-adv-mysql-1,slow-log-tailer,6782976,load_50tps
2026-08-05T21:45:33Z,compare-am-gp-n3-4-16-i-adv-mysql-1,do-agent,-1,load_50tps
2026-08-05T21:45:33Z,compare-am-gp-n3-4-16-i-adv-mysql-1,xtrabackup,1194369024,load_50tps
2026-08-05T21:45:33Z,compare-am-gp-n3-4-16-i-adv-mysql-2,mysql,13263872000,load_50tps
2026-08-05T21:45:33Z,compare-am-gp-n3-4-16-i-adv-mysql-2,mysqld-exporter,15986688,load_50tps
2026-08-05T21:45:33Z,compare-am-gp-n3-4-16-i-adv-mysql-2,slow-log-tailer,1949696,load_50tps
2026-08-05T21:45:33Z,compare-am-gp-n3-4-16-i-adv-mysql-2,do-agent,-1,load_50tps
2026-08-05T21:45:33Z,compare-am-gp-n3-4-16-i-adv-mysql-2,xtrabackup,24485888,load_50tps
2026-08-05T21:46:06Z,compare-am-gp-n3-4-16-i-adv-mysql-0,mysql,13333872640,load_50tps
2026-08-05T21:46:06Z,compare-am-gp-n3-4-16-i-adv-mysql-0,mysqld-exporter,16228352,load_50tps
2026-08-05T21:46:06Z,compare-am-gp-n3-4-16-i-adv-mysql-0,slow-log-tailer,6496256,load_50tps
2026-08-05T21:46:06Z,compare-am-gp-n3-4-16-i-adv-mysql-0,do-agent,-1,load_50tps
2026-08-05T21:46:06Z,compare-am-gp-n3-4-16-i-adv-mysql-0,xtrabackup,19296256,load_50tps
2026-08-05T21:46:06Z,compare-am-gp-n3-4-16-i-adv-mysql-1,mysql,11801206784,load_50tps
2026-08-05T21:46:06Z,compare-am-gp-n3-4-16-i-adv-mysql-1,mysqld-exporter,15757312,load_50tps
2026-08-05T21:46:06Z,compare-am-gp-n3-4-16-i-adv-mysql-1,slow-log-tailer,6569984,load_50tps
2026-08-05T21:46:06Z,compare-am-gp-n3-4-16-i-adv-mysql-1,do-agent,-1,load_50tps
2026-08-05T21:46:06Z,compare-am-gp-n3-4-16-i-adv-mysql-1,xtrabackup,1175826432,load_50tps
2026-08-05T21:46:06Z,compare-am-gp-n3-4-16-i-adv-mysql-2,mysql,13280927744,load_50tps
2026-08-05T21:46:06Z,compare-am-gp-n3-4-16-i-adv-mysql-2,mysqld-exporter,16166912,load_50tps
2026-08-05T21:46:06Z,compare-am-gp-n3-4-16-i-adv-mysql-2,slow-log-tailer,1978368,load_50tps
2026-08-05T21:46:06Z,compare-am-gp-n3-4-16-i-adv-mysql-2,do-agent,-1,load_50tps
2026-08-05T21:46:06Z,compare-am-gp-n3-4-16-i-adv-mysql-2,xtrabackup,24481792,load_50tps
2026-08-05T21:46:38Z,compare-am-gp-n3-4-16-i-adv-mysql-0,mysql,13338263552,load_50tps
2026-08-05T21:46:38Z,compare-am-gp-n3-4-16-i-adv-mysql-0,mysqld-exporter,16265216,load_50tps
2026-08-05T21:46:38Z,compare-am-gp-n3-4-16-i-adv-mysql-0,slow-log-tailer,6725632,load_50tps
2026-08-05T21:46:38Z,compare-am-gp-n3-4-16-i-adv-mysql-0,do-agent,-1,load_50tps
2026-08-05T21:46:38Z,compare-am-gp-n3-4-16-i-adv-mysql-0,xtrabackup,19247104,load_50tps
2026-08-05T21:46:38Z,compare-am-gp-n3-4-16-i-adv-mysql-1,mysql,11796082688,load_50tps
2026-08-05T21:46:38Z,compare-am-gp-n3-4-16-i-adv-mysql-1,mysqld-exporter,15757312,load_50tps
2026-08-05T21:46:38Z,compare-am-gp-n3-4-16-i-adv-mysql-1,slow-log-tailer,6602752,load_50tps
2026-08-05T21:46:38Z,compare-am-gp-n3-4-16-i-adv-mysql-1,do-agent,-1,load_50tps
2026-08-05T21:46:38Z,compare-am-gp-n3-4-16-i-adv-mysql-1,xtrabackup,1140006912,load_50tps
2026-08-05T21:46:38Z,compare-am-gp-n3-4-16-i-adv-mysql-2,mysql,13263724544,load_50tps
2026-08-05T21:46:38Z,compare-am-gp-n3-4-16-i-adv-mysql-2,mysqld-exporter,15929344,load_50tps
2026-08-05T21:46:38Z,compare-am-gp-n3-4-16-i-adv-mysql-2,slow-log-tailer,2027520,load_50tps
2026-08-05T21:46:38Z,compare-am-gp-n3-4-16-i-adv-mysql-2,do-agent,-1,load_50tps
2026-08-05T21:46:38Z,compare-am-gp-n3-4-16-i-adv-mysql-2,xtrabackup,24395776,load_50tps
2026-08-05T21:47:11Z,compare-am-gp-n3-4-16-i-adv-mysql-0,mysql,13332963328,load_50tps
2026-08-05T21:47:11Z,compare-am-gp-n3-4-16-i-adv-mysql-0,mysqld-exporter,16285696,load_50tps
2026-08-05T21:47:11Z,compare-am-gp-n3-4-16-i-adv-mysql-0,slow-log-tailer,6504448,load_50tps
2026-08-05T21:47:11Z,compare-am-gp-n3-4-16-i-adv-mysql-0,do-agent,-1,load_50tps
2026-08-05T21:47:11Z,compare-am-gp-n3-4-16-i-adv-mysql-0,xtrabackup,19406848,load_50tps
2026-08-05T21:47:11Z,compare-am-gp-n3-4-16-i-adv-mysql-1,mysql,11828031488,load_50tps
2026-08-05T21:47:11Z,compare-am-gp-n3-4-16-i-adv-mysql-1,mysqld-exporter,15314944,load_50tps
2026-08-05T21:47:11Z,compare-am-gp-n3-4-16-i-adv-mysql-1,slow-log-tailer,6787072,load_50tps
2026-08-05T21:47:11Z,compare-am-gp-n3-4-16-i-adv-mysql-1,do-agent,-1,load_50tps
2026-08-05T21:47:11Z,compare-am-gp-n3-4-16-i-adv-mysql-1,xtrabackup,1140260864,load_50tps
2026-08-05T21:47:11Z,compare-am-gp-n3-4-16-i-adv-mysql-2,mysql,13281640448,load_50tps
2026-08-05T21:47:11Z,compare-am-gp-n3-4-16-i-adv-mysql-2,mysqld-exporter,15982592,load_50tps
2026-08-05T21:47:11Z,compare-am-gp-n3-4-16-i-adv-mysql-2,slow-log-tailer,1847296,load_50tps
2026-08-05T21:47:11Z,compare-am-gp-n3-4-16-i-adv-mysql-2,do-agent,-1,load_50tps
2026-08-05T21:47:11Z,compare-am-gp-n3-4-16-i-adv-mysql-2,xtrabackup,24547328,load_50tps
2026-08-05T21:47:43Z,compare-am-gp-n3-4-16-i-adv-mysql-0,mysql,13341310976,load_50tps
2026-08-05T21:47:43Z,compare-am-gp-n3-4-16-i-adv-mysql-0,mysqld-exporter,16199680,load_50tps
2026-08-05T21:47:43Z,compare-am-gp-n3-4-16-i-adv-mysql-0,slow-log-tailer,6643712,load_50tps
2026-08-05T21:47:43Z,compare-am-gp-n3-4-16-i-adv-mysql-0,do-agent,-1,load_50tps
2026-08-05T21:47:43Z,compare-am-gp-n3-4-16-i-adv-mysql-0,xtrabackup,19378176,load_50tps
2026-08-05T21:47:43Z,compare-am-gp-n3-4-16-i-adv-mysql-1,mysql,11861508096,load_50tps
2026-08-05T21:47:43Z,compare-am-gp-n3-4-16-i-adv-mysql-1,mysqld-exporter,15396864,load_50tps
2026-08-05T21:47:43Z,compare-am-gp-n3-4-16-i-adv-mysql-1,slow-log-tailer,6729728,load_50tps
2026-08-05T21:47:43Z,compare-am-gp-n3-4-16-i-adv-mysql-1,do-agent,-1,load_50tps
2026-08-05T21:47:43Z,compare-am-gp-n3-4-16-i-adv-mysql-1,xtrabackup,1140076544,load_50tps
2026-08-05T21:47:43Z,compare-am-gp-n3-4-16-i-adv-mysql-2,mysql,13273034752,load_50tps
2026-08-05T21:47:43Z,compare-am-gp-n3-4-16-i-adv-mysql-2,mysqld-exporter,15286272,load_50tps
2026-08-05T21:47:43Z,compare-am-gp-n3-4-16-i-adv-mysql-2,slow-log-tailer,1773568,load_50tps
2026-08-05T21:47:43Z,compare-am-gp-n3-4-16-i-adv-mysql-2,do-agent,-1,load_50tps
2026-08-05T21:47:43Z,compare-am-gp-n3-4-16-i-adv-mysql-2,xtrabackup,24653824,load_50tps
2026-08-05T21:48:15Z,compare-am-gp-n3-4-16-i-adv-mysql-0,mysql,13333741568,load_50tps
2026-08-05T21:48:15Z,compare-am-gp-n3-4-16-i-adv-mysql-0,mysqld-exporter,16162816,load_50tps
2026-08-05T21:48:15Z,compare-am-gp-n3-4-16-i-adv-mysql-0,slow-log-tailer,6750208,load_50tps
2026-08-05T21:48:15Z,compare-am-gp-n3-4-16-i-adv-mysql-0,do-agent,-1,load_50tps
2026-08-05T21:48:15Z,compare-am-gp-n3-4-16-i-adv-mysql-0,xtrabackup,19382272,load_50tps
2026-08-05T21:48:15Z,compare-am-gp-n3-4-16-i-adv-mysql-1,mysql,11938279424,load_50tps
2026-08-05T21:48:15Z,compare-am-gp-n3-4-16-i-adv-mysql-1,mysqld-exporter,15384576,load_50tps
2026-08-05T21:48:15Z,compare-am-gp-n3-4-16-i-adv-mysql-1,slow-log-tailer,6553600,load_50tps
2026-08-05T21:48:15Z,compare-am-gp-n3-4-16-i-adv-mysql-1,do-agent,-1,load_50tps
2026-08-05T21:48:15Z,compare-am-gp-n3-4-16-i-adv-mysql-1,xtrabackup,1140031488,load_50tps
2026-08-05T21:48:15Z,compare-am-gp-n3-4-16-i-adv-mysql-2,mysql,13261402112,load_50tps
2026-08-05T21:48:15Z,compare-am-gp-n3-4-16-i-adv-mysql-2,mysqld-exporter,15597568,load_50tps
2026-08-05T21:48:15Z,compare-am-gp-n3-4-16-i-adv-mysql-2,slow-log-tailer,2060288,load_50tps
2026-08-05T21:48:15Z,compare-am-gp-n3-4-16-i-adv-mysql-2,do-agent,-1,load_50tps
2026-08-05T21:48:15Z,compare-am-gp-n3-4-16-i-adv-mysql-2,xtrabackup,24498176,load_50tps
2026-08-05T21:48:48Z,compare-am-gp-n3-4-16-i-adv-mysql-0,mysql,13338214400,load_50tps
2026-08-05T21:48:48Z,compare-am-gp-n3-4-16-i-adv-mysql-0,mysqld-exporter,16015360,load_50tps
2026-08-05T21:48:48Z,compare-am-gp-n3-4-16-i-adv-mysql-0,slow-log-tailer,6807552,load_50tps
2026-08-05T21:48:48Z,compare-am-gp-n3-4-16-i-adv-mysql-0,do-agent,-1,load_50tps
2026-08-05T21:48:48Z,compare-am-gp-n3-4-16-i-adv-mysql-0,xtrabackup,19337216,load_50tps
2026-08-05T21:48:48Z,compare-am-gp-n3-4-16-i-adv-mysql-1,mysql,11905347584,load_50tps
2026-08-05T21:48:48Z,compare-am-gp-n3-4-16-i-adv-mysql-1,mysqld-exporter,15257600,load_50tps
2026-08-05T21:48:48Z,compare-am-gp-n3-4-16-i-adv-mysql-1,slow-log-tailer,6500352,load_50tps
2026-08-05T21:48:48Z,compare-am-gp-n3-4-16-i-adv-mysql-1,do-agent,-1,load_50tps
2026-08-05T21:48:48Z,compare-am-gp-n3-4-16-i-adv-mysql-1,xtrabackup,1122648064,load_50tps
2026-08-05T21:48:48Z,compare-am-gp-n3-4-16-i-adv-mysql-2,mysql,13273624576,load_50tps
2026-08-05T21:48:48Z,compare-am-gp-n3-4-16-i-adv-mysql-2,mysqld-exporter,15523840,load_50tps
2026-08-05T21:48:48Z,compare-am-gp-n3-4-16-i-adv-mysql-2,slow-log-tailer,1974272,load_50tps
2026-08-05T21:48:48Z,compare-am-gp-n3-4-16-i-adv-mysql-2,do-agent,-1,load_50tps
2026-08-05T21:48:48Z,compare-am-gp-n3-4-16-i-adv-mysql-2,xtrabackup,24440832,load_50tps
2026-08-05T21:49:20Z,compare-am-gp-n3-4-16-i-adv-mysql-0,mysql,13337227264,load_50tps
2026-08-05T21:49:20Z,compare-am-gp-n3-4-16-i-adv-mysql-0,mysqld-exporter,16867328,load_50tps
2026-08-05T21:49:20Z,compare-am-gp-n3-4-16-i-adv-mysql-0,slow-log-tailer,6578176,load_50tps
2026-08-05T21:49:20Z,compare-am-gp-n3-4-16-i-adv-mysql-0,do-agent,-1,load_50tps
2026-08-05T21:49:20Z,compare-am-gp-n3-4-16-i-adv-mysql-0,xtrabackup,19349504,load_50tps
2026-08-05T21:49:20Z,compare-am-gp-n3-4-16-i-adv-mysql-1,mysql,11922010112,load_50tps
2026-08-05T21:49:20Z,compare-am-gp-n3-4-16-i-adv-mysql-1,mysqld-exporter,15409152,load_50tps
2026-08-05T21:49:20Z,compare-am-gp-n3-4-16-i-adv-mysql-1,slow-log-tailer,6746112,load_50tps
2026-08-05T21:49:20Z,compare-am-gp-n3-4-16-i-adv-mysql-1,do-agent,-1,load_50tps
2026-08-05T21:49:20Z,compare-am-gp-n3-4-16-i-adv-mysql-1,xtrabackup,1105494016,load_50tps
2026-08-05T21:49:20Z,compare-am-gp-n3-4-16-i-adv-mysql-2,mysql,13277179904,load_50tps
2026-08-05T21:49:20Z,compare-am-gp-n3-4-16-i-adv-mysql-2,mysqld-exporter,15568896,load_50tps
2026-08-05T21:49:20Z,compare-am-gp-n3-4-16-i-adv-mysql-2,slow-log-tailer,2011136,load_50tps
2026-08-05T21:49:20Z,compare-am-gp-n3-4-16-i-adv-mysql-2,do-agent,-1,load_50tps
2026-08-05T21:49:20Z,compare-am-gp-n3-4-16-i-adv-mysql-2,xtrabackup,24567808,load_50tps
2026-08-05T21:49:53Z,compare-am-gp-n3-4-16-i-adv-mysql-0,mysql,13333250048,load_50tps
2026-08-05T21:49:53Z,compare-am-gp-n3-4-16-i-adv-mysql-0,mysqld-exporter,17018880,load_50tps
2026-08-05T21:49:53Z,compare-am-gp-n3-4-16-i-adv-mysql-0,slow-log-tailer,6414336,load_50tps
2026-08-05T21:49:53Z,compare-am-gp-n3-4-16-i-adv-mysql-0,do-agent,-1,load_50tps
2026-08-05T21:49:53Z,compare-am-gp-n3-4-16-i-adv-mysql-0,xtrabackup,19791872,load_50tps
2026-08-05T21:49:53Z,compare-am-gp-n3-4-16-i-adv-mysql-1,mysql,11950194688,load_50tps
2026-08-05T21:49:53Z,compare-am-gp-n3-4-16-i-adv-mysql-1,mysqld-exporter,15437824,load_50tps
2026-08-05T21:49:53Z,compare-am-gp-n3-4-16-i-adv-mysql-1,slow-log-tailer,6680576,load_50tps
2026-08-05T21:49:53Z,compare-am-gp-n3-4-16-i-adv-mysql-1,do-agent,-1,load_50tps
2026-08-05T21:49:53Z,compare-am-gp-n3-4-16-i-adv-mysql-1,xtrabackup,1105305600,load_50tps
2026-08-05T21:49:53Z,compare-am-gp-n3-4-16-i-adv-mysql-2,mysql,13282869248,load_50tps
2026-08-05T21:49:53Z,compare-am-gp-n3-4-16-i-adv-mysql-2,mysqld-exporter,15491072,load_50tps
2026-08-05T21:49:53Z,compare-am-gp-n3-4-16-i-adv-mysql-2,slow-log-tailer,1777664,load_50tps
2026-08-05T21:49:53Z,compare-am-gp-n3-4-16-i-adv-mysql-2,do-agent,-1,load_50tps
2026-08-05T21:49:53Z,compare-am-gp-n3-4-16-i-adv-mysql-2,xtrabackup,24403968,load_50tps
2026-08-05T21:50:25Z,compare-am-gp-n3-4-16-i-adv-mysql-0,mysql,13320683520,load_50tps
2026-08-05T21:50:25Z,compare-am-gp-n3-4-16-i-adv-mysql-0,mysqld-exporter,16846848,load_50tps
2026-08-05T21:50:25Z,compare-am-gp-n3-4-16-i-adv-mysql-0,slow-log-tailer,6557696,load_50tps
2026-08-05T21:50:25Z,compare-am-gp-n3-4-16-i-adv-mysql-0,do-agent,-1,load_50tps
2026-08-05T21:50:25Z,compare-am-gp-n3-4-16-i-adv-mysql-0,xtrabackup,19529728,load_50tps
2026-08-05T21:50:25Z,compare-am-gp-n3-4-16-i-adv-mysql-1,mysql,11941900288,load_50tps
2026-08-05T21:50:25Z,compare-am-gp-n3-4-16-i-adv-mysql-1,mysqld-exporter,15400960,load_50tps
2026-08-05T21:50:25Z,compare-am-gp-n3-4-16-i-adv-mysql-1,slow-log-tailer,6750208,load_50tps
2026-08-05T21:50:25Z,compare-am-gp-n3-4-16-i-adv-mysql-1,do-agent,-1,load_50tps
2026-08-05T21:50:25Z,compare-am-gp-n3-4-16-i-adv-mysql-1,xtrabackup,1071718400,load_50tps
2026-08-05T21:50:25Z,compare-am-gp-n3-4-16-i-adv-mysql-2,mysql,13253689344,load_50tps
2026-08-05T21:50:25Z,compare-am-gp-n3-4-16-i-adv-mysql-2,mysqld-exporter,15491072,load_50tps
2026-08-05T21:50:25Z,compare-am-gp-n3-4-16-i-adv-mysql-2,slow-log-tailer,2019328,load_50tps
2026-08-05T21:50:25Z,compare-am-gp-n3-4-16-i-adv-mysql-2,do-agent,-1,load_50tps
2026-08-05T21:50:25Z,compare-am-gp-n3-4-16-i-adv-mysql-2,xtrabackup,24436736,load_50tps
2026-08-05T21:50:58Z,compare-am-gp-n3-4-16-i-adv-mysql-0,mysql,13326098432,load_50tps
2026-08-05T21:50:58Z,compare-am-gp-n3-4-16-i-adv-mysql-0,mysqld-exporter,17330176,load_50tps
2026-08-05T21:50:58Z,compare-am-gp-n3-4-16-i-adv-mysql-0,slow-log-tailer,7426048,load_50tps
2026-08-05T21:50:58Z,compare-am-gp-n3-4-16-i-adv-mysql-0,do-agent,-1,load_50tps
2026-08-05T21:50:58Z,compare-am-gp-n3-4-16-i-adv-mysql-0,xtrabackup,19161088,load_50tps
2026-08-05T21:50:58Z,compare-am-gp-n3-4-16-i-adv-mysql-1,mysql,11973419008,load_50tps
2026-08-05T21:50:58Z,compare-am-gp-n3-4-16-i-adv-mysql-1,mysqld-exporter,15286272,load_50tps
2026-08-05T21:50:58Z,compare-am-gp-n3-4-16-i-adv-mysql-1,slow-log-tailer,6729728,load_50tps
2026-08-05T21:50:58Z,compare-am-gp-n3-4-16-i-adv-mysql-1,do-agent,-1,load_50tps
2026-08-05T21:50:58Z,compare-am-gp-n3-4-16-i-adv-mysql-1,xtrabackup,1071697920,load_50tps
2026-08-05T21:50:58Z,compare-am-gp-n3-4-16-i-adv-mysql-2,mysql,13280104448,load_50tps
2026-08-05T21:50:58Z,compare-am-gp-n3-4-16-i-adv-mysql-2,mysqld-exporter,15523840,load_50tps
2026-08-05T21:50:58Z,compare-am-gp-n3-4-16-i-adv-mysql-2,slow-log-tailer,1798144,load_50tps
2026-08-05T21:50:58Z,compare-am-gp-n3-4-16-i-adv-mysql-2,do-agent,-1,load_50tps
2026-08-05T21:50:58Z,compare-am-gp-n3-4-16-i-adv-mysql-2,xtrabackup,24281088,load_50tps
2026-08-05T21:51:31Z,compare-am-gp-n3-4-16-i-adv-mysql-0,mysql,13334286336,load_50tps
2026-08-05T21:51:31Z,compare-am-gp-n3-4-16-i-adv-mysql-0,mysqld-exporter,16404480,load_50tps
2026-08-05T21:51:31Z,compare-am-gp-n3-4-16-i-adv-mysql-0,slow-log-tailer,6701056,load_50tps
2026-08-05T21:51:31Z,compare-am-gp-n3-4-16-i-adv-mysql-0,do-agent,-1,load_50tps
2026-08-05T21:51:31Z,compare-am-gp-n3-4-16-i-adv-mysql-0,xtrabackup,19156992,load_50tps
2026-08-05T21:51:31Z,compare-am-gp-n3-4-16-i-adv-mysql-1,mysql,11944546304,load_50tps
2026-08-05T21:51:31Z,compare-am-gp-n3-4-16-i-adv-mysql-1,mysqld-exporter,15691776,load_50tps
2026-08-05T21:51:31Z,compare-am-gp-n3-4-16-i-adv-mysql-1,slow-log-tailer,6512640,load_50tps
2026-08-05T21:51:31Z,compare-am-gp-n3-4-16-i-adv-mysql-1,do-agent,-1,load_50tps
2026-08-05T21:51:31Z,compare-am-gp-n3-4-16-i-adv-mysql-1,xtrabackup,1023152128,load_50tps
2026-08-05T21:51:31Z,compare-am-gp-n3-4-16-i-adv-mysql-2,mysql,13270106112,load_50tps
2026-08-05T21:51:31Z,compare-am-gp-n3-4-16-i-adv-mysql-2,mysqld-exporter,15671296,load_50tps
2026-08-05T21:51:31Z,compare-am-gp-n3-4-16-i-adv-mysql-2,slow-log-tailer,1941504,load_50tps
2026-08-05T21:51:31Z,compare-am-gp-n3-4-16-i-adv-mysql-2,do-agent,-1,load_50tps
2026-08-05T21:51:31Z,compare-am-gp-n3-4-16-i-adv-mysql-2,xtrabackup,24616960,load_50tps
2026-08-05T21:52:03Z,compare-am-gp-n3-4-16-i-adv-mysql-0,mysql,13340590080,cooldown_50_100
2026-08-05T21:52:03Z,compare-am-gp-n3-4-16-i-adv-mysql-0,mysqld-exporter,16420864,cooldown_50_100
2026-08-05T21:52:03Z,compare-am-gp-n3-4-16-i-adv-mysql-0,slow-log-tailer,6516736,cooldown_50_100
2026-08-05T21:52:03Z,compare-am-gp-n3-4-16-i-adv-mysql-0,do-agent,-1,cooldown_50_100
2026-08-05T21:52:03Z,compare-am-gp-n3-4-16-i-adv-mysql-0,xtrabackup,19341312,cooldown_50_100
2026-08-05T21:52:03Z,compare-am-gp-n3-4-16-i-adv-mysql-1,mysql,11934584832,cooldown_50_100
2026-08-05T21:52:03Z,compare-am-gp-n3-4-16-i-adv-mysql-1,mysqld-exporter,15998976,cooldown_50_100
2026-08-05T21:52:03Z,compare-am-gp-n3-4-16-i-adv-mysql-1,slow-log-tailer,6819840,cooldown_50_100
2026-08-05T21:52:03Z,compare-am-gp-n3-4-16-i-adv-mysql-1,do-agent,-1,cooldown_50_100
2026-08-05T21:52:03Z,compare-am-gp-n3-4-16-i-adv-mysql-1,xtrabackup,1007177728,cooldown_50_100
2026-08-05T21:52:03Z,compare-am-gp-n3-4-16-i-adv-mysql-2,mysql,13232390144,cooldown_50_100
2026-08-05T21:52:03Z,compare-am-gp-n3-4-16-i-adv-mysql-2,mysqld-exporter,15593472,cooldown_50_100
2026-08-05T21:52:03Z,compare-am-gp-n3-4-16-i-adv-mysql-2,slow-log-tailer,2277376,cooldown_50_100
2026-08-05T21:52:03Z,compare-am-gp-n3-4-16-i-adv-mysql-2,do-agent,-1,cooldown_50_100
2026-08-05T21:52:03Z,compare-am-gp-n3-4-16-i-adv-mysql-2,xtrabackup,24432640,cooldown_50_100
2026-08-05T21:52:36Z,compare-am-gp-n3-4-16-i-adv-mysql-0,mysql,13330857984,cooldown_50_100
2026-08-05T21:52:36Z,compare-am-gp-n3-4-16-i-adv-mysql-0,mysqld-exporter,16216064,cooldown_50_100
2026-08-05T21:52:36Z,compare-am-gp-n3-4-16-i-adv-mysql-0,slow-log-tailer,6639616,cooldown_50_100
2026-08-05T21:52:36Z,compare-am-gp-n3-4-16-i-adv-mysql-0,do-agent,-1,cooldown_50_100
2026-08-05T21:52:36Z,compare-am-gp-n3-4-16-i-adv-mysql-0,xtrabackup,19353600,cooldown_50_100
2026-08-05T21:52:36Z,compare-am-gp-n3-4-16-i-adv-mysql-1,mysql,11934580736,cooldown_50_100
2026-08-05T21:52:36Z,compare-am-gp-n3-4-16-i-adv-mysql-1,mysqld-exporter,15499264,cooldown_50_100
2026-08-05T21:52:36Z,compare-am-gp-n3-4-16-i-adv-mysql-1,slow-log-tailer,6701056,cooldown_50_100
2026-08-05T21:52:36Z,compare-am-gp-n3-4-16-i-adv-mysql-1,do-agent,-1,cooldown_50_100
2026-08-05T21:52:36Z,compare-am-gp-n3-4-16-i-adv-mysql-1,xtrabackup,1007136768,cooldown_50_100
2026-08-05T21:52:36Z,compare-am-gp-n3-4-16-i-adv-mysql-2,mysql,13231935488,cooldown_50_100
2026-08-05T21:52:36Z,compare-am-gp-n3-4-16-i-adv-mysql-2,mysqld-exporter,15495168,cooldown_50_100
2026-08-05T21:52:36Z,compare-am-gp-n3-4-16-i-adv-mysql-2,slow-log-tailer,1871872,cooldown_50_100
2026-08-05T21:52:36Z,compare-am-gp-n3-4-16-i-adv-mysql-2,do-agent,-1,cooldown_50_100
2026-08-05T21:52:36Z,compare-am-gp-n3-4-16-i-adv-mysql-2,xtrabackup,24399872,cooldown_50_100
2026-08-05T21:53:09Z,compare-am-gp-n3-4-16-i-adv-mysql-0,mysql,13329358848,cooldown_50_100
2026-08-05T21:53:09Z,compare-am-gp-n3-4-16-i-adv-mysql-0,mysqld-exporter,16375808,cooldown_50_100
2026-08-05T21:53:09Z,compare-am-gp-n3-4-16-i-adv-mysql-0,slow-log-tailer,6643712,cooldown_50_100
2026-08-05T21:53:09Z,compare-am-gp-n3-4-16-i-adv-mysql-0,do-agent,-1,cooldown_50_100
2026-08-05T21:53:09Z,compare-am-gp-n3-4-16-i-adv-mysql-0,xtrabackup,19398656,cooldown_50_100
2026-08-05T21:53:09Z,compare-am-gp-n3-4-16-i-adv-mysql-1,mysql,11934859264,cooldown_50_100
2026-08-05T21:53:09Z,compare-am-gp-n3-4-16-i-adv-mysql-1,mysqld-exporter,15548416,cooldown_50_100
2026-08-05T21:53:09Z,compare-am-gp-n3-4-16-i-adv-mysql-1,slow-log-tailer,6696960,cooldown_50_100
2026-08-05T21:53:09Z,compare-am-gp-n3-4-16-i-adv-mysql-1,do-agent,-1,cooldown_50_100
2026-08-05T21:53:09Z,compare-am-gp-n3-4-16-i-adv-mysql-1,xtrabackup,1007325184,cooldown_50_100
2026-08-05T21:53:09Z,compare-am-gp-n3-4-16-i-adv-mysql-2,mysql,13231648768,cooldown_50_100
2026-08-05T21:53:09Z,compare-am-gp-n3-4-16-i-adv-mysql-2,mysqld-exporter,15564800,cooldown_50_100
2026-08-05T21:53:09Z,compare-am-gp-n3-4-16-i-adv-mysql-2,slow-log-tailer,1974272,cooldown_50_100
2026-08-05T21:53:09Z,compare-am-gp-n3-4-16-i-adv-mysql-2,do-agent,-1,cooldown_50_100
2026-08-05T21:53:09Z,compare-am-gp-n3-4-16-i-adv-mysql-2,xtrabackup,24461312,cooldown_50_100
2026-08-05T21:53:41Z,compare-am-gp-n3-4-16-i-adv-mysql-0,mysql,13326823424,cooldown_50_100
2026-08-05T21:53:41Z,compare-am-gp-n3-4-16-i-adv-mysql-0,mysqld-exporter,16134144,cooldown_50_100
2026-08-05T21:53:41Z,compare-am-gp-n3-4-16-i-adv-mysql-0,slow-log-tailer,6451200,cooldown_50_100
2026-08-05T21:53:41Z,compare-am-gp-n3-4-16-i-adv-mysql-0,do-agent,-1,cooldown_50_100
2026-08-05T21:53:41Z,compare-am-gp-n3-4-16-i-adv-mysql-0,xtrabackup,19435520,cooldown_50_100
2026-08-05T21:53:41Z,compare-am-gp-n3-4-16-i-adv-mysql-1,mysql,11934871552,cooldown_50_100
2026-08-05T21:53:41Z,compare-am-gp-n3-4-16-i-adv-mysql-1,mysqld-exporter,15851520,cooldown_50_100
2026-08-05T21:53:41Z,compare-am-gp-n3-4-16-i-adv-mysql-1,slow-log-tailer,6709248,cooldown_50_100
2026-08-05T21:53:41Z,compare-am-gp-n3-4-16-i-adv-mysql-1,do-agent,-1,cooldown_50_100
2026-08-05T21:53:41Z,compare-am-gp-n3-4-16-i-adv-mysql-1,xtrabackup,1007149056,cooldown_50_100
2026-08-05T21:53:41Z,compare-am-gp-n3-4-16-i-adv-mysql-2,mysql,13232365568,cooldown_50_100
2026-08-05T21:53:41Z,compare-am-gp-n3-4-16-i-adv-mysql-2,mysqld-exporter,15175680,cooldown_50_100
2026-08-05T21:53:41Z,compare-am-gp-n3-4-16-i-adv-mysql-2,slow-log-tailer,2035712,cooldown_50_100
2026-08-05T21:53:41Z,compare-am-gp-n3-4-16-i-adv-mysql-2,do-agent,-1,cooldown_50_100
2026-08-05T21:53:41Z,compare-am-gp-n3-4-16-i-adv-mysql-2,xtrabackup,24383488,cooldown_50_100
2026-08-05T21:54:14Z,compare-am-gp-n3-4-16-i-adv-mysql-0,mysql,13339025408,load_100tps
2026-08-05T21:54:14Z,compare-am-gp-n3-4-16-i-adv-mysql-0,mysqld-exporter,16056320,load_100tps
2026-08-05T21:54:14Z,compare-am-gp-n3-4-16-i-adv-mysql-0,slow-log-tailer,6410240,load_100tps
2026-08-05T21:54:14Z,compare-am-gp-n3-4-16-i-adv-mysql-0,do-agent,-1,load_100tps
2026-08-05T21:54:14Z,compare-am-gp-n3-4-16-i-adv-mysql-0,xtrabackup,17113088,load_100tps
2026-08-05T21:54:14Z,compare-am-gp-n3-4-16-i-adv-mysql-1,mysql,11735060480,load_100tps
2026-08-05T21:54:14Z,compare-am-gp-n3-4-16-i-adv-mysql-1,mysqld-exporter,15515648,load_100tps
2026-08-05T21:54:14Z,compare-am-gp-n3-4-16-i-adv-mysql-1,slow-log-tailer,6606848,load_100tps
2026-08-05T21:54:14Z,compare-am-gp-n3-4-16-i-adv-mysql-1,do-agent,-1,load_100tps
2026-08-05T21:54:14Z,compare-am-gp-n3-4-16-i-adv-mysql-1,xtrabackup,1320677376,load_100tps
2026-08-05T21:54:14Z,compare-am-gp-n3-4-16-i-adv-mysql-2,mysql,13283516416,load_100tps
2026-08-05T21:54:14Z,compare-am-gp-n3-4-16-i-adv-mysql-2,mysqld-exporter,15241216,load_100tps
2026-08-05T21:54:14Z,compare-am-gp-n3-4-16-i-adv-mysql-2,slow-log-tailer,1781760,load_100tps
2026-08-05T21:54:14Z,compare-am-gp-n3-4-16-i-adv-mysql-2,do-agent,-1,load_100tps
2026-08-05T21:54:14Z,compare-am-gp-n3-4-16-i-adv-mysql-2,xtrabackup,24539136,load_100tps
2026-08-05T21:54:46Z,compare-am-gp-n3-4-16-i-adv-mysql-0,mysql,13333004288,load_100tps
2026-08-05T21:54:46Z,compare-am-gp-n3-4-16-i-adv-mysql-0,mysqld-exporter,16441344,load_100tps
2026-08-05T21:54:46Z,compare-am-gp-n3-4-16-i-adv-mysql-0,slow-log-tailer,6459392,load_100tps
2026-08-05T21:54:46Z,compare-am-gp-n3-4-16-i-adv-mysql-0,do-agent,-1,load_100tps
2026-08-05T21:54:46Z,compare-am-gp-n3-4-16-i-adv-mysql-0,xtrabackup,17301504,load_100tps
2026-08-05T21:54:46Z,compare-am-gp-n3-4-16-i-adv-mysql-1,mysql,11778367488,load_100tps
2026-08-05T21:54:46Z,compare-am-gp-n3-4-16-i-adv-mysql-1,mysqld-exporter,15450112,load_100tps
2026-08-05T21:54:46Z,compare-am-gp-n3-4-16-i-adv-mysql-1,slow-log-tailer,6688768,load_100tps
2026-08-05T21:54:46Z,compare-am-gp-n3-4-16-i-adv-mysql-1,do-agent,-1,load_100tps
2026-08-05T21:54:46Z,compare-am-gp-n3-4-16-i-adv-mysql-1,xtrabackup,1398767616,load_100tps
2026-08-05T21:54:46Z,compare-am-gp-n3-4-16-i-adv-mysql-2,mysql,13290921984,load_100tps
2026-08-05T21:54:46Z,compare-am-gp-n3-4-16-i-adv-mysql-2,mysqld-exporter,15253504,load_100tps
2026-08-05T21:54:46Z,compare-am-gp-n3-4-16-i-adv-mysql-2,slow-log-tailer,1990656,load_100tps
2026-08-05T21:54:46Z,compare-am-gp-n3-4-16-i-adv-mysql-2,do-agent,-1,load_100tps
2026-08-05T21:54:46Z,compare-am-gp-n3-4-16-i-adv-mysql-2,xtrabackup,24408064,load_100tps
2026-08-05T21:55:19Z,compare-am-gp-n3-4-16-i-adv-mysql-0,mysql,13328171008,load_100tps
2026-08-05T21:55:19Z,compare-am-gp-n3-4-16-i-adv-mysql-0,mysqld-exporter,16551936,load_100tps
2026-08-05T21:55:19Z,compare-am-gp-n3-4-16-i-adv-mysql-0,slow-log-tailer,6598656,load_100tps
2026-08-05T21:55:19Z,compare-am-gp-n3-4-16-i-adv-mysql-0,do-agent,-1,load_100tps
2026-08-05T21:55:19Z,compare-am-gp-n3-4-16-i-adv-mysql-0,xtrabackup,18382848,load_100tps
2026-08-05T21:55:19Z,compare-am-gp-n3-4-16-i-adv-mysql-1,mysql,11733286912,load_100tps
2026-08-05T21:55:19Z,compare-am-gp-n3-4-16-i-adv-mysql-1,mysqld-exporter,16011264,load_100tps
2026-08-05T21:55:19Z,compare-am-gp-n3-4-16-i-adv-mysql-1,slow-log-tailer,6656000,load_100tps
2026-08-05T21:55:19Z,compare-am-gp-n3-4-16-i-adv-mysql-1,do-agent,-1,load_100tps
2026-08-05T21:55:19Z,compare-am-gp-n3-4-16-i-adv-mysql-1,xtrabackup,1338380288,load_100tps
2026-08-05T21:55:19Z,compare-am-gp-n3-4-16-i-adv-mysql-2,mysql,13271277568,load_100tps
2026-08-05T21:55:19Z,compare-am-gp-n3-4-16-i-adv-mysql-2,mysqld-exporter,15032320,load_100tps
2026-08-05T21:55:19Z,compare-am-gp-n3-4-16-i-adv-mysql-2,slow-log-tailer,1777664,load_100tps
2026-08-05T21:55:19Z,compare-am-gp-n3-4-16-i-adv-mysql-2,do-agent,-1,load_100tps
2026-08-05T21:55:19Z,compare-am-gp-n3-4-16-i-adv-mysql-2,xtrabackup,24387584,load_100tps
2026-08-05T21:55:52Z,compare-am-gp-n3-4-16-i-adv-mysql-0,mysql,13329195008,load_100tps
2026-08-05T21:55:52Z,compare-am-gp-n3-4-16-i-adv-mysql-0,mysqld-exporter,16379904,load_100tps
2026-08-05T21:55:52Z,compare-am-gp-n3-4-16-i-adv-mysql-0,slow-log-tailer,6471680,load_100tps
2026-08-05T21:55:52Z,compare-am-gp-n3-4-16-i-adv-mysql-0,do-agent,-1,load_100tps
2026-08-05T21:55:52Z,compare-am-gp-n3-4-16-i-adv-mysql-0,xtrabackup,18284544,load_100tps
2026-08-05T21:55:52Z,compare-am-gp-n3-4-16-i-adv-mysql-1,mysql,11726852096,load_100tps
2026-08-05T21:55:52Z,compare-am-gp-n3-4-16-i-adv-mysql-1,mysqld-exporter,16011264,load_100tps
2026-08-05T21:55:52Z,compare-am-gp-n3-4-16-i-adv-mysql-1,slow-log-tailer,6660096,load_100tps
2026-08-05T21:55:52Z,compare-am-gp-n3-4-16-i-adv-mysql-1,do-agent,-1,load_100tps
2026-08-05T21:55:52Z,compare-am-gp-n3-4-16-i-adv-mysql-1,xtrabackup,1309106176,load_100tps
2026-08-05T21:55:52Z,compare-am-gp-n3-4-16-i-adv-mysql-2,mysql,13286993920,load_100tps
2026-08-05T21:55:52Z,compare-am-gp-n3-4-16-i-adv-mysql-2,mysqld-exporter,15384576,load_100tps
2026-08-05T21:55:52Z,compare-am-gp-n3-4-16-i-adv-mysql-2,slow-log-tailer,1847296,load_100tps
2026-08-05T21:55:52Z,compare-am-gp-n3-4-16-i-adv-mysql-2,do-agent,-1,load_100tps
2026-08-05T21:55:52Z,compare-am-gp-n3-4-16-i-adv-mysql-2,xtrabackup,24477696,load_100tps
2026-08-05T21:56:25Z,compare-am-gp-n3-4-16-i-adv-mysql-0,mysql,13323980800,load_100tps
2026-08-05T21:56:25Z,compare-am-gp-n3-4-16-i-adv-mysql-0,mysqld-exporter,16551936,load_100tps
2026-08-05T21:56:25Z,compare-am-gp-n3-4-16-i-adv-mysql-0,slow-log-tailer,6897664,load_100tps
2026-08-05T21:56:25Z,compare-am-gp-n3-4-16-i-adv-mysql-0,do-agent,-1,load_100tps
2026-08-05T21:56:25Z,compare-am-gp-n3-4-16-i-adv-mysql-0,xtrabackup,18362368,load_100tps
2026-08-05T21:56:25Z,compare-am-gp-n3-4-16-i-adv-mysql-1,mysql,11773972480,load_100tps
2026-08-05T21:56:25Z,compare-am-gp-n3-4-16-i-adv-mysql-1,mysqld-exporter,16171008,load_100tps
2026-08-05T21:56:25Z,compare-am-gp-n3-4-16-i-adv-mysql-1,slow-log-tailer,6569984,load_100tps
2026-08-05T21:56:25Z,compare-am-gp-n3-4-16-i-adv-mysql-1,do-agent,-1,load_100tps
2026-08-05T21:56:25Z,compare-am-gp-n3-4-16-i-adv-mysql-1,xtrabackup,1133408256,load_100tps
2026-08-05T21:56:25Z,compare-am-gp-n3-4-16-i-adv-mysql-2,mysql,13267865600,load_100tps
2026-08-05T21:56:25Z,compare-am-gp-n3-4-16-i-adv-mysql-2,mysqld-exporter,15302656,load_100tps
2026-08-05T21:56:25Z,compare-am-gp-n3-4-16-i-adv-mysql-2,slow-log-tailer,1974272,load_100tps
2026-08-05T21:56:25Z,compare-am-gp-n3-4-16-i-adv-mysql-2,do-agent,-1,load_100tps
2026-08-05T21:56:25Z,compare-am-gp-n3-4-16-i-adv-mysql-2,xtrabackup,24637440,load_100tps
2026-08-05T21:56:57Z,compare-am-gp-n3-4-16-i-adv-mysql-0,mysql,13386215424,load_100tps
2026-08-05T21:56:57Z,compare-am-gp-n3-4-16-i-adv-mysql-0,mysqld-exporter,16498688,load_100tps
2026-08-05T21:56:57Z,compare-am-gp-n3-4-16-i-adv-mysql-0,slow-log-tailer,6627328,load_100tps
2026-08-05T21:56:57Z,compare-am-gp-n3-4-16-i-adv-mysql-0,do-agent,-1,load_100tps
2026-08-05T21:56:57Z,compare-am-gp-n3-4-16-i-adv-mysql-0,xtrabackup,19595264,load_100tps
2026-08-05T21:56:57Z,compare-am-gp-n3-4-16-i-adv-mysql-1,mysql,11838849024,load_100tps
2026-08-05T21:56:57Z,compare-am-gp-n3-4-16-i-adv-mysql-1,mysqld-exporter,16011264,load_100tps
2026-08-05T21:56:57Z,compare-am-gp-n3-4-16-i-adv-mysql-1,slow-log-tailer,7118848,load_100tps
2026-08-05T21:56:57Z,compare-am-gp-n3-4-16-i-adv-mysql-1,do-agent,-1,load_100tps
2026-08-05T21:56:57Z,compare-am-gp-n3-4-16-i-adv-mysql-1,xtrabackup,752693248,load_100tps
2026-08-05T21:56:57Z,compare-am-gp-n3-4-16-i-adv-mysql-2,mysql,13283577856,load_100tps
2026-08-05T21:56:57Z,compare-am-gp-n3-4-16-i-adv-mysql-2,mysqld-exporter,15167488,load_100tps
2026-08-05T21:56:57Z,compare-am-gp-n3-4-16-i-adv-mysql-2,slow-log-tailer,1937408,load_100tps
2026-08-05T21:56:57Z,compare-am-gp-n3-4-16-i-adv-mysql-2,do-agent,-1,load_100tps
2026-08-05T21:56:57Z,compare-am-gp-n3-4-16-i-adv-mysql-2,xtrabackup,24522752,load_100tps
2026-08-05T21:57:31Z,compare-am-gp-n3-4-16-i-adv-mysql-0,mysql,13355274240,load_100tps
2026-08-05T21:57:31Z,compare-am-gp-n3-4-16-i-adv-mysql-0,mysqld-exporter,16515072,load_100tps
2026-08-05T21:57:31Z,compare-am-gp-n3-4-16-i-adv-mysql-0,slow-log-tailer,6434816,load_100tps
2026-08-05T21:57:31Z,compare-am-gp-n3-4-16-i-adv-mysql-0,do-agent,-1,load_100tps
2026-08-05T21:57:31Z,compare-am-gp-n3-4-16-i-adv-mysql-0,xtrabackup,19603456,load_100tps
2026-08-05T21:57:31Z,compare-am-gp-n3-4-16-i-adv-mysql-1,mysql,11903148032,load_100tps
2026-08-05T21:57:31Z,compare-am-gp-n3-4-16-i-adv-mysql-1,mysqld-exporter,16056320,load_100tps
2026-08-05T21:57:31Z,compare-am-gp-n3-4-16-i-adv-mysql-1,slow-log-tailer,6520832,load_100tps
2026-08-05T21:57:31Z,compare-am-gp-n3-4-16-i-adv-mysql-1,do-agent,-1,load_100tps
2026-08-05T21:57:31Z,compare-am-gp-n3-4-16-i-adv-mysql-1,xtrabackup,752345088,load_100tps
2026-08-05T21:57:31Z,compare-am-gp-n3-4-16-i-adv-mysql-2,mysql,13273210880,load_100tps
2026-08-05T21:57:31Z,compare-am-gp-n3-4-16-i-adv-mysql-2,mysqld-exporter,15163392,load_100tps
2026-08-05T21:57:31Z,compare-am-gp-n3-4-16-i-adv-mysql-2,slow-log-tailer,1986560,load_100tps
2026-08-05T21:57:31Z,compare-am-gp-n3-4-16-i-adv-mysql-2,do-agent,-1,load_100tps
2026-08-05T21:57:31Z,compare-am-gp-n3-4-16-i-adv-mysql-2,xtrabackup,24395776,load_100tps
2026-08-05T21:58:03Z,compare-am-gp-n3-4-16-i-adv-mysql-0,mysql,13336854528,load_100tps
2026-08-05T21:58:03Z,compare-am-gp-n3-4-16-i-adv-mysql-0,mysqld-exporter,16519168,load_100tps
2026-08-05T21:58:03Z,compare-am-gp-n3-4-16-i-adv-mysql-0,slow-log-tailer,6877184,load_100tps
2026-08-05T21:58:03Z,compare-am-gp-n3-4-16-i-adv-mysql-0,do-agent,-1,load_100tps
2026-08-05T21:58:03Z,compare-am-gp-n3-4-16-i-adv-mysql-0,xtrabackup,19857408,load_100tps
2026-08-05T21:58:03Z,compare-am-gp-n3-4-16-i-adv-mysql-1,mysql,11973083136,load_100tps
2026-08-05T21:58:03Z,compare-am-gp-n3-4-16-i-adv-mysql-1,mysqld-exporter,16015360,load_100tps
2026-08-05T21:58:03Z,compare-am-gp-n3-4-16-i-adv-mysql-1,slow-log-tailer,6582272,load_100tps
2026-08-05T21:58:03Z,compare-am-gp-n3-4-16-i-adv-mysql-1,do-agent,-1,load_100tps
2026-08-05T21:58:03Z,compare-am-gp-n3-4-16-i-adv-mysql-1,xtrabackup,752549888,load_100tps
2026-08-05T21:58:03Z,compare-am-gp-n3-4-16-i-adv-mysql-2,mysql,13279752192,load_100tps
2026-08-05T21:58:03Z,compare-am-gp-n3-4-16-i-adv-mysql-2,mysqld-exporter,15228928,load_100tps
2026-08-05T21:58:03Z,compare-am-gp-n3-4-16-i-adv-mysql-2,slow-log-tailer,2064384,load_100tps
2026-08-05T21:58:03Z,compare-am-gp-n3-4-16-i-adv-mysql-2,do-agent,-1,load_100tps
2026-08-05T21:58:03Z,compare-am-gp-n3-4-16-i-adv-mysql-2,xtrabackup,24461312,load_100tps
2026-08-05T21:58:37Z,compare-am-gp-n3-4-16-i-adv-mysql-0,mysql,13333692416,load_100tps
2026-08-05T21:58:37Z,compare-am-gp-n3-4-16-i-adv-mysql-0,mysqld-exporter,16412672,load_100tps
2026-08-05T21:58:37Z,compare-am-gp-n3-4-16-i-adv-mysql-0,slow-log-tailer,6635520,load_100tps
2026-08-05T21:58:37Z,compare-am-gp-n3-4-16-i-adv-mysql-0,do-agent,-1,load_100tps
2026-08-05T21:58:37Z,compare-am-gp-n3-4-16-i-adv-mysql-0,xtrabackup,19652608,load_100tps
2026-08-05T21:58:37Z,compare-am-gp-n3-4-16-i-adv-mysql-1,mysql,12039708672,load_100tps
2026-08-05T21:58:37Z,compare-am-gp-n3-4-16-i-adv-mysql-1,mysqld-exporter,15806464,load_100tps
2026-08-05T21:58:37Z,compare-am-gp-n3-4-16-i-adv-mysql-1,slow-log-tailer,6574080,load_100tps
2026-08-05T21:58:37Z,compare-am-gp-n3-4-16-i-adv-mysql-1,do-agent,-1,load_100tps
2026-08-05T21:58:37Z,compare-am-gp-n3-4-16-i-adv-mysql-1,xtrabackup,752611328,load_100tps
2026-08-05T21:58:37Z,compare-am-gp-n3-4-16-i-adv-mysql-2,mysql,13268447232,load_100tps
2026-08-05T21:58:37Z,compare-am-gp-n3-4-16-i-adv-mysql-2,mysqld-exporter,15282176,load_100tps
2026-08-05T21:58:37Z,compare-am-gp-n3-4-16-i-adv-mysql-2,slow-log-tailer,1814528,load_100tps
2026-08-05T21:58:37Z,compare-am-gp-n3-4-16-i-adv-mysql-2,do-agent,-1,load_100tps
2026-08-05T21:58:37Z,compare-am-gp-n3-4-16-i-adv-mysql-2,xtrabackup,24592384,load_100tps
2026-08-05T21:59:10Z,compare-am-gp-n3-4-16-i-adv-mysql-0,mysql,13341925376,load_100tps
2026-08-05T21:59:10Z,compare-am-gp-n3-4-16-i-adv-mysql-0,mysqld-exporter,16568320,load_100tps
2026-08-05T21:59:10Z,compare-am-gp-n3-4-16-i-adv-mysql-0,slow-log-tailer,7065600,load_100tps
2026-08-05T21:59:10Z,compare-am-gp-n3-4-16-i-adv-mysql-0,do-agent,-1,load_100tps
2026-08-05T21:59:10Z,compare-am-gp-n3-4-16-i-adv-mysql-0,xtrabackup,19623936,load_100tps
2026-08-05T21:59:10Z,compare-am-gp-n3-4-16-i-adv-mysql-1,mysql,12105449472,load_100tps
2026-08-05T21:59:10Z,compare-am-gp-n3-4-16-i-adv-mysql-1,mysqld-exporter,15187968,load_100tps
2026-08-05T21:59:10Z,compare-am-gp-n3-4-16-i-adv-mysql-1,slow-log-tailer,6746112,load_100tps
2026-08-05T21:59:10Z,compare-am-gp-n3-4-16-i-adv-mysql-1,do-agent,-1,load_100tps
2026-08-05T21:59:10Z,compare-am-gp-n3-4-16-i-adv-mysql-1,xtrabackup,752603136,load_100tps
2026-08-05T21:59:10Z,compare-am-gp-n3-4-16-i-adv-mysql-2,mysql,13277958144,load_100tps
2026-08-05T21:59:10Z,compare-am-gp-n3-4-16-i-adv-mysql-2,mysqld-exporter,15466496,load_100tps
2026-08-05T21:59:10Z,compare-am-gp-n3-4-16-i-adv-mysql-2,slow-log-tailer,1769472,load_100tps
2026-08-05T21:59:10Z,compare-am-gp-n3-4-16-i-adv-mysql-2,do-agent,-1,load_100tps
2026-08-05T21:59:10Z,compare-am-gp-n3-4-16-i-adv-mysql-2,xtrabackup,24629248,load_100tps
2026-08-05T21:59:43Z,compare-am-gp-n3-4-16-i-adv-mysql-0,mysql,13341392896,load_100tps
2026-08-05T21:59:43Z,compare-am-gp-n3-4-16-i-adv-mysql-0,mysqld-exporter,16564224,load_100tps
2026-08-05T21:59:43Z,compare-am-gp-n3-4-16-i-adv-mysql-0,slow-log-tailer,6586368,load_100tps
2026-08-05T21:59:43Z,compare-am-gp-n3-4-16-i-adv-mysql-0,do-agent,-1,load_100tps
2026-08-05T21:59:43Z,compare-am-gp-n3-4-16-i-adv-mysql-0,xtrabackup,19677184,load_100tps
2026-08-05T21:59:43Z,compare-am-gp-n3-4-16-i-adv-mysql-1,mysql,12172283904,load_100tps
2026-08-05T21:59:43Z,compare-am-gp-n3-4-16-i-adv-mysql-1,mysqld-exporter,15183872,load_100tps
2026-08-05T21:59:43Z,compare-am-gp-n3-4-16-i-adv-mysql-1,slow-log-tailer,6684672,load_100tps
2026-08-05T21:59:43Z,compare-am-gp-n3-4-16-i-adv-mysql-1,do-agent,-1,load_100tps
2026-08-05T21:59:43Z,compare-am-gp-n3-4-16-i-adv-mysql-1,xtrabackup,751538176,load_100tps
2026-08-05T21:59:43Z,compare-am-gp-n3-4-16-i-adv-mysql-2,mysql,13265760256,load_100tps
2026-08-05T21:59:43Z,compare-am-gp-n3-4-16-i-adv-mysql-2,mysqld-exporter,15360000,load_100tps
2026-08-05T21:59:43Z,compare-am-gp-n3-4-16-i-adv-mysql-2,slow-log-tailer,1875968,load_100tps
2026-08-05T21:59:43Z,compare-am-gp-n3-4-16-i-adv-mysql-2,do-agent,-1,load_100tps
2026-08-05T21:59:43Z,compare-am-gp-n3-4-16-i-adv-mysql-2,xtrabackup,24461312,load_100tps
2026-08-05T22:00:15Z,compare-am-gp-n3-4-16-i-adv-mysql-0,mysql,13341093888,load_100tps
2026-08-05T22:00:15Z,compare-am-gp-n3-4-16-i-adv-mysql-0,mysqld-exporter,16187392,load_100tps
2026-08-05T22:00:15Z,compare-am-gp-n3-4-16-i-adv-mysql-0,slow-log-tailer,6844416,load_100tps
2026-08-05T22:00:15Z,compare-am-gp-n3-4-16-i-adv-mysql-0,do-agent,-1,load_100tps
2026-08-05T22:00:15Z,compare-am-gp-n3-4-16-i-adv-mysql-0,xtrabackup,19611648,load_100tps
2026-08-05T22:00:15Z,compare-am-gp-n3-4-16-i-adv-mysql-1,mysql,12240965632,load_100tps
2026-08-05T22:00:15Z,compare-am-gp-n3-4-16-i-adv-mysql-1,mysqld-exporter,15683584,load_100tps
2026-08-05T22:00:15Z,compare-am-gp-n3-4-16-i-adv-mysql-1,slow-log-tailer,6516736,load_100tps
2026-08-05T22:00:15Z,compare-am-gp-n3-4-16-i-adv-mysql-1,do-agent,-1,load_100tps
2026-08-05T22:00:15Z,compare-am-gp-n3-4-16-i-adv-mysql-1,xtrabackup,751534080,load_100tps
2026-08-05T22:00:15Z,compare-am-gp-n3-4-16-i-adv-mysql-2,mysql,13278220288,load_100tps
2026-08-05T22:00:15Z,compare-am-gp-n3-4-16-i-adv-mysql-2,mysqld-exporter,15654912,load_100tps
2026-08-05T22:00:15Z,compare-am-gp-n3-4-16-i-adv-mysql-2,slow-log-tailer,2187264,load_100tps
2026-08-05T22:00:15Z,compare-am-gp-n3-4-16-i-adv-mysql-2,do-agent,-1,load_100tps
2026-08-05T22:00:15Z,compare-am-gp-n3-4-16-i-adv-mysql-2,xtrabackup,24477696,load_100tps
2026-08-05T22:00:49Z,compare-am-gp-n3-4-16-i-adv-mysql-0,mysql,13332856832,load_100tps
2026-08-05T22:00:49Z,compare-am-gp-n3-4-16-i-adv-mysql-0,mysqld-exporter,16261120,load_100tps
2026-08-05T22:00:49Z,compare-am-gp-n3-4-16-i-adv-mysql-0,slow-log-tailer,6594560,load_100tps
2026-08-05T22:00:49Z,compare-am-gp-n3-4-16-i-adv-mysql-0,do-agent,-1,load_100tps
2026-08-05T22:00:49Z,compare-am-gp-n3-4-16-i-adv-mysql-0,xtrabackup,19410944,load_100tps
2026-08-05T22:00:49Z,compare-am-gp-n3-4-16-i-adv-mysql-1,mysql,12307705856,load_100tps
2026-08-05T22:00:49Z,compare-am-gp-n3-4-16-i-adv-mysql-1,mysqld-exporter,15396864,load_100tps
2026-08-05T22:00:49Z,compare-am-gp-n3-4-16-i-adv-mysql-1,slow-log-tailer,6672384,load_100tps
2026-08-05T22:00:49Z,compare-am-gp-n3-4-16-i-adv-mysql-1,do-agent,-1,load_100tps
2026-08-05T22:00:49Z,compare-am-gp-n3-4-16-i-adv-mysql-1,xtrabackup,751669248,load_100tps
2026-08-05T22:00:49Z,compare-am-gp-n3-4-16-i-adv-mysql-2,mysql,13271842816,load_100tps
2026-08-05T22:00:49Z,compare-am-gp-n3-4-16-i-adv-mysql-2,mysqld-exporter,15503360,load_100tps
2026-08-05T22:00:49Z,compare-am-gp-n3-4-16-i-adv-mysql-2,slow-log-tailer,2269184,load_100tps
2026-08-05T22:00:49Z,compare-am-gp-n3-4-16-i-adv-mysql-2,do-agent,-1,load_100tps
2026-08-05T22:00:49Z,compare-am-gp-n3-4-16-i-adv-mysql-2,xtrabackup,24461312,load_100tps
2026-08-05T22:01:21Z,compare-am-gp-n3-4-16-i-adv-mysql-0,mysql,13341827072,load_100tps
2026-08-05T22:01:21Z,compare-am-gp-n3-4-16-i-adv-mysql-0,mysqld-exporter,16580608,load_100tps
2026-08-05T22:01:21Z,compare-am-gp-n3-4-16-i-adv-mysql-0,slow-log-tailer,6893568,load_100tps
2026-08-05T22:01:21Z,compare-am-gp-n3-4-16-i-adv-mysql-0,do-agent,-1,load_100tps
2026-08-05T22:01:21Z,compare-am-gp-n3-4-16-i-adv-mysql-0,xtrabackup,19664896,load_100tps
2026-08-05T22:01:21Z,compare-am-gp-n3-4-16-i-adv-mysql-1,mysql,12346937344,load_100tps
2026-08-05T22:01:21Z,compare-am-gp-n3-4-16-i-adv-mysql-1,mysqld-exporter,15310848,load_100tps
2026-08-05T22:01:21Z,compare-am-gp-n3-4-16-i-adv-mysql-1,slow-log-tailer,6569984,load_100tps
2026-08-05T22:01:21Z,compare-am-gp-n3-4-16-i-adv-mysql-1,do-agent,-1,load_100tps
2026-08-05T22:01:21Z,compare-am-gp-n3-4-16-i-adv-mysql-1,xtrabackup,739975168,load_100tps
2026-08-05T22:01:21Z,compare-am-gp-n3-4-16-i-adv-mysql-2,mysql,13276233728,load_100tps
2026-08-05T22:01:21Z,compare-am-gp-n3-4-16-i-adv-mysql-2,mysqld-exporter,15155200,load_100tps
2026-08-05T22:01:21Z,compare-am-gp-n3-4-16-i-adv-mysql-2,slow-log-tailer,1970176,load_100tps
2026-08-05T22:01:21Z,compare-am-gp-n3-4-16-i-adv-mysql-2,do-agent,-1,load_100tps
2026-08-05T22:01:21Z,compare-am-gp-n3-4-16-i-adv-mysql-2,xtrabackup,24547328,load_100tps
2026-08-05T22:01:54Z,compare-am-gp-n3-4-16-i-adv-mysql-0,mysql,13348483072,load_100tps
2026-08-05T22:01:54Z,compare-am-gp-n3-4-16-i-adv-mysql-0,mysqld-exporter,16539648,load_100tps
2026-08-05T22:01:54Z,compare-am-gp-n3-4-16-i-adv-mysql-0,slow-log-tailer,6561792,load_100tps
2026-08-05T22:01:54Z,compare-am-gp-n3-4-16-i-adv-mysql-0,do-agent,-1,load_100tps
2026-08-05T22:01:54Z,compare-am-gp-n3-4-16-i-adv-mysql-0,xtrabackup,19521536,load_100tps
2026-08-05T22:01:54Z,compare-am-gp-n3-4-16-i-adv-mysql-1,mysql,12346257408,load_100tps
2026-08-05T22:01:54Z,compare-am-gp-n3-4-16-i-adv-mysql-1,mysqld-exporter,15405056,load_100tps
2026-08-05T22:01:54Z,compare-am-gp-n3-4-16-i-adv-mysql-1,slow-log-tailer,6733824,load_100tps
2026-08-05T22:01:54Z,compare-am-gp-n3-4-16-i-adv-mysql-1,do-agent,-1,load_100tps
2026-08-05T22:01:54Z,compare-am-gp-n3-4-16-i-adv-mysql-1,xtrabackup,705953792,load_100tps
2026-08-05T22:01:54Z,compare-am-gp-n3-4-16-i-adv-mysql-2,mysql,13284392960,load_100tps
2026-08-05T22:01:54Z,compare-am-gp-n3-4-16-i-adv-mysql-2,mysqld-exporter,15261696,load_100tps
2026-08-05T22:01:54Z,compare-am-gp-n3-4-16-i-adv-mysql-2,slow-log-tailer,1945600,load_100tps
2026-08-05T22:01:54Z,compare-am-gp-n3-4-16-i-adv-mysql-2,do-agent,-1,load_100tps
2026-08-05T22:01:54Z,compare-am-gp-n3-4-16-i-adv-mysql-2,xtrabackup,24449024,load_100tps
2026-08-05T22:02:27Z,compare-am-gp-n3-4-16-i-adv-mysql-0,mysql,13375832064,load_100tps
2026-08-05T22:02:27Z,compare-am-gp-n3-4-16-i-adv-mysql-0,mysqld-exporter,16580608,load_100tps
2026-08-05T22:02:27Z,compare-am-gp-n3-4-16-i-adv-mysql-0,slow-log-tailer,6627328,load_100tps
2026-08-05T22:02:27Z,compare-am-gp-n3-4-16-i-adv-mysql-0,do-agent,-1,load_100tps
2026-08-05T22:02:27Z,compare-am-gp-n3-4-16-i-adv-mysql-0,xtrabackup,19677184,load_100tps
2026-08-05T22:02:27Z,compare-am-gp-n3-4-16-i-adv-mysql-1,mysql,12346253312,load_100tps
2026-08-05T22:02:27Z,compare-am-gp-n3-4-16-i-adv-mysql-1,mysqld-exporter,15364096,load_100tps
2026-08-05T22:02:27Z,compare-am-gp-n3-4-16-i-adv-mysql-1,slow-log-tailer,6651904,load_100tps
2026-08-05T22:02:27Z,compare-am-gp-n3-4-16-i-adv-mysql-1,do-agent,-1,load_100tps
2026-08-05T22:02:27Z,compare-am-gp-n3-4-16-i-adv-mysql-1,xtrabackup,684613632,load_100tps
2026-08-05T22:02:27Z,compare-am-gp-n3-4-16-i-adv-mysql-2,mysql,13258805248,load_100tps
2026-08-05T22:02:27Z,compare-am-gp-n3-4-16-i-adv-mysql-2,mysqld-exporter,15192064,load_100tps
2026-08-05T22:02:27Z,compare-am-gp-n3-4-16-i-adv-mysql-2,slow-log-tailer,1777664,load_100tps
2026-08-05T22:02:27Z,compare-am-gp-n3-4-16-i-adv-mysql-2,do-agent,-1,load_100tps
2026-08-05T22:02:27Z,compare-am-gp-n3-4-16-i-adv-mysql-2,xtrabackup,24473600,load_100tps
2026-08-05T22:03:00Z,compare-am-gp-n3-4-16-i-adv-mysql-0,mysql,13336596480,load_100tps
2026-08-05T22:03:00Z,compare-am-gp-n3-4-16-i-adv-mysql-0,mysqld-exporter,16588800,load_100tps
2026-08-05T22:03:00Z,compare-am-gp-n3-4-16-i-adv-mysql-0,slow-log-tailer,6463488,load_100tps
2026-08-05T22:03:00Z,compare-am-gp-n3-4-16-i-adv-mysql-0,do-agent,-1,load_100tps
2026-08-05T22:03:00Z,compare-am-gp-n3-4-16-i-adv-mysql-0,xtrabackup,19660800,load_100tps
2026-08-05T22:03:00Z,compare-am-gp-n3-4-16-i-adv-mysql-1,mysql,12414816256,load_100tps
2026-08-05T22:03:00Z,compare-am-gp-n3-4-16-i-adv-mysql-1,mysqld-exporter,15314944,load_100tps
2026-08-05T22:03:00Z,compare-am-gp-n3-4-16-i-adv-mysql-1,slow-log-tailer,6705152,load_100tps
2026-08-05T22:03:00Z,compare-am-gp-n3-4-16-i-adv-mysql-1,do-agent,-1,load_100tps
2026-08-05T22:03:00Z,compare-am-gp-n3-4-16-i-adv-mysql-1,xtrabackup,684773376,load_100tps
2026-08-05T22:03:00Z,compare-am-gp-n3-4-16-i-adv-mysql-2,mysql,13259550720,load_100tps
2026-08-05T22:03:00Z,compare-am-gp-n3-4-16-i-adv-mysql-2,mysqld-exporter,15163392,load_100tps
2026-08-05T22:03:00Z,compare-am-gp-n3-4-16-i-adv-mysql-2,slow-log-tailer,1949696,load_100tps
2026-08-05T22:03:00Z,compare-am-gp-n3-4-16-i-adv-mysql-2,do-agent,-1,load_100tps
2026-08-05T22:03:00Z,compare-am-gp-n3-4-16-i-adv-mysql-2,xtrabackup,24469504,load_100tps
2026-08-05T22:03:33Z,compare-am-gp-n3-4-16-i-adv-mysql-0,mysql,13343637504,load_100tps
2026-08-05T22:03:33Z,compare-am-gp-n3-4-16-i-adv-mysql-0,mysqld-exporter,16150528,load_100tps
2026-08-05T22:03:33Z,compare-am-gp-n3-4-16-i-adv-mysql-0,slow-log-tailer,6549504,load_100tps
2026-08-05T22:03:33Z,compare-am-gp-n3-4-16-i-adv-mysql-0,do-agent,-1,load_100tps
2026-08-05T22:03:33Z,compare-am-gp-n3-4-16-i-adv-mysql-0,xtrabackup,19640320,load_100tps
2026-08-05T22:03:33Z,compare-am-gp-n3-4-16-i-adv-mysql-1,mysql,12458164224,load_100tps
2026-08-05T22:03:33Z,compare-am-gp-n3-4-16-i-adv-mysql-1,mysqld-exporter,15953920,load_100tps
2026-08-05T22:03:33Z,compare-am-gp-n3-4-16-i-adv-mysql-1,slow-log-tailer,6492160,load_100tps
2026-08-05T22:03:33Z,compare-am-gp-n3-4-16-i-adv-mysql-1,do-agent,-1,load_100tps
2026-08-05T22:03:33Z,compare-am-gp-n3-4-16-i-adv-mysql-1,xtrabackup,674050048,load_100tps
2026-08-05T22:03:33Z,compare-am-gp-n3-4-16-i-adv-mysql-2,mysql,13268430848,load_100tps
2026-08-05T22:03:33Z,compare-am-gp-n3-4-16-i-adv-mysql-2,mysqld-exporter,15507456,load_100tps
2026-08-05T22:03:33Z,compare-am-gp-n3-4-16-i-adv-mysql-2,slow-log-tailer,1830912,load_100tps
2026-08-05T22:03:33Z,compare-am-gp-n3-4-16-i-adv-mysql-2,do-agent,-1,load_100tps
2026-08-05T22:03:33Z,compare-am-gp-n3-4-16-i-adv-mysql-2,xtrabackup,24526848,load_100tps
2026-08-05T22:04:06Z,compare-am-gp-n3-4-16-i-adv-mysql-0,mysql,13347430400,load_100tps
2026-08-05T22:04:06Z,compare-am-gp-n3-4-16-i-adv-mysql-0,mysqld-exporter,16109568,load_100tps
2026-08-05T22:04:06Z,compare-am-gp-n3-4-16-i-adv-mysql-0,slow-log-tailer,6639616,load_100tps
2026-08-05T22:04:06Z,compare-am-gp-n3-4-16-i-adv-mysql-0,do-agent,-1,load_100tps
2026-08-05T22:04:06Z,compare-am-gp-n3-4-16-i-adv-mysql-0,xtrabackup,19501056,load_100tps
2026-08-05T22:04:06Z,compare-am-gp-n3-4-16-i-adv-mysql-1,mysql,12409581568,load_100tps
2026-08-05T22:04:06Z,compare-am-gp-n3-4-16-i-adv-mysql-1,mysqld-exporter,15831040,load_100tps
2026-08-05T22:04:06Z,compare-am-gp-n3-4-16-i-adv-mysql-1,slow-log-tailer,6664192,load_100tps
2026-08-05T22:04:06Z,compare-am-gp-n3-4-16-i-adv-mysql-1,do-agent,-1,load_100tps
2026-08-05T22:04:06Z,compare-am-gp-n3-4-16-i-adv-mysql-1,xtrabackup,634327040,load_100tps
2026-08-05T22:04:06Z,compare-am-gp-n3-4-16-i-adv-mysql-2,mysql,13289373696,load_100tps
2026-08-05T22:04:06Z,compare-am-gp-n3-4-16-i-adv-mysql-2,mysqld-exporter,15233024,load_100tps
2026-08-05T22:04:06Z,compare-am-gp-n3-4-16-i-adv-mysql-2,slow-log-tailer,1847296,load_100tps
2026-08-05T22:04:06Z,compare-am-gp-n3-4-16-i-adv-mysql-2,do-agent,-1,load_100tps
2026-08-05T22:04:06Z,compare-am-gp-n3-4-16-i-adv-mysql-2,xtrabackup,24358912,load_100tps
2026-08-05T22:04:38Z,compare-am-gp-n3-4-16-i-adv-mysql-0,mysql,13340594176,load_100tps
2026-08-05T22:04:38Z,compare-am-gp-n3-4-16-i-adv-mysql-0,mysqld-exporter,16183296,load_100tps
2026-08-05T22:04:38Z,compare-am-gp-n3-4-16-i-adv-mysql-0,slow-log-tailer,6545408,load_100tps
2026-08-05T22:04:38Z,compare-am-gp-n3-4-16-i-adv-mysql-0,do-agent,-1,load_100tps
2026-08-05T22:04:38Z,compare-am-gp-n3-4-16-i-adv-mysql-0,xtrabackup,19906560,load_100tps
2026-08-05T22:04:38Z,compare-am-gp-n3-4-16-i-adv-mysql-1,mysql,12419772416,load_100tps
2026-08-05T22:04:38Z,compare-am-gp-n3-4-16-i-adv-mysql-1,mysqld-exporter,15802368,load_100tps
2026-08-05T22:04:38Z,compare-am-gp-n3-4-16-i-adv-mysql-1,slow-log-tailer,6795264,load_100tps
2026-08-05T22:04:38Z,compare-am-gp-n3-4-16-i-adv-mysql-1,do-agent,-1,load_100tps
2026-08-05T22:04:38Z,compare-am-gp-n3-4-16-i-adv-mysql-1,xtrabackup,615387136,load_100tps
2026-08-05T22:04:38Z,compare-am-gp-n3-4-16-i-adv-mysql-2,mysql,13282279424,load_100tps
2026-08-05T22:04:38Z,compare-am-gp-n3-4-16-i-adv-mysql-2,mysqld-exporter,15347712,load_100tps
2026-08-05T22:04:38Z,compare-am-gp-n3-4-16-i-adv-mysql-2,slow-log-tailer,1806336,load_100tps
2026-08-05T22:04:38Z,compare-am-gp-n3-4-16-i-adv-mysql-2,do-agent,-1,load_100tps
2026-08-05T22:04:38Z,compare-am-gp-n3-4-16-i-adv-mysql-2,xtrabackup,24379392,load_100tps
2026-08-05T22:05:11Z,compare-am-gp-n3-4-16-i-adv-mysql-0,mysql,13342408704,load_100tps
2026-08-05T22:05:11Z,compare-am-gp-n3-4-16-i-adv-mysql-0,mysqld-exporter,16044032,load_100tps
2026-08-05T22:05:11Z,compare-am-gp-n3-4-16-i-adv-mysql-0,slow-log-tailer,6623232,load_100tps
2026-08-05T22:05:11Z,compare-am-gp-n3-4-16-i-adv-mysql-0,do-agent,-1,load_100tps
2026-08-05T22:05:11Z,compare-am-gp-n3-4-16-i-adv-mysql-0,xtrabackup,19746816,load_100tps
2026-08-05T22:05:11Z,compare-am-gp-n3-4-16-i-adv-mysql-1,mysql,12403429376,load_100tps
2026-08-05T22:05:11Z,compare-am-gp-n3-4-16-i-adv-mysql-1,mysqld-exporter,15503360,load_100tps
2026-08-05T22:05:11Z,compare-am-gp-n3-4-16-i-adv-mysql-1,slow-log-tailer,6676480,load_100tps
2026-08-05T22:05:11Z,compare-am-gp-n3-4-16-i-adv-mysql-1,do-agent,-1,load_100tps
2026-08-05T22:05:11Z,compare-am-gp-n3-4-16-i-adv-mysql-1,xtrabackup,588001280,load_100tps
2026-08-05T22:05:11Z,compare-am-gp-n3-4-16-i-adv-mysql-2,mysql,13282877440,load_100tps
2026-08-05T22:05:11Z,compare-am-gp-n3-4-16-i-adv-mysql-2,mysqld-exporter,15278080,load_100tps
2026-08-05T22:05:11Z,compare-am-gp-n3-4-16-i-adv-mysql-2,slow-log-tailer,1777664,load_100tps
2026-08-05T22:05:11Z,compare-am-gp-n3-4-16-i-adv-mysql-2,do-agent,-1,load_100tps
2026-08-05T22:05:11Z,compare-am-gp-n3-4-16-i-adv-mysql-2,xtrabackup,24604672,load_100tps
2026-08-05T22:05:44Z,compare-am-gp-n3-4-16-i-adv-mysql-0,mysql,13343272960,load_100tps
2026-08-05T22:05:44Z,compare-am-gp-n3-4-16-i-adv-mysql-0,mysqld-exporter,16474112,load_100tps
2026-08-05T22:05:44Z,compare-am-gp-n3-4-16-i-adv-mysql-0,slow-log-tailer,6713344,load_100tps
2026-08-05T22:05:44Z,compare-am-gp-n3-4-16-i-adv-mysql-0,do-agent,-1,load_100tps
2026-08-05T22:05:44Z,compare-am-gp-n3-4-16-i-adv-mysql-0,xtrabackup,19656704,load_100tps
2026-08-05T22:05:44Z,compare-am-gp-n3-4-16-i-adv-mysql-1,mysql,12471574528,load_100tps
2026-08-05T22:05:44Z,compare-am-gp-n3-4-16-i-adv-mysql-1,mysqld-exporter,15331328,load_100tps
2026-08-05T22:05:44Z,compare-am-gp-n3-4-16-i-adv-mysql-1,slow-log-tailer,6590464,load_100tps
2026-08-05T22:05:44Z,compare-am-gp-n3-4-16-i-adv-mysql-1,do-agent,-1,load_100tps
2026-08-05T22:05:44Z,compare-am-gp-n3-4-16-i-adv-mysql-1,xtrabackup,587952128,load_100tps
2026-08-05T22:05:44Z,compare-am-gp-n3-4-16-i-adv-mysql-2,mysql,13283926016,load_100tps
2026-08-05T22:05:44Z,compare-am-gp-n3-4-16-i-adv-mysql-2,mysqld-exporter,15650816,load_100tps
2026-08-05T22:05:44Z,compare-am-gp-n3-4-16-i-adv-mysql-2,slow-log-tailer,1880064,load_100tps
2026-08-05T22:05:44Z,compare-am-gp-n3-4-16-i-adv-mysql-2,do-agent,-1,load_100tps
2026-08-05T22:05:44Z,compare-am-gp-n3-4-16-i-adv-mysql-2,xtrabackup,24457216,load_100tps
2026-08-05T22:06:17Z,compare-am-gp-n3-4-16-i-adv-mysql-0,mysql,13355212800,load_100tps
2026-08-05T22:06:17Z,compare-am-gp-n3-4-16-i-adv-mysql-0,mysqld-exporter,16396288,load_100tps
2026-08-05T22:06:17Z,compare-am-gp-n3-4-16-i-adv-mysql-0,slow-log-tailer,6438912,load_100tps
2026-08-05T22:06:17Z,compare-am-gp-n3-4-16-i-adv-mysql-0,do-agent,-1,load_100tps
2026-08-05T22:06:17Z,compare-am-gp-n3-4-16-i-adv-mysql-0,xtrabackup,19865600,load_100tps
2026-08-05T22:06:17Z,compare-am-gp-n3-4-16-i-adv-mysql-1,mysql,12508114944,load_100tps
2026-08-05T22:06:17Z,compare-am-gp-n3-4-16-i-adv-mysql-1,mysqld-exporter,15319040,load_100tps
2026-08-05T22:06:17Z,compare-am-gp-n3-4-16-i-adv-mysql-1,slow-log-tailer,6467584,load_100tps
2026-08-05T22:06:17Z,compare-am-gp-n3-4-16-i-adv-mysql-1,do-agent,-1,load_100tps
2026-08-05T22:06:17Z,compare-am-gp-n3-4-16-i-adv-mysql-1,xtrabackup,579026944,load_100tps
2026-08-05T22:06:17Z,compare-am-gp-n3-4-16-i-adv-mysql-2,mysql,13286494208,load_100tps
2026-08-05T22:06:17Z,compare-am-gp-n3-4-16-i-adv-mysql-2,mysqld-exporter,15544320,load_100tps
2026-08-05T22:06:17Z,compare-am-gp-n3-4-16-i-adv-mysql-2,slow-log-tailer,1794048,load_100tps
2026-08-05T22:06:17Z,compare-am-gp-n3-4-16-i-adv-mysql-2,do-agent,-1,load_100tps
2026-08-05T22:06:17Z,compare-am-gp-n3-4-16-i-adv-mysql-2,xtrabackup,24424448,load_100tps
2026-08-05T22:06:50Z,compare-am-gp-n3-4-16-i-adv-mysql-0,mysql,13386321920,load_100tps
2026-08-05T22:06:50Z,compare-am-gp-n3-4-16-i-adv-mysql-0,mysqld-exporter,16400384,load_100tps
2026-08-05T22:06:50Z,compare-am-gp-n3-4-16-i-adv-mysql-0,slow-log-tailer,6860800,load_100tps
2026-08-05T22:06:50Z,compare-am-gp-n3-4-16-i-adv-mysql-0,do-agent,-1,load_100tps
2026-08-05T22:06:50Z,compare-am-gp-n3-4-16-i-adv-mysql-0,xtrabackup,19709952,load_100tps
2026-08-05T22:06:50Z,compare-am-gp-n3-4-16-i-adv-mysql-1,mysql,12547137536,load_100tps
2026-08-05T22:06:50Z,compare-am-gp-n3-4-16-i-adv-mysql-1,mysqld-exporter,15179776,load_100tps
2026-08-05T22:06:50Z,compare-am-gp-n3-4-16-i-adv-mysql-1,slow-log-tailer,6553600,load_100tps
2026-08-05T22:06:50Z,compare-am-gp-n3-4-16-i-adv-mysql-1,do-agent,-1,load_100tps
2026-08-05T22:06:50Z,compare-am-gp-n3-4-16-i-adv-mysql-1,xtrabackup,561569792,load_100tps
2026-08-05T22:06:50Z,compare-am-gp-n3-4-16-i-adv-mysql-2,mysql,13284532224,load_100tps
2026-08-05T22:06:50Z,compare-am-gp-n3-4-16-i-adv-mysql-2,mysqld-exporter,15982592,load_100tps
2026-08-05T22:06:50Z,compare-am-gp-n3-4-16-i-adv-mysql-2,slow-log-tailer,1826816,load_100tps
2026-08-05T22:06:50Z,compare-am-gp-n3-4-16-i-adv-mysql-2,do-agent,-1,load_100tps
2026-08-05T22:06:50Z,compare-am-gp-n3-4-16-i-adv-mysql-2,xtrabackup,24588288,load_100tps
2026-08-05T22:07:23Z,compare-am-gp-n3-4-16-i-adv-mysql-0,mysql,13349879808,load_100tps
2026-08-05T22:07:23Z,compare-am-gp-n3-4-16-i-adv-mysql-0,mysqld-exporter,16904192,load_100tps
2026-08-05T22:07:23Z,compare-am-gp-n3-4-16-i-adv-mysql-0,slow-log-tailer,6631424,load_100tps
2026-08-05T22:07:23Z,compare-am-gp-n3-4-16-i-adv-mysql-0,do-agent,-1,load_100tps
2026-08-05T22:07:23Z,compare-am-gp-n3-4-16-i-adv-mysql-0,xtrabackup,19689472,load_100tps
2026-08-05T22:07:23Z,compare-am-gp-n3-4-16-i-adv-mysql-1,mysql,12469018624,load_100tps
2026-08-05T22:07:23Z,compare-am-gp-n3-4-16-i-adv-mysql-1,mysqld-exporter,16261120,load_100tps
2026-08-05T22:07:23Z,compare-am-gp-n3-4-16-i-adv-mysql-1,slow-log-tailer,6471680,load_100tps
2026-08-05T22:07:23Z,compare-am-gp-n3-4-16-i-adv-mysql-1,do-agent,-1,load_100tps
2026-08-05T22:07:23Z,compare-am-gp-n3-4-16-i-adv-mysql-1,xtrabackup,528838656,load_100tps
2026-08-05T22:07:23Z,compare-am-gp-n3-4-16-i-adv-mysql-2,mysql,13247660032,load_100tps
2026-08-05T22:07:23Z,compare-am-gp-n3-4-16-i-adv-mysql-2,mysqld-exporter,15511552,load_100tps
2026-08-05T22:07:23Z,compare-am-gp-n3-4-16-i-adv-mysql-2,slow-log-tailer,1810432,load_100tps
2026-08-05T22:07:23Z,compare-am-gp-n3-4-16-i-adv-mysql-2,do-agent,-1,load_100tps
2026-08-05T22:07:23Z,compare-am-gp-n3-4-16-i-adv-mysql-2,xtrabackup,24662016,load_100tps
2026-08-05T22:07:56Z,compare-am-gp-n3-4-16-i-adv-mysql-0,mysql,13337563136,load_100tps
2026-08-05T22:07:56Z,compare-am-gp-n3-4-16-i-adv-mysql-0,mysqld-exporter,16818176,load_100tps
2026-08-05T22:07:56Z,compare-am-gp-n3-4-16-i-adv-mysql-0,slow-log-tailer,6828032,load_100tps
2026-08-05T22:07:56Z,compare-am-gp-n3-4-16-i-adv-mysql-0,do-agent,-1,load_100tps
2026-08-05T22:07:56Z,compare-am-gp-n3-4-16-i-adv-mysql-0,xtrabackup,19673088,load_100tps
2026-08-05T22:07:56Z,compare-am-gp-n3-4-16-i-adv-mysql-1,mysql,12416856064,load_100tps
2026-08-05T22:07:56Z,compare-am-gp-n3-4-16-i-adv-mysql-1,mysqld-exporter,15933440,load_100tps
2026-08-05T22:07:56Z,compare-am-gp-n3-4-16-i-adv-mysql-1,slow-log-tailer,6615040,load_100tps
2026-08-05T22:07:56Z,compare-am-gp-n3-4-16-i-adv-mysql-1,do-agent,-1,load_100tps
2026-08-05T22:07:56Z,compare-am-gp-n3-4-16-i-adv-mysql-1,xtrabackup,528453632,load_100tps
2026-08-05T22:07:56Z,compare-am-gp-n3-4-16-i-adv-mysql-2,mysql,13276659712,load_100tps
2026-08-05T22:07:56Z,compare-am-gp-n3-4-16-i-adv-mysql-2,mysqld-exporter,15609856,load_100tps
2026-08-05T22:07:56Z,compare-am-gp-n3-4-16-i-adv-mysql-2,slow-log-tailer,1978368,load_100tps
2026-08-05T22:07:56Z,compare-am-gp-n3-4-16-i-adv-mysql-2,do-agent,-1,load_100tps
2026-08-05T22:07:56Z,compare-am-gp-n3-4-16-i-adv-mysql-2,xtrabackup,24600576,load_100tps
2026-08-05T22:08:30Z,compare-am-gp-n3-4-16-i-adv-mysql-0,mysql,13330186240,load_100tps
2026-08-05T22:08:30Z,compare-am-gp-n3-4-16-i-adv-mysql-0,mysqld-exporter,16961536,load_100tps
2026-08-05T22:08:30Z,compare-am-gp-n3-4-16-i-adv-mysql-0,slow-log-tailer,6684672,load_100tps
2026-08-05T22:08:30Z,compare-am-gp-n3-4-16-i-adv-mysql-0,do-agent,-1,load_100tps
2026-08-05T22:08:30Z,compare-am-gp-n3-4-16-i-adv-mysql-0,xtrabackup,19652608,load_100tps
2026-08-05T22:08:30Z,compare-am-gp-n3-4-16-i-adv-mysql-1,mysql,12482469888,load_100tps
2026-08-05T22:08:30Z,compare-am-gp-n3-4-16-i-adv-mysql-1,mysqld-exporter,15790080,load_100tps
2026-08-05T22:08:30Z,compare-am-gp-n3-4-16-i-adv-mysql-1,slow-log-tailer,6705152,load_100tps
2026-08-05T22:08:30Z,compare-am-gp-n3-4-16-i-adv-mysql-1,do-agent,-1,load_100tps
2026-08-05T22:08:30Z,compare-am-gp-n3-4-16-i-adv-mysql-1,xtrabackup,528371712,load_100tps
2026-08-05T22:08:30Z,compare-am-gp-n3-4-16-i-adv-mysql-2,mysql,13272068096,load_100tps
2026-08-05T22:08:30Z,compare-am-gp-n3-4-16-i-adv-mysql-2,mysqld-exporter,15302656,load_100tps
2026-08-05T22:08:30Z,compare-am-gp-n3-4-16-i-adv-mysql-2,slow-log-tailer,1781760,load_100tps
2026-08-05T22:08:30Z,compare-am-gp-n3-4-16-i-adv-mysql-2,do-agent,-1,load_100tps
2026-08-05T22:08:30Z,compare-am-gp-n3-4-16-i-adv-mysql-2,xtrabackup,24473600,load_100tps
2026-08-05T22:09:03Z,compare-am-gp-n3-4-16-i-adv-mysql-0,mysql,13332054016,load_100tps
2026-08-05T22:09:03Z,compare-am-gp-n3-4-16-i-adv-mysql-0,mysqld-exporter,16867328,load_100tps
2026-08-05T22:09:03Z,compare-am-gp-n3-4-16-i-adv-mysql-0,slow-log-tailer,6828032,load_100tps
2026-08-05T22:09:03Z,compare-am-gp-n3-4-16-i-adv-mysql-0,do-agent,-1,load_100tps
2026-08-05T22:09:03Z,compare-am-gp-n3-4-16-i-adv-mysql-0,xtrabackup,19648512,load_100tps
2026-08-05T22:09:03Z,compare-am-gp-n3-4-16-i-adv-mysql-1,mysql,12549763072,load_100tps
2026-08-05T22:09:03Z,compare-am-gp-n3-4-16-i-adv-mysql-1,mysqld-exporter,16072704,load_100tps
2026-08-05T22:09:03Z,compare-am-gp-n3-4-16-i-adv-mysql-1,slow-log-tailer,6533120,load_100tps
2026-08-05T22:09:03Z,compare-am-gp-n3-4-16-i-adv-mysql-1,do-agent,-1,load_100tps
2026-08-05T22:09:03Z,compare-am-gp-n3-4-16-i-adv-mysql-1,xtrabackup,528224256,load_100tps
2026-08-05T22:09:03Z,compare-am-gp-n3-4-16-i-adv-mysql-2,mysql,13288226816,load_100tps
2026-08-05T22:09:03Z,compare-am-gp-n3-4-16-i-adv-mysql-2,mysqld-exporter,15269888,load_100tps
2026-08-05T22:09:03Z,compare-am-gp-n3-4-16-i-adv-mysql-2,slow-log-tailer,1789952,load_100tps
2026-08-05T22:09:03Z,compare-am-gp-n3-4-16-i-adv-mysql-2,do-agent,-1,load_100tps
2026-08-05T22:09:03Z,compare-am-gp-n3-4-16-i-adv-mysql-2,xtrabackup,24465408,load_100tps
2026-08-05T22:09:36Z,compare-am-gp-n3-4-16-i-adv-mysql-0,mysql,13335265280,load_100tps
2026-08-05T22:09:36Z,compare-am-gp-n3-4-16-i-adv-mysql-0,mysqld-exporter,16138240,load_100tps
2026-08-05T22:09:36Z,compare-am-gp-n3-4-16-i-adv-mysql-0,slow-log-tailer,6246400,load_100tps
2026-08-05T22:09:36Z,compare-am-gp-n3-4-16-i-adv-mysql-0,do-agent,-1,load_100tps
2026-08-05T22:09:36Z,compare-am-gp-n3-4-16-i-adv-mysql-0,xtrabackup,19652608,load_100tps
2026-08-05T22:09:36Z,compare-am-gp-n3-4-16-i-adv-mysql-1,mysql,12529037312,load_100tps
2026-08-05T22:09:36Z,compare-am-gp-n3-4-16-i-adv-mysql-1,mysqld-exporter,16084992,load_100tps
2026-08-05T22:09:36Z,compare-am-gp-n3-4-16-i-adv-mysql-1,slow-log-tailer,6496256,load_100tps
2026-08-05T22:09:36Z,compare-am-gp-n3-4-16-i-adv-mysql-1,do-agent,-1,load_100tps
2026-08-05T22:09:36Z,compare-am-gp-n3-4-16-i-adv-mysql-1,xtrabackup,505065472,load_100tps
2026-08-05T22:09:36Z,compare-am-gp-n3-4-16-i-adv-mysql-2,mysql,13264293888,load_100tps
2026-08-05T22:09:36Z,compare-am-gp-n3-4-16-i-adv-mysql-2,mysqld-exporter,15482880,load_100tps
2026-08-05T22:09:36Z,compare-am-gp-n3-4-16-i-adv-mysql-2,slow-log-tailer,1855488,load_100tps
2026-08-05T22:09:36Z,compare-am-gp-n3-4-16-i-adv-mysql-2,do-agent,-1,load_100tps
2026-08-05T22:09:36Z,compare-am-gp-n3-4-16-i-adv-mysql-2,xtrabackup,24461312,load_100tps
2026-08-05T22:10:08Z,compare-am-gp-n3-4-16-i-adv-mysql-0,mysql,13346811904,load_100tps
2026-08-05T22:10:08Z,compare-am-gp-n3-4-16-i-adv-mysql-0,mysqld-exporter,16457728,load_100tps
2026-08-05T22:10:08Z,compare-am-gp-n3-4-16-i-adv-mysql-0,slow-log-tailer,6692864,load_100tps
2026-08-05T22:10:08Z,compare-am-gp-n3-4-16-i-adv-mysql-0,do-agent,-1,load_100tps
2026-08-05T22:10:08Z,compare-am-gp-n3-4-16-i-adv-mysql-0,xtrabackup,19619840,load_100tps
2026-08-05T22:10:08Z,compare-am-gp-n3-4-16-i-adv-mysql-1,mysql,12536573952,load_100tps
2026-08-05T22:10:08Z,compare-am-gp-n3-4-16-i-adv-mysql-1,mysqld-exporter,16142336,load_100tps
2026-08-05T22:10:08Z,compare-am-gp-n3-4-16-i-adv-mysql-1,slow-log-tailer,6496256,load_100tps
2026-08-05T22:10:08Z,compare-am-gp-n3-4-16-i-adv-mysql-1,do-agent,-1,load_100tps
2026-08-05T22:10:08Z,compare-am-gp-n3-4-16-i-adv-mysql-1,xtrabackup,490156032,load_100tps
2026-08-05T22:10:08Z,compare-am-gp-n3-4-16-i-adv-mysql-2,mysql,13274906624,load_100tps
2026-08-05T22:10:08Z,compare-am-gp-n3-4-16-i-adv-mysql-2,mysqld-exporter,15319040,load_100tps
2026-08-05T22:10:08Z,compare-am-gp-n3-4-16-i-adv-mysql-2,slow-log-tailer,1953792,load_100tps
2026-08-05T22:10:08Z,compare-am-gp-n3-4-16-i-adv-mysql-2,do-agent,-1,load_100tps
2026-08-05T22:10:08Z,compare-am-gp-n3-4-16-i-adv-mysql-2,xtrabackup,24449024,load_100tps
2026-08-05T22:10:41Z,compare-am-gp-n3-4-16-i-adv-mysql-0,mysql,13350236160,load_100tps
2026-08-05T22:10:41Z,compare-am-gp-n3-4-16-i-adv-mysql-0,mysqld-exporter,16322560,load_100tps
2026-08-05T22:10:41Z,compare-am-gp-n3-4-16-i-adv-mysql-0,slow-log-tailer,6479872,load_100tps
2026-08-05T22:10:41Z,compare-am-gp-n3-4-16-i-adv-mysql-0,do-agent,-1,load_100tps
2026-08-05T22:10:41Z,compare-am-gp-n3-4-16-i-adv-mysql-0,xtrabackup,20090880,load_100tps
2026-08-05T22:10:41Z,compare-am-gp-n3-4-16-i-adv-mysql-1,mysql,12572467200,load_100tps
2026-08-05T22:10:41Z,compare-am-gp-n3-4-16-i-adv-mysql-1,mysqld-exporter,16117760,load_100tps
2026-08-05T22:10:41Z,compare-am-gp-n3-4-16-i-adv-mysql-1,slow-log-tailer,6819840,load_100tps
2026-08-05T22:10:41Z,compare-am-gp-n3-4-16-i-adv-mysql-1,do-agent,-1,load_100tps
2026-08-05T22:10:41Z,compare-am-gp-n3-4-16-i-adv-mysql-1,xtrabackup,482832384,load_100tps
2026-08-05T22:10:41Z,compare-am-gp-n3-4-16-i-adv-mysql-2,mysql,13257256960,load_100tps
2026-08-05T22:10:41Z,compare-am-gp-n3-4-16-i-adv-mysql-2,mysqld-exporter,15331328,load_100tps
2026-08-05T22:10:41Z,compare-am-gp-n3-4-16-i-adv-mysql-2,slow-log-tailer,1888256,load_100tps
2026-08-05T22:10:41Z,compare-am-gp-n3-4-16-i-adv-mysql-2,do-agent,-1,load_100tps
2026-08-05T22:10:41Z,compare-am-gp-n3-4-16-i-adv-mysql-2,xtrabackup,24461312,load_100tps
2026-08-05T22:11:14Z,compare-am-gp-n3-4-16-i-adv-mysql-0,mysql,13389873152,load_100tps
2026-08-05T22:11:14Z,compare-am-gp-n3-4-16-i-adv-mysql-0,mysqld-exporter,16089088,load_100tps
2026-08-05T22:11:14Z,compare-am-gp-n3-4-16-i-adv-mysql-0,slow-log-tailer,6594560,load_100tps
2026-08-05T22:11:14Z,compare-am-gp-n3-4-16-i-adv-mysql-0,do-agent,-1,load_100tps
2026-08-05T22:11:14Z,compare-am-gp-n3-4-16-i-adv-mysql-0,xtrabackup,19607552,load_100tps
2026-08-05T22:11:14Z,compare-am-gp-n3-4-16-i-adv-mysql-1,mysql,12638109696,load_100tps
2026-08-05T22:11:14Z,compare-am-gp-n3-4-16-i-adv-mysql-1,mysqld-exporter,15380480,load_100tps
2026-08-05T22:11:14Z,compare-am-gp-n3-4-16-i-adv-mysql-1,slow-log-tailer,6500352,load_100tps
2026-08-05T22:11:14Z,compare-am-gp-n3-4-16-i-adv-mysql-1,do-agent,-1,load_100tps
2026-08-05T22:11:14Z,compare-am-gp-n3-4-16-i-adv-mysql-1,xtrabackup,482754560,load_100tps
2026-08-05T22:11:14Z,compare-am-gp-n3-4-16-i-adv-mysql-2,mysql,13286133760,load_100tps
2026-08-05T22:11:14Z,compare-am-gp-n3-4-16-i-adv-mysql-2,mysqld-exporter,15261696,load_100tps
2026-08-05T22:11:14Z,compare-am-gp-n3-4-16-i-adv-mysql-2,slow-log-tailer,1810432,load_100tps
2026-08-05T22:11:14Z,compare-am-gp-n3-4-16-i-adv-mysql-2,do-agent,-1,load_100tps
2026-08-05T22:11:14Z,compare-am-gp-n3-4-16-i-adv-mysql-2,xtrabackup,24596480,load_100tps
2026-08-05T22:11:47Z,compare-am-gp-n3-4-16-i-adv-mysql-0,mysql,13356830720,load_100tps
2026-08-05T22:11:47Z,compare-am-gp-n3-4-16-i-adv-mysql-0,mysqld-exporter,16220160,load_100tps
2026-08-05T22:11:47Z,compare-am-gp-n3-4-16-i-adv-mysql-0,slow-log-tailer,6737920,load_100tps
2026-08-05T22:11:47Z,compare-am-gp-n3-4-16-i-adv-mysql-0,do-agent,-1,load_100tps
2026-08-05T22:11:47Z,compare-am-gp-n3-4-16-i-adv-mysql-0,xtrabackup,19877888,load_100tps
2026-08-05T22:11:47Z,compare-am-gp-n3-4-16-i-adv-mysql-1,mysql,12705505280,load_100tps
2026-08-05T22:11:47Z,compare-am-gp-n3-4-16-i-adv-mysql-1,mysqld-exporter,15347712,load_100tps
2026-08-05T22:11:47Z,compare-am-gp-n3-4-16-i-adv-mysql-1,slow-log-tailer,6574080,load_100tps
2026-08-05T22:11:47Z,compare-am-gp-n3-4-16-i-adv-mysql-1,do-agent,-1,load_100tps
2026-08-05T22:11:47Z,compare-am-gp-n3-4-16-i-adv-mysql-1,xtrabackup,482828288,load_100tps
2026-08-05T22:11:47Z,compare-am-gp-n3-4-16-i-adv-mysql-2,mysql,13294989312,load_100tps
2026-08-05T22:11:47Z,compare-am-gp-n3-4-16-i-adv-mysql-2,mysqld-exporter,15675392,load_100tps
2026-08-05T22:11:47Z,compare-am-gp-n3-4-16-i-adv-mysql-2,slow-log-tailer,2002944,load_100tps
2026-08-05T22:11:47Z,compare-am-gp-n3-4-16-i-adv-mysql-2,do-agent,-1,load_100tps
2026-08-05T22:11:47Z,compare-am-gp-n3-4-16-i-adv-mysql-2,xtrabackup,24678400,load_100tps
2026-08-05T22:12:20Z,compare-am-gp-n3-4-16-i-adv-mysql-0,mysql,13337022464,load_100tps
2026-08-05T22:12:20Z,compare-am-gp-n3-4-16-i-adv-mysql-0,mysqld-exporter,16072704,load_100tps
2026-08-05T22:12:20Z,compare-am-gp-n3-4-16-i-adv-mysql-0,slow-log-tailer,6770688,load_100tps
2026-08-05T22:12:20Z,compare-am-gp-n3-4-16-i-adv-mysql-0,do-agent,-1,load_100tps
2026-08-05T22:12:20Z,compare-am-gp-n3-4-16-i-adv-mysql-0,xtrabackup,19443712,load_100tps
2026-08-05T22:12:20Z,compare-am-gp-n3-4-16-i-adv-mysql-1,mysql,12615352320,load_100tps
2026-08-05T22:12:20Z,compare-am-gp-n3-4-16-i-adv-mysql-1,mysqld-exporter,15187968,load_100tps
2026-08-05T22:12:20Z,compare-am-gp-n3-4-16-i-adv-mysql-1,slow-log-tailer,6504448,load_100tps
2026-08-05T22:12:20Z,compare-am-gp-n3-4-16-i-adv-mysql-1,do-agent,-1,load_100tps
2026-08-05T22:12:20Z,compare-am-gp-n3-4-16-i-adv-mysql-1,xtrabackup,447225856,load_100tps
2026-08-05T22:12:20Z,compare-am-gp-n3-4-16-i-adv-mysql-2,mysql,13284118528,load_100tps
2026-08-05T22:12:20Z,compare-am-gp-n3-4-16-i-adv-mysql-2,mysqld-exporter,15568896,load_100tps
2026-08-05T22:12:20Z,compare-am-gp-n3-4-16-i-adv-mysql-2,slow-log-tailer,2093056,load_100tps
2026-08-05T22:12:20Z,compare-am-gp-n3-4-16-i-adv-mysql-2,do-agent,-1,load_100tps
2026-08-05T22:12:20Z,compare-am-gp-n3-4-16-i-adv-mysql-2,xtrabackup,24506368,load_100tps
2026-08-05T22:12:53Z,compare-am-gp-n3-4-16-i-adv-mysql-0,mysql,13343113216,load_100tps
2026-08-05T22:12:53Z,compare-am-gp-n3-4-16-i-adv-mysql-0,mysqld-exporter,16052224,load_100tps
2026-08-05T22:12:53Z,compare-am-gp-n3-4-16-i-adv-mysql-0,slow-log-tailer,6610944,load_100tps
2026-08-05T22:12:53Z,compare-am-gp-n3-4-16-i-adv-mysql-0,do-agent,-1,load_100tps
2026-08-05T22:12:53Z,compare-am-gp-n3-4-16-i-adv-mysql-0,xtrabackup,19714048,load_100tps
2026-08-05T22:12:53Z,compare-am-gp-n3-4-16-i-adv-mysql-1,mysql,12648562688,load_100tps
2026-08-05T22:12:53Z,compare-am-gp-n3-4-16-i-adv-mysql-1,mysqld-exporter,15294464,load_100tps
2026-08-05T22:12:53Z,compare-am-gp-n3-4-16-i-adv-mysql-1,slow-log-tailer,6709248,load_100tps
2026-08-05T22:12:53Z,compare-am-gp-n3-4-16-i-adv-mysql-1,do-agent,-1,load_100tps
2026-08-05T22:12:53Z,compare-am-gp-n3-4-16-i-adv-mysql-1,xtrabackup,440217600,load_100tps
2026-08-05T22:12:53Z,compare-am-gp-n3-4-16-i-adv-mysql-2,mysql,13296812032,load_100tps
2026-08-05T22:12:53Z,compare-am-gp-n3-4-16-i-adv-mysql-2,mysqld-exporter,15568896,load_100tps
2026-08-05T22:12:53Z,compare-am-gp-n3-4-16-i-adv-mysql-2,slow-log-tailer,1761280,load_100tps
2026-08-05T22:12:53Z,compare-am-gp-n3-4-16-i-adv-mysql-2,do-agent,-1,load_100tps
2026-08-05T22:12:53Z,compare-am-gp-n3-4-16-i-adv-mysql-2,xtrabackup,24424448,load_100tps
2026-08-05T22:13:26Z,compare-am-gp-n3-4-16-i-adv-mysql-0,mysql,13342810112,load_100tps
2026-08-05T22:13:26Z,compare-am-gp-n3-4-16-i-adv-mysql-0,mysqld-exporter,16338944,load_100tps
2026-08-05T22:13:26Z,compare-am-gp-n3-4-16-i-adv-mysql-0,slow-log-tailer,6660096,load_100tps
2026-08-05T22:13:26Z,compare-am-gp-n3-4-16-i-adv-mysql-0,do-agent,-1,load_100tps
2026-08-05T22:13:26Z,compare-am-gp-n3-4-16-i-adv-mysql-0,xtrabackup,19738624,load_100tps
2026-08-05T22:13:26Z,compare-am-gp-n3-4-16-i-adv-mysql-1,mysql,12623179776,load_100tps
2026-08-05T22:13:26Z,compare-am-gp-n3-4-16-i-adv-mysql-1,mysqld-exporter,12984320,load_100tps
2026-08-05T22:13:26Z,compare-am-gp-n3-4-16-i-adv-mysql-1,slow-log-tailer,6696960,load_100tps
2026-08-05T22:13:26Z,compare-am-gp-n3-4-16-i-adv-mysql-1,do-agent,-1,load_100tps
2026-08-05T22:13:26Z,compare-am-gp-n3-4-16-i-adv-mysql-1,xtrabackup,420663296,load_100tps
2026-08-05T22:13:26Z,compare-am-gp-n3-4-16-i-adv-mysql-2,mysql,13298216960,load_100tps
2026-08-05T22:13:26Z,compare-am-gp-n3-4-16-i-adv-mysql-2,mysqld-exporter,15536128,load_100tps
2026-08-05T22:13:26Z,compare-am-gp-n3-4-16-i-adv-mysql-2,slow-log-tailer,1912832,load_100tps
2026-08-05T22:13:26Z,compare-am-gp-n3-4-16-i-adv-mysql-2,do-agent,-1,load_100tps
2026-08-05T22:13:26Z,compare-am-gp-n3-4-16-i-adv-mysql-2,xtrabackup,24481792,load_100tps
2026-08-05T22:13:59Z,compare-am-gp-n3-4-16-i-adv-mysql-0,mysql,13339676672,load_100tps
2026-08-05T22:13:59Z,compare-am-gp-n3-4-16-i-adv-mysql-0,mysqld-exporter,16474112,load_100tps
2026-08-05T22:13:59Z,compare-am-gp-n3-4-16-i-adv-mysql-0,slow-log-tailer,6098944,load_100tps
2026-08-05T22:13:59Z,compare-am-gp-n3-4-16-i-adv-mysql-0,do-agent,-1,load_100tps
2026-08-05T22:13:59Z,compare-am-gp-n3-4-16-i-adv-mysql-0,xtrabackup,19652608,load_100tps
2026-08-05T22:13:59Z,compare-am-gp-n3-4-16-i-adv-mysql-1,mysql,12688756736,load_100tps
2026-08-05T22:13:59Z,compare-am-gp-n3-4-16-i-adv-mysql-1,mysqld-exporter,13156352,load_100tps
2026-08-05T22:13:59Z,compare-am-gp-n3-4-16-i-adv-mysql-1,slow-log-tailer,6529024,load_100tps
2026-08-05T22:13:59Z,compare-am-gp-n3-4-16-i-adv-mysql-1,do-agent,-1,load_100tps
2026-08-05T22:13:59Z,compare-am-gp-n3-4-16-i-adv-mysql-1,xtrabackup,420691968,load_100tps
2026-08-05T22:13:59Z,compare-am-gp-n3-4-16-i-adv-mysql-2,mysql,13289480192,load_100tps
2026-08-05T22:13:59Z,compare-am-gp-n3-4-16-i-adv-mysql-2,mysqld-exporter,15769600,load_100tps
2026-08-05T22:13:59Z,compare-am-gp-n3-4-16-i-adv-mysql-2,slow-log-tailer,1810432,load_100tps
2026-08-05T22:13:59Z,compare-am-gp-n3-4-16-i-adv-mysql-2,do-agent,-1,load_100tps
2026-08-05T22:13:59Z,compare-am-gp-n3-4-16-i-adv-mysql-2,xtrabackup,24522752,load_100tps
2026-08-05T22:14:31Z,compare-am-gp-n3-4-16-i-adv-mysql-0,mysql,13369028608,load_100tps
2026-08-05T22:14:31Z,compare-am-gp-n3-4-16-i-adv-mysql-0,mysqld-exporter,16322560,load_100tps
2026-08-05T22:14:31Z,compare-am-gp-n3-4-16-i-adv-mysql-0,slow-log-tailer,6475776,load_100tps
2026-08-05T22:14:31Z,compare-am-gp-n3-4-16-i-adv-mysql-0,do-agent,-1,load_100tps
2026-08-05T22:14:31Z,compare-am-gp-n3-4-16-i-adv-mysql-0,xtrabackup,19783680,load_100tps
2026-08-05T22:14:31Z,compare-am-gp-n3-4-16-i-adv-mysql-1,mysql,12724375552,load_100tps
2026-08-05T22:14:31Z,compare-am-gp-n3-4-16-i-adv-mysql-1,mysqld-exporter,12918784,load_100tps
2026-08-05T22:14:31Z,compare-am-gp-n3-4-16-i-adv-mysql-1,slow-log-tailer,6586368,load_100tps
2026-08-05T22:14:31Z,compare-am-gp-n3-4-16-i-adv-mysql-1,do-agent,-1,load_100tps
2026-08-05T22:14:31Z,compare-am-gp-n3-4-16-i-adv-mysql-1,xtrabackup,414392320,load_100tps
2026-08-05T22:14:31Z,compare-am-gp-n3-4-16-i-adv-mysql-2,mysql,13305008128,load_100tps
2026-08-05T22:14:31Z,compare-am-gp-n3-4-16-i-adv-mysql-2,mysqld-exporter,15638528,load_100tps
2026-08-05T22:14:31Z,compare-am-gp-n3-4-16-i-adv-mysql-2,slow-log-tailer,2072576,load_100tps
2026-08-05T22:14:31Z,compare-am-gp-n3-4-16-i-adv-mysql-2,do-agent,-1,load_100tps
2026-08-05T22:14:31Z,compare-am-gp-n3-4-16-i-adv-mysql-2,xtrabackup,24551424,load_100tps
2026-08-05T22:15:05Z,compare-am-gp-n3-4-16-i-adv-mysql-0,mysql,13348581376,load_100tps
2026-08-05T22:15:05Z,compare-am-gp-n3-4-16-i-adv-mysql-0,mysqld-exporter,16384000,load_100tps
2026-08-05T22:15:05Z,compare-am-gp-n3-4-16-i-adv-mysql-0,slow-log-tailer,6709248,load_100tps
2026-08-05T22:15:05Z,compare-am-gp-n3-4-16-i-adv-mysql-0,do-agent,-1,load_100tps
2026-08-05T22:15:05Z,compare-am-gp-n3-4-16-i-adv-mysql-0,xtrabackup,19505152,load_100tps
2026-08-05T22:15:05Z,compare-am-gp-n3-4-16-i-adv-mysql-1,mysql,12756643840,load_100tps
2026-08-05T22:15:05Z,compare-am-gp-n3-4-16-i-adv-mysql-1,mysqld-exporter,13287424,load_100tps
2026-08-05T22:15:05Z,compare-am-gp-n3-4-16-i-adv-mysql-1,slow-log-tailer,6696960,load_100tps
2026-08-05T22:15:05Z,compare-am-gp-n3-4-16-i-adv-mysql-1,do-agent,-1,load_100tps
2026-08-05T22:15:05Z,compare-am-gp-n3-4-16-i-adv-mysql-1,xtrabackup,407724032,load_100tps
2026-08-05T22:15:05Z,compare-am-gp-n3-4-16-i-adv-mysql-2,mysql,13309935616,load_100tps
2026-08-05T22:15:05Z,compare-am-gp-n3-4-16-i-adv-mysql-2,mysqld-exporter,15589376,load_100tps
2026-08-05T22:15:05Z,compare-am-gp-n3-4-16-i-adv-mysql-2,slow-log-tailer,1945600,load_100tps
2026-08-05T22:15:05Z,compare-am-gp-n3-4-16-i-adv-mysql-2,do-agent,-1,load_100tps
2026-08-05T22:15:05Z,compare-am-gp-n3-4-16-i-adv-mysql-2,xtrabackup,24453120,load_100tps
2026-08-05T22:15:38Z,compare-am-gp-n3-4-16-i-adv-mysql-0,mysql,13354569728,load_100tps
2026-08-05T22:15:38Z,compare-am-gp-n3-4-16-i-adv-mysql-0,mysqld-exporter,16265216,load_100tps
2026-08-05T22:15:38Z,compare-am-gp-n3-4-16-i-adv-mysql-0,slow-log-tailer,6557696,load_100tps
2026-08-05T22:15:38Z,compare-am-gp-n3-4-16-i-adv-mysql-0,do-agent,-1,load_100tps
2026-08-05T22:15:38Z,compare-am-gp-n3-4-16-i-adv-mysql-0,xtrabackup,19615744,load_100tps
2026-08-05T22:15:38Z,compare-am-gp-n3-4-16-i-adv-mysql-1,mysql,12694220800,load_100tps
2026-08-05T22:15:38Z,compare-am-gp-n3-4-16-i-adv-mysql-1,mysqld-exporter,13225984,load_100tps
2026-08-05T22:15:38Z,compare-am-gp-n3-4-16-i-adv-mysql-1,slow-log-tailer,6709248,load_100tps
2026-08-05T22:15:38Z,compare-am-gp-n3-4-16-i-adv-mysql-1,do-agent,-1,load_100tps
2026-08-05T22:15:38Z,compare-am-gp-n3-4-16-i-adv-mysql-1,xtrabackup,383598592,load_100tps
2026-08-05T22:15:38Z,compare-am-gp-n3-4-16-i-adv-mysql-2,mysql,13309665280,load_100tps
2026-08-05T22:15:38Z,compare-am-gp-n3-4-16-i-adv-mysql-2,mysqld-exporter,15327232,load_100tps
2026-08-05T22:15:38Z,compare-am-gp-n3-4-16-i-adv-mysql-2,slow-log-tailer,1871872,load_100tps
2026-08-05T22:15:38Z,compare-am-gp-n3-4-16-i-adv-mysql-2,do-agent,-1,load_100tps
2026-08-05T22:15:38Z,compare-am-gp-n3-4-16-i-adv-mysql-2,xtrabackup,24465408,load_100tps
2026-08-05T22:16:11Z,compare-am-gp-n3-4-16-i-adv-mysql-0,mysql,13333184512,load_100tps
2026-08-05T22:16:11Z,compare-am-gp-n3-4-16-i-adv-mysql-0,mysqld-exporter,16134144,load_100tps
2026-08-05T22:16:11Z,compare-am-gp-n3-4-16-i-adv-mysql-0,slow-log-tailer,6701056,load_100tps
2026-08-05T22:16:11Z,compare-am-gp-n3-4-16-i-adv-mysql-0,do-agent,-1,load_100tps
2026-08-05T22:16:11Z,compare-am-gp-n3-4-16-i-adv-mysql-0,xtrabackup,19697664,load_100tps
2026-08-05T22:16:11Z,compare-am-gp-n3-4-16-i-adv-mysql-1,mysql,12634357760,load_100tps
2026-08-05T22:16:11Z,compare-am-gp-n3-4-16-i-adv-mysql-1,mysqld-exporter,13053952,load_100tps
2026-08-05T22:16:11Z,compare-am-gp-n3-4-16-i-adv-mysql-1,slow-log-tailer,6590464,load_100tps
2026-08-05T22:16:11Z,compare-am-gp-n3-4-16-i-adv-mysql-1,do-agent,-1,load_100tps
2026-08-05T22:16:11Z,compare-am-gp-n3-4-16-i-adv-mysql-1,xtrabackup,360951808,load_100tps
2026-08-05T22:16:11Z,compare-am-gp-n3-4-16-i-adv-mysql-2,mysql,13303164928,load_100tps
2026-08-05T22:16:11Z,compare-am-gp-n3-4-16-i-adv-mysql-2,mysqld-exporter,15519744,load_100tps
2026-08-05T22:16:11Z,compare-am-gp-n3-4-16-i-adv-mysql-2,slow-log-tailer,1785856,load_100tps
2026-08-05T22:16:11Z,compare-am-gp-n3-4-16-i-adv-mysql-2,do-agent,-1,load_100tps
2026-08-05T22:16:11Z,compare-am-gp-n3-4-16-i-adv-mysql-2,xtrabackup,24530944,load_100tps
2026-08-05T22:16:43Z,compare-am-gp-n3-4-16-i-adv-mysql-0,mysql,13335687168,load_100tps
2026-08-05T22:16:43Z,compare-am-gp-n3-4-16-i-adv-mysql-0,mysqld-exporter,16273408,load_100tps
2026-08-05T22:16:43Z,compare-am-gp-n3-4-16-i-adv-mysql-0,slow-log-tailer,6651904,load_100tps
2026-08-05T22:16:43Z,compare-am-gp-n3-4-16-i-adv-mysql-0,do-agent,-1,load_100tps
2026-08-05T22:16:43Z,compare-am-gp-n3-4-16-i-adv-mysql-0,xtrabackup,19607552,load_100tps
2026-08-05T22:16:43Z,compare-am-gp-n3-4-16-i-adv-mysql-1,mysql,12699459584,load_100tps
2026-08-05T22:16:43Z,compare-am-gp-n3-4-16-i-adv-mysql-1,mysqld-exporter,13164544,load_100tps
2026-08-05T22:16:43Z,compare-am-gp-n3-4-16-i-adv-mysql-1,slow-log-tailer,6623232,load_100tps
2026-08-05T22:16:43Z,compare-am-gp-n3-4-16-i-adv-mysql-1,do-agent,-1,load_100tps
2026-08-05T22:16:43Z,compare-am-gp-n3-4-16-i-adv-mysql-1,xtrabackup,360894464,load_100tps
2026-08-05T22:16:43Z,compare-am-gp-n3-4-16-i-adv-mysql-2,mysql,13292908544,load_100tps
2026-08-05T22:16:43Z,compare-am-gp-n3-4-16-i-adv-mysql-2,mysqld-exporter,15417344,load_100tps
2026-08-05T22:16:43Z,compare-am-gp-n3-4-16-i-adv-mysql-2,slow-log-tailer,1978368,load_100tps
2026-08-05T22:16:43Z,compare-am-gp-n3-4-16-i-adv-mysql-2,do-agent,-1,load_100tps
2026-08-05T22:16:43Z,compare-am-gp-n3-4-16-i-adv-mysql-2,xtrabackup,24551424,load_100tps
2026-08-05T22:17:16Z,compare-am-gp-n3-4-16-i-adv-mysql-0,mysql,13348093952,load_100tps
2026-08-05T22:17:16Z,compare-am-gp-n3-4-16-i-adv-mysql-0,mysqld-exporter,16543744,load_100tps
2026-08-05T22:17:16Z,compare-am-gp-n3-4-16-i-adv-mysql-0,slow-log-tailer,6561792,load_100tps
2026-08-05T22:17:16Z,compare-am-gp-n3-4-16-i-adv-mysql-0,do-agent,-1,load_100tps
2026-08-05T22:17:16Z,compare-am-gp-n3-4-16-i-adv-mysql-0,xtrabackup,19636224,load_100tps
2026-08-05T22:17:16Z,compare-am-gp-n3-4-16-i-adv-mysql-1,mysql,12767367168,load_100tps
2026-08-05T22:17:16Z,compare-am-gp-n3-4-16-i-adv-mysql-1,mysqld-exporter,13758464,load_100tps
2026-08-05T22:17:16Z,compare-am-gp-n3-4-16-i-adv-mysql-1,slow-log-tailer,6574080,load_100tps
2026-08-05T22:17:16Z,compare-am-gp-n3-4-16-i-adv-mysql-1,do-agent,-1,load_100tps
2026-08-05T22:17:16Z,compare-am-gp-n3-4-16-i-adv-mysql-1,xtrabackup,360685568,load_100tps
2026-08-05T22:17:16Z,compare-am-gp-n3-4-16-i-adv-mysql-2,mysql,13315268608,load_100tps
2026-08-05T22:17:16Z,compare-am-gp-n3-4-16-i-adv-mysql-2,mysqld-exporter,15380480,load_100tps
2026-08-05T22:17:16Z,compare-am-gp-n3-4-16-i-adv-mysql-2,slow-log-tailer,2400256,load_100tps
2026-08-05T22:17:16Z,compare-am-gp-n3-4-16-i-adv-mysql-2,do-agent,-1,load_100tps
2026-08-05T22:17:16Z,compare-am-gp-n3-4-16-i-adv-mysql-2,xtrabackup,24719360,load_100tps
2026-08-05T22:17:48Z,compare-am-gp-n3-4-16-i-adv-mysql-0,mysql,13338841088,load_100tps
2026-08-05T22:17:48Z,compare-am-gp-n3-4-16-i-adv-mysql-0,mysqld-exporter,16416768,load_100tps
2026-08-05T22:17:48Z,compare-am-gp-n3-4-16-i-adv-mysql-0,slow-log-tailer,6545408,load_100tps
2026-08-05T22:17:48Z,compare-am-gp-n3-4-16-i-adv-mysql-0,do-agent,-1,load_100tps
2026-08-05T22:17:48Z,compare-am-gp-n3-4-16-i-adv-mysql-0,xtrabackup,19664896,load_100tps
2026-08-05T22:17:48Z,compare-am-gp-n3-4-16-i-adv-mysql-1,mysql,12799053824,load_100tps
2026-08-05T22:17:48Z,compare-am-gp-n3-4-16-i-adv-mysql-1,mysqld-exporter,13762560,load_100tps
2026-08-05T22:17:48Z,compare-am-gp-n3-4-16-i-adv-mysql-1,slow-log-tailer,6541312,load_100tps
2026-08-05T22:17:48Z,compare-am-gp-n3-4-16-i-adv-mysql-1,do-agent,-1,load_100tps
2026-08-05T22:17:48Z,compare-am-gp-n3-4-16-i-adv-mysql-1,xtrabackup,355586048,load_100tps
2026-08-05T22:17:48Z,compare-am-gp-n3-4-16-i-adv-mysql-2,mysql,13301899264,load_100tps
2026-08-05T22:17:48Z,compare-am-gp-n3-4-16-i-adv-mysql-2,mysqld-exporter,16310272,load_100tps
2026-08-05T22:17:48Z,compare-am-gp-n3-4-16-i-adv-mysql-2,slow-log-tailer,2125824,load_100tps
2026-08-05T22:17:48Z,compare-am-gp-n3-4-16-i-adv-mysql-2,do-agent,-1,load_100tps
2026-08-05T22:17:48Z,compare-am-gp-n3-4-16-i-adv-mysql-2,xtrabackup,24481792,load_100tps
2026-08-05T22:18:21Z,compare-am-gp-n3-4-16-i-adv-mysql-0,mysql,13331337216,load_100tps
2026-08-05T22:18:21Z,compare-am-gp-n3-4-16-i-adv-mysql-0,mysqld-exporter,16490496,load_100tps
2026-08-05T22:18:21Z,compare-am-gp-n3-4-16-i-adv-mysql-0,slow-log-tailer,6402048,load_100tps
2026-08-05T22:18:21Z,compare-am-gp-n3-4-16-i-adv-mysql-0,do-agent,-1,load_100tps
2026-08-05T22:18:21Z,compare-am-gp-n3-4-16-i-adv-mysql-0,xtrabackup,19722240,load_100tps
2026-08-05T22:18:21Z,compare-am-gp-n3-4-16-i-adv-mysql-1,mysql,12731183104,load_100tps
2026-08-05T22:18:21Z,compare-am-gp-n3-4-16-i-adv-mysql-1,mysqld-exporter,13824000,load_100tps
2026-08-05T22:18:21Z,compare-am-gp-n3-4-16-i-adv-mysql-1,slow-log-tailer,6651904,load_100tps
2026-08-05T22:18:21Z,compare-am-gp-n3-4-16-i-adv-mysql-1,do-agent,-1,load_100tps
2026-08-05T22:18:21Z,compare-am-gp-n3-4-16-i-adv-mysql-1,xtrabackup,334643200,load_100tps
2026-08-05T22:18:21Z,compare-am-gp-n3-4-16-i-adv-mysql-2,mysql,13299494912,load_100tps
2026-08-05T22:18:21Z,compare-am-gp-n3-4-16-i-adv-mysql-2,mysqld-exporter,16240640,load_100tps
2026-08-05T22:18:21Z,compare-am-gp-n3-4-16-i-adv-mysql-2,slow-log-tailer,2015232,load_100tps
2026-08-05T22:18:21Z,compare-am-gp-n3-4-16-i-adv-mysql-2,do-agent,-1,load_100tps
2026-08-05T22:18:21Z,compare-am-gp-n3-4-16-i-adv-mysql-2,xtrabackup,24514560,load_100tps
2026-08-05T22:18:54Z,compare-am-gp-n3-4-16-i-adv-mysql-0,mysql,13335560192,load_100tps
2026-08-05T22:18:54Z,compare-am-gp-n3-4-16-i-adv-mysql-0,mysqld-exporter,16490496,load_100tps
2026-08-05T22:18:54Z,compare-am-gp-n3-4-16-i-adv-mysql-0,slow-log-tailer,6438912,load_100tps
2026-08-05T22:18:54Z,compare-am-gp-n3-4-16-i-adv-mysql-0,do-agent,-1,load_100tps
2026-08-05T22:18:54Z,compare-am-gp-n3-4-16-i-adv-mysql-0,xtrabackup,19652608,load_100tps
2026-08-05T22:18:54Z,compare-am-gp-n3-4-16-i-adv-mysql-1,mysql,12670074880,load_100tps
2026-08-05T22:18:54Z,compare-am-gp-n3-4-16-i-adv-mysql-1,mysqld-exporter,13819904,load_100tps
2026-08-05T22:18:54Z,compare-am-gp-n3-4-16-i-adv-mysql-1,slow-log-tailer,6574080,load_100tps
2026-08-05T22:18:54Z,compare-am-gp-n3-4-16-i-adv-mysql-1,do-agent,-1,load_100tps
2026-08-05T22:18:54Z,compare-am-gp-n3-4-16-i-adv-mysql-1,xtrabackup,315387904,load_100tps
2026-08-05T22:18:54Z,compare-am-gp-n3-4-16-i-adv-mysql-2,mysql,13299183616,load_100tps
2026-08-05T22:18:54Z,compare-am-gp-n3-4-16-i-adv-mysql-2,mysqld-exporter,16146432,load_100tps
2026-08-05T22:18:54Z,compare-am-gp-n3-4-16-i-adv-mysql-2,slow-log-tailer,2203648,load_100tps
2026-08-05T22:18:54Z,compare-am-gp-n3-4-16-i-adv-mysql-2,do-agent,-1,load_100tps
2026-08-05T22:18:54Z,compare-am-gp-n3-4-16-i-adv-mysql-2,xtrabackup,24694784,load_100tps
2026-08-05T22:19:26Z,compare-am-gp-n3-4-16-i-adv-mysql-0,mysql,13373128704,load_100tps
2026-08-05T22:19:26Z,compare-am-gp-n3-4-16-i-adv-mysql-0,mysqld-exporter,16769024,load_100tps
2026-08-05T22:19:26Z,compare-am-gp-n3-4-16-i-adv-mysql-0,slow-log-tailer,6639616,load_100tps
2026-08-05T22:19:26Z,compare-am-gp-n3-4-16-i-adv-mysql-0,do-agent,-1,load_100tps
2026-08-05T22:19:26Z,compare-am-gp-n3-4-16-i-adv-mysql-0,xtrabackup,19636224,load_100tps
2026-08-05T22:19:26Z,compare-am-gp-n3-4-16-i-adv-mysql-1,mysql,12737032192,load_100tps
2026-08-05T22:19:26Z,compare-am-gp-n3-4-16-i-adv-mysql-1,mysqld-exporter,15355904,load_100tps
2026-08-05T22:19:26Z,compare-am-gp-n3-4-16-i-adv-mysql-1,slow-log-tailer,6709248,load_100tps
2026-08-05T22:19:26Z,compare-am-gp-n3-4-16-i-adv-mysql-1,do-agent,-1,load_100tps
2026-08-05T22:19:26Z,compare-am-gp-n3-4-16-i-adv-mysql-1,xtrabackup,315748352,load_100tps
2026-08-05T22:19:26Z,compare-am-gp-n3-4-16-i-adv-mysql-2,mysql,13304397824,load_100tps
2026-08-05T22:19:26Z,compare-am-gp-n3-4-16-i-adv-mysql-2,mysqld-exporter,15966208,load_100tps
2026-08-05T22:19:26Z,compare-am-gp-n3-4-16-i-adv-mysql-2,slow-log-tailer,1892352,load_100tps
2026-08-05T22:19:26Z,compare-am-gp-n3-4-16-i-adv-mysql-2,do-agent,-1,load_100tps
2026-08-05T22:19:26Z,compare-am-gp-n3-4-16-i-adv-mysql-2,xtrabackup,24584192,load_100tps
2026-08-05T22:19:59Z,compare-am-gp-n3-4-16-i-adv-mysql-0,mysql,13380345856,load_100tps
2026-08-05T22:19:59Z,compare-am-gp-n3-4-16-i-adv-mysql-0,mysqld-exporter,16613376,load_100tps
2026-08-05T22:19:59Z,compare-am-gp-n3-4-16-i-adv-mysql-0,slow-log-tailer,6193152,load_100tps
2026-08-05T22:19:59Z,compare-am-gp-n3-4-16-i-adv-mysql-0,do-agent,-1,load_100tps
2026-08-05T22:19:59Z,compare-am-gp-n3-4-16-i-adv-mysql-0,xtrabackup,19619840,load_100tps
2026-08-05T22:19:59Z,compare-am-gp-n3-4-16-i-adv-mysql-1,mysql,12802510848,load_100tps
2026-08-05T22:19:59Z,compare-am-gp-n3-4-16-i-adv-mysql-1,mysqld-exporter,15081472,load_100tps
2026-08-05T22:19:59Z,compare-am-gp-n3-4-16-i-adv-mysql-1,slow-log-tailer,6934528,load_100tps
2026-08-05T22:19:59Z,compare-am-gp-n3-4-16-i-adv-mysql-1,do-agent,-1,load_100tps
2026-08-05T22:19:59Z,compare-am-gp-n3-4-16-i-adv-mysql-1,xtrabackup,315248640,load_100tps
2026-08-05T22:19:59Z,compare-am-gp-n3-4-16-i-adv-mysql-2,mysql,13306810368,load_100tps
2026-08-05T22:19:59Z,compare-am-gp-n3-4-16-i-adv-mysql-2,mysqld-exporter,15994880,load_100tps
2026-08-05T22:19:59Z,compare-am-gp-n3-4-16-i-adv-mysql-2,slow-log-tailer,1961984,load_100tps
2026-08-05T22:19:59Z,compare-am-gp-n3-4-16-i-adv-mysql-2,do-agent,-1,load_100tps
2026-08-05T22:19:59Z,compare-am-gp-n3-4-16-i-adv-mysql-2,xtrabackup,24514560,load_100tps
2026-08-05T22:20:32Z,compare-am-gp-n3-4-16-i-adv-mysql-0,mysql,13371486208,load_100tps
2026-08-05T22:20:32Z,compare-am-gp-n3-4-16-i-adv-mysql-0,mysqld-exporter,16777216,load_100tps
2026-08-05T22:20:32Z,compare-am-gp-n3-4-16-i-adv-mysql-0,slow-log-tailer,6561792,load_100tps
2026-08-05T22:20:32Z,compare-am-gp-n3-4-16-i-adv-mysql-0,do-agent,-1,load_100tps
2026-08-05T22:20:32Z,compare-am-gp-n3-4-16-i-adv-mysql-0,xtrabackup,19714048,load_100tps
2026-08-05T22:20:32Z,compare-am-gp-n3-4-16-i-adv-mysql-1,mysql,12766961664,load_100tps
2026-08-05T22:20:32Z,compare-am-gp-n3-4-16-i-adv-mysql-1,mysqld-exporter,15147008,load_100tps
2026-08-05T22:20:32Z,compare-am-gp-n3-4-16-i-adv-mysql-1,slow-log-tailer,6512640,load_100tps
2026-08-05T22:20:32Z,compare-am-gp-n3-4-16-i-adv-mysql-1,do-agent,-1,load_100tps
2026-08-05T22:20:32Z,compare-am-gp-n3-4-16-i-adv-mysql-1,xtrabackup,301056000,load_100tps
2026-08-05T22:20:32Z,compare-am-gp-n3-4-16-i-adv-mysql-2,mysql,13299777536,load_100tps
2026-08-05T22:20:32Z,compare-am-gp-n3-4-16-i-adv-mysql-2,mysqld-exporter,15974400,load_100tps
2026-08-05T22:20:32Z,compare-am-gp-n3-4-16-i-adv-mysql-2,slow-log-tailer,1970176,load_100tps
2026-08-05T22:20:32Z,compare-am-gp-n3-4-16-i-adv-mysql-2,do-agent,-1,load_100tps
2026-08-05T22:20:32Z,compare-am-gp-n3-4-16-i-adv-mysql-2,xtrabackup,24604672,load_100tps
2026-08-05T22:21:05Z,compare-am-gp-n3-4-16-i-adv-mysql-0,mysql,13376991232,load_100tps
2026-08-05T22:21:05Z,compare-am-gp-n3-4-16-i-adv-mysql-0,mysqld-exporter,16875520,load_100tps
2026-08-05T22:21:05Z,compare-am-gp-n3-4-16-i-adv-mysql-0,slow-log-tailer,6492160,load_100tps
2026-08-05T22:21:05Z,compare-am-gp-n3-4-16-i-adv-mysql-0,do-agent,-1,load_100tps
2026-08-05T22:21:05Z,compare-am-gp-n3-4-16-i-adv-mysql-0,xtrabackup,19443712,load_100tps
2026-08-05T22:21:05Z,compare-am-gp-n3-4-16-i-adv-mysql-1,mysql,12737159168,load_100tps
2026-08-05T22:21:05Z,compare-am-gp-n3-4-16-i-adv-mysql-1,mysqld-exporter,15011840,load_100tps
2026-08-05T22:21:05Z,compare-am-gp-n3-4-16-i-adv-mysql-1,slow-log-tailer,6701056,load_100tps
2026-08-05T22:21:05Z,compare-am-gp-n3-4-16-i-adv-mysql-1,do-agent,-1,load_100tps
2026-08-05T22:21:05Z,compare-am-gp-n3-4-16-i-adv-mysql-1,xtrabackup,287981568,load_100tps
2026-08-05T22:21:05Z,compare-am-gp-n3-4-16-i-adv-mysql-2,mysql,13281296384,load_100tps
2026-08-05T22:21:05Z,compare-am-gp-n3-4-16-i-adv-mysql-2,mysqld-exporter,15953920,load_100tps
2026-08-05T22:21:05Z,compare-am-gp-n3-4-16-i-adv-mysql-2,slow-log-tailer,1900544,load_100tps
2026-08-05T22:21:05Z,compare-am-gp-n3-4-16-i-adv-mysql-2,do-agent,-1,load_100tps
2026-08-05T22:21:05Z,compare-am-gp-n3-4-16-i-adv-mysql-2,xtrabackup,24363008,load_100tps
2026-08-05T22:21:38Z,compare-am-gp-n3-4-16-i-adv-mysql-0,mysql,13334999040,load_100tps
2026-08-05T22:21:38Z,compare-am-gp-n3-4-16-i-adv-mysql-0,mysqld-exporter,16584704,load_100tps
2026-08-05T22:21:38Z,compare-am-gp-n3-4-16-i-adv-mysql-0,slow-log-tailer,6488064,load_100tps
2026-08-05T22:21:38Z,compare-am-gp-n3-4-16-i-adv-mysql-0,do-agent,-1,load_100tps
2026-08-05T22:21:38Z,compare-am-gp-n3-4-16-i-adv-mysql-0,xtrabackup,19849216,load_100tps
2026-08-05T22:21:38Z,compare-am-gp-n3-4-16-i-adv-mysql-1,mysql,12735238144,load_100tps
2026-08-05T22:21:38Z,compare-am-gp-n3-4-16-i-adv-mysql-1,mysqld-exporter,14442496,load_100tps
2026-08-05T22:21:38Z,compare-am-gp-n3-4-16-i-adv-mysql-1,slow-log-tailer,6774784,load_100tps
2026-08-05T22:21:38Z,compare-am-gp-n3-4-16-i-adv-mysql-1,do-agent,-1,load_100tps
2026-08-05T22:21:38Z,compare-am-gp-n3-4-16-i-adv-mysql-1,xtrabackup,279601152,load_100tps
2026-08-05T22:21:38Z,compare-am-gp-n3-4-16-i-adv-mysql-2,mysql,13310439424,load_100tps
2026-08-05T22:21:38Z,compare-am-gp-n3-4-16-i-adv-mysql-2,mysqld-exporter,15966208,load_100tps
2026-08-05T22:21:38Z,compare-am-gp-n3-4-16-i-adv-mysql-2,slow-log-tailer,1970176,load_100tps
2026-08-05T22:21:38Z,compare-am-gp-n3-4-16-i-adv-mysql-2,do-agent,-1,load_100tps
2026-08-05T22:21:38Z,compare-am-gp-n3-4-16-i-adv-mysql-2,xtrabackup,24510464,load_100tps
2026-08-05T22:22:10Z,compare-am-gp-n3-4-16-i-adv-mysql-0,mysql,13333581824,load_100tps
2026-08-05T22:22:10Z,compare-am-gp-n3-4-16-i-adv-mysql-0,mysqld-exporter,16314368,load_100tps
2026-08-05T22:22:10Z,compare-am-gp-n3-4-16-i-adv-mysql-0,slow-log-tailer,6488064,load_100tps
2026-08-05T22:22:10Z,compare-am-gp-n3-4-16-i-adv-mysql-0,do-agent,-1,load_100tps
2026-08-05T22:22:10Z,compare-am-gp-n3-4-16-i-adv-mysql-0,xtrabackup,19582976,load_100tps
2026-08-05T22:22:10Z,compare-am-gp-n3-4-16-i-adv-mysql-1,mysql,12801187840,load_100tps
2026-08-05T22:22:10Z,compare-am-gp-n3-4-16-i-adv-mysql-1,mysqld-exporter,14606336,load_100tps
2026-08-05T22:22:10Z,compare-am-gp-n3-4-16-i-adv-mysql-1,slow-log-tailer,6717440,load_100tps
2026-08-05T22:22:10Z,compare-am-gp-n3-4-16-i-adv-mysql-1,do-agent,-1,load_100tps
2026-08-05T22:22:10Z,compare-am-gp-n3-4-16-i-adv-mysql-1,xtrabackup,279445504,load_100tps
2026-08-05T22:22:10Z,compare-am-gp-n3-4-16-i-adv-mysql-2,mysql,13280522240,load_100tps
2026-08-05T22:22:10Z,compare-am-gp-n3-4-16-i-adv-mysql-2,mysqld-exporter,15900672,load_100tps
2026-08-05T22:22:10Z,compare-am-gp-n3-4-16-i-adv-mysql-2,slow-log-tailer,2072576,load_100tps
2026-08-05T22:22:10Z,compare-am-gp-n3-4-16-i-adv-mysql-2,do-agent,-1,load_100tps
2026-08-05T22:22:10Z,compare-am-gp-n3-4-16-i-adv-mysql-2,xtrabackup,24502272,load_100tps
2026-08-05T22:22:43Z,compare-am-gp-n3-4-16-i-adv-mysql-0,mysql,13340504064,load_100tps
2026-08-05T22:22:43Z,compare-am-gp-n3-4-16-i-adv-mysql-0,mysqld-exporter,16453632,load_100tps
2026-08-05T22:22:43Z,compare-am-gp-n3-4-16-i-adv-mysql-0,slow-log-tailer,6684672,load_100tps
2026-08-05T22:22:43Z,compare-am-gp-n3-4-16-i-adv-mysql-0,do-agent,-1,load_100tps
2026-08-05T22:22:43Z,compare-am-gp-n3-4-16-i-adv-mysql-0,xtrabackup,19750912,load_100tps
2026-08-05T22:22:43Z,compare-am-gp-n3-4-16-i-adv-mysql-1,mysql,12868583424,load_100tps
2026-08-05T22:22:43Z,compare-am-gp-n3-4-16-i-adv-mysql-1,mysqld-exporter,14569472,load_100tps
2026-08-05T22:22:43Z,compare-am-gp-n3-4-16-i-adv-mysql-1,slow-log-tailer,6623232,load_100tps
2026-08-05T22:22:43Z,compare-am-gp-n3-4-16-i-adv-mysql-1,do-agent,-1,load_100tps
2026-08-05T22:22:43Z,compare-am-gp-n3-4-16-i-adv-mysql-1,xtrabackup,275410944,load_100tps
2026-08-05T22:22:43Z,compare-am-gp-n3-4-16-i-adv-mysql-2,mysql,13283028992,load_100tps
2026-08-05T22:22:43Z,compare-am-gp-n3-4-16-i-adv-mysql-2,mysqld-exporter,15491072,load_100tps
2026-08-05T22:22:43Z,compare-am-gp-n3-4-16-i-adv-mysql-2,slow-log-tailer,1986560,load_100tps
2026-08-05T22:22:43Z,compare-am-gp-n3-4-16-i-adv-mysql-2,do-agent,-1,load_100tps
2026-08-05T22:22:43Z,compare-am-gp-n3-4-16-i-adv-mysql-2,xtrabackup,24543232,load_100tps
2026-08-05T22:23:15Z,compare-am-gp-n3-4-16-i-adv-mysql-0,mysql,13377638400,load_100tps
2026-08-05T22:23:15Z,compare-am-gp-n3-4-16-i-adv-mysql-0,mysqld-exporter,16457728,load_100tps
2026-08-05T22:23:15Z,compare-am-gp-n3-4-16-i-adv-mysql-0,slow-log-tailer,6602752,load_100tps
2026-08-05T22:23:15Z,compare-am-gp-n3-4-16-i-adv-mysql-0,do-agent,-1,load_100tps
2026-08-05T22:23:15Z,compare-am-gp-n3-4-16-i-adv-mysql-0,xtrabackup,19898368,load_100tps
2026-08-05T22:23:15Z,compare-am-gp-n3-4-16-i-adv-mysql-1,mysql,12833595392,load_100tps
2026-08-05T22:23:15Z,compare-am-gp-n3-4-16-i-adv-mysql-1,mysqld-exporter,15163392,load_100tps
2026-08-05T22:23:15Z,compare-am-gp-n3-4-16-i-adv-mysql-1,slow-log-tailer,6750208,load_100tps
2026-08-05T22:23:15Z,compare-am-gp-n3-4-16-i-adv-mysql-1,do-agent,-1,load_100tps
2026-08-05T22:23:15Z,compare-am-gp-n3-4-16-i-adv-mysql-1,xtrabackup,267460608,load_100tps
2026-08-05T22:23:15Z,compare-am-gp-n3-4-16-i-adv-mysql-2,mysql,13275394048,load_100tps
2026-08-05T22:23:15Z,compare-am-gp-n3-4-16-i-adv-mysql-2,mysqld-exporter,15577088,load_100tps
2026-08-05T22:23:15Z,compare-am-gp-n3-4-16-i-adv-mysql-2,slow-log-tailer,1949696,load_100tps
2026-08-05T22:23:15Z,compare-am-gp-n3-4-16-i-adv-mysql-2,do-agent,-1,load_100tps
2026-08-05T22:23:15Z,compare-am-gp-n3-4-16-i-adv-mysql-2,xtrabackup,24420352,load_100tps
2026-08-05T22:23:48Z,compare-am-gp-n3-4-16-i-adv-mysql-0,mysql,13336997888,load_100tps
2026-08-05T22:23:48Z,compare-am-gp-n3-4-16-i-adv-mysql-0,mysqld-exporter,16896000,load_100tps
2026-08-05T22:23:48Z,compare-am-gp-n3-4-16-i-adv-mysql-0,slow-log-tailer,6635520,load_100tps
2026-08-05T22:23:48Z,compare-am-gp-n3-4-16-i-adv-mysql-0,do-agent,-1,load_100tps
2026-08-05T22:23:48Z,compare-am-gp-n3-4-16-i-adv-mysql-0,xtrabackup,19652608,load_100tps
2026-08-05T22:23:48Z,compare-am-gp-n3-4-16-i-adv-mysql-1,mysql,12663418880,load_100tps
2026-08-05T22:23:48Z,compare-am-gp-n3-4-16-i-adv-mysql-1,mysqld-exporter,15106048,load_100tps
2026-08-05T22:23:48Z,compare-am-gp-n3-4-16-i-adv-mysql-1,slow-log-tailer,6520832,load_100tps
2026-08-05T22:23:48Z,compare-am-gp-n3-4-16-i-adv-mysql-1,do-agent,-1,load_100tps
2026-08-05T22:23:48Z,compare-am-gp-n3-4-16-i-adv-mysql-1,xtrabackup,239820800,load_100tps
2026-08-05T22:23:48Z,compare-am-gp-n3-4-16-i-adv-mysql-2,mysql,13289377792,load_100tps
2026-08-05T22:23:48Z,compare-am-gp-n3-4-16-i-adv-mysql-2,mysqld-exporter,15572992,load_100tps
2026-08-05T22:23:48Z,compare-am-gp-n3-4-16-i-adv-mysql-2,slow-log-tailer,1970176,load_100tps
2026-08-05T22:23:48Z,compare-am-gp-n3-4-16-i-adv-mysql-2,do-agent,-1,load_100tps
2026-08-05T22:23:48Z,compare-am-gp-n3-4-16-i-adv-mysql-2,xtrabackup,24514560,load_100tps
2026-08-05T22:24:20Z,compare-am-gp-n3-4-16-i-adv-mysql-0,mysql,13327990784,cooldown_100_200
2026-08-05T22:24:20Z,compare-am-gp-n3-4-16-i-adv-mysql-0,mysqld-exporter,16326656,cooldown_100_200
2026-08-05T22:24:20Z,compare-am-gp-n3-4-16-i-adv-mysql-0,slow-log-tailer,6492160,cooldown_100_200
2026-08-05T22:24:20Z,compare-am-gp-n3-4-16-i-adv-mysql-0,do-agent,-1,cooldown_100_200
2026-08-05T22:24:20Z,compare-am-gp-n3-4-16-i-adv-mysql-0,xtrabackup,19656704,cooldown_100_200
2026-08-05T22:24:20Z,compare-am-gp-n3-4-16-i-adv-mysql-1,mysql,12711501824,cooldown_100_200
2026-08-05T22:24:20Z,compare-am-gp-n3-4-16-i-adv-mysql-1,mysqld-exporter,15216640,cooldown_100_200
2026-08-05T22:24:20Z,compare-am-gp-n3-4-16-i-adv-mysql-1,slow-log-tailer,6995968,cooldown_100_200
2026-08-05T22:24:20Z,compare-am-gp-n3-4-16-i-adv-mysql-1,do-agent,-1,cooldown_100_200
2026-08-05T22:24:20Z,compare-am-gp-n3-4-16-i-adv-mysql-1,xtrabackup,239345664,cooldown_100_200
2026-08-05T22:24:20Z,compare-am-gp-n3-4-16-i-adv-mysql-2,mysql,13284827136,cooldown_100_200
2026-08-05T22:24:20Z,compare-am-gp-n3-4-16-i-adv-mysql-2,mysqld-exporter,15708160,cooldown_100_200
2026-08-05T22:24:20Z,compare-am-gp-n3-4-16-i-adv-mysql-2,slow-log-tailer,1974272,cooldown_100_200
2026-08-05T22:24:20Z,compare-am-gp-n3-4-16-i-adv-mysql-2,do-agent,-1,cooldown_100_200
2026-08-05T22:24:20Z,compare-am-gp-n3-4-16-i-adv-mysql-2,xtrabackup,24465408,cooldown_100_200
2026-08-05T22:24:52Z,compare-am-gp-n3-4-16-i-adv-mysql-0,mysql,13321297920,cooldown_100_200
2026-08-05T22:24:52Z,compare-am-gp-n3-4-16-i-adv-mysql-0,mysqld-exporter,16195584,cooldown_100_200
2026-08-05T22:24:52Z,compare-am-gp-n3-4-16-i-adv-mysql-0,slow-log-tailer,6598656,cooldown_100_200
2026-08-05T22:24:52Z,compare-am-gp-n3-4-16-i-adv-mysql-0,do-agent,-1,cooldown_100_200
2026-08-05T22:24:52Z,compare-am-gp-n3-4-16-i-adv-mysql-0,xtrabackup,19779584,cooldown_100_200
2026-08-05T22:24:52Z,compare-am-gp-n3-4-16-i-adv-mysql-1,mysql,12711620608,cooldown_100_200
2026-08-05T22:24:52Z,compare-am-gp-n3-4-16-i-adv-mysql-1,mysqld-exporter,15171584,cooldown_100_200
2026-08-05T22:24:52Z,compare-am-gp-n3-4-16-i-adv-mysql-1,slow-log-tailer,6508544,cooldown_100_200
2026-08-05T22:24:52Z,compare-am-gp-n3-4-16-i-adv-mysql-1,do-agent,-1,cooldown_100_200
2026-08-05T22:24:52Z,compare-am-gp-n3-4-16-i-adv-mysql-1,xtrabackup,239460352,cooldown_100_200
2026-08-05T22:24:52Z,compare-am-gp-n3-4-16-i-adv-mysql-2,mysql,13284466688,cooldown_100_200
2026-08-05T22:24:52Z,compare-am-gp-n3-4-16-i-adv-mysql-2,mysqld-exporter,15564800,cooldown_100_200
2026-08-05T22:24:52Z,compare-am-gp-n3-4-16-i-adv-mysql-2,slow-log-tailer,1880064,cooldown_100_200
2026-08-05T22:24:52Z,compare-am-gp-n3-4-16-i-adv-mysql-2,do-agent,-1,cooldown_100_200
2026-08-05T22:24:52Z,compare-am-gp-n3-4-16-i-adv-mysql-2,xtrabackup,24469504,cooldown_100_200
2026-08-05T22:25:25Z,compare-am-gp-n3-4-16-i-adv-mysql-0,mysql,13321097216,cooldown_100_200
2026-08-05T22:25:25Z,compare-am-gp-n3-4-16-i-adv-mysql-0,mysqld-exporter,16003072,cooldown_100_200
2026-08-05T22:25:25Z,compare-am-gp-n3-4-16-i-adv-mysql-0,slow-log-tailer,6459392,cooldown_100_200
2026-08-05T22:25:25Z,compare-am-gp-n3-4-16-i-adv-mysql-0,do-agent,-1,cooldown_100_200
2026-08-05T22:25:25Z,compare-am-gp-n3-4-16-i-adv-mysql-0,xtrabackup,19554304,cooldown_100_200
2026-08-05T22:25:25Z,compare-am-gp-n3-4-16-i-adv-mysql-1,mysql,12711743488,cooldown_100_200
2026-08-05T22:25:25Z,compare-am-gp-n3-4-16-i-adv-mysql-1,mysqld-exporter,14831616,cooldown_100_200
2026-08-05T22:25:25Z,compare-am-gp-n3-4-16-i-adv-mysql-1,slow-log-tailer,6709248,cooldown_100_200
2026-08-05T22:25:25Z,compare-am-gp-n3-4-16-i-adv-mysql-1,do-agent,-1,cooldown_100_200
2026-08-05T22:25:25Z,compare-am-gp-n3-4-16-i-adv-mysql-1,xtrabackup,239439872,cooldown_100_200
2026-08-05T22:25:25Z,compare-am-gp-n3-4-16-i-adv-mysql-2,mysql,13256310784,cooldown_100_200
2026-08-05T22:25:25Z,compare-am-gp-n3-4-16-i-adv-mysql-2,mysqld-exporter,15687680,cooldown_100_200
2026-08-05T22:25:25Z,compare-am-gp-n3-4-16-i-adv-mysql-2,slow-log-tailer,1990656,cooldown_100_200
2026-08-05T22:25:25Z,compare-am-gp-n3-4-16-i-adv-mysql-2,do-agent,-1,cooldown_100_200
2026-08-05T22:25:25Z,compare-am-gp-n3-4-16-i-adv-mysql-2,xtrabackup,24367104,cooldown_100_200
2026-08-05T22:25:57Z,compare-am-gp-n3-4-16-i-adv-mysql-0,mysql,13320437760,cooldown_100_200
2026-08-05T22:25:57Z,compare-am-gp-n3-4-16-i-adv-mysql-0,mysqld-exporter,16117760,cooldown_100_200
2026-08-05T22:25:57Z,compare-am-gp-n3-4-16-i-adv-mysql-0,slow-log-tailer,6631424,cooldown_100_200
2026-08-05T22:25:57Z,compare-am-gp-n3-4-16-i-adv-mysql-0,do-agent,-1,cooldown_100_200
2026-08-05T22:25:57Z,compare-am-gp-n3-4-16-i-adv-mysql-0,xtrabackup,19632128,cooldown_100_200
2026-08-05T22:25:57Z,compare-am-gp-n3-4-16-i-adv-mysql-1,mysql,12711739392,cooldown_100_200
2026-08-05T22:25:57Z,compare-am-gp-n3-4-16-i-adv-mysql-1,mysqld-exporter,14725120,cooldown_100_200
2026-08-05T22:25:57Z,compare-am-gp-n3-4-16-i-adv-mysql-1,slow-log-tailer,6610944,cooldown_100_200
2026-08-05T22:25:57Z,compare-am-gp-n3-4-16-i-adv-mysql-1,do-agent,-1,cooldown_100_200
2026-08-05T22:25:57Z,compare-am-gp-n3-4-16-i-adv-mysql-1,xtrabackup,239497216,cooldown_100_200
2026-08-05T22:25:57Z,compare-am-gp-n3-4-16-i-adv-mysql-2,mysql,13255766016,cooldown_100_200
2026-08-05T22:25:57Z,compare-am-gp-n3-4-16-i-adv-mysql-2,mysqld-exporter,15798272,cooldown_100_200
2026-08-05T22:25:57Z,compare-am-gp-n3-4-16-i-adv-mysql-2,slow-log-tailer,2134016,cooldown_100_200
2026-08-05T22:25:57Z,compare-am-gp-n3-4-16-i-adv-mysql-2,do-agent,-1,cooldown_100_200
2026-08-05T22:25:57Z,compare-am-gp-n3-4-16-i-adv-mysql-2,xtrabackup,24457216,cooldown_100_200
2026-08-05T22:26:29Z,compare-am-gp-n3-4-16-i-adv-mysql-0,mysql,13235736576,load_200tps
2026-08-05T22:26:29Z,compare-am-gp-n3-4-16-i-adv-mysql-0,mysqld-exporter,16097280,load_200tps
2026-08-05T22:26:29Z,compare-am-gp-n3-4-16-i-adv-mysql-0,slow-log-tailer,6602752,load_200tps
2026-08-05T22:26:29Z,compare-am-gp-n3-4-16-i-adv-mysql-0,do-agent,-1,load_200tps
2026-08-05T22:26:29Z,compare-am-gp-n3-4-16-i-adv-mysql-0,xtrabackup,19656704,load_200tps
2026-08-05T22:26:29Z,compare-am-gp-n3-4-16-i-adv-mysql-1,mysql,12617785344,load_200tps
2026-08-05T22:26:29Z,compare-am-gp-n3-4-16-i-adv-mysql-1,mysqld-exporter,14594048,load_200tps
2026-08-05T22:26:29Z,compare-am-gp-n3-4-16-i-adv-mysql-1,slow-log-tailer,6582272,load_200tps
2026-08-05T22:26:29Z,compare-am-gp-n3-4-16-i-adv-mysql-1,do-agent,-1,load_200tps
2026-08-05T22:26:29Z,compare-am-gp-n3-4-16-i-adv-mysql-1,xtrabackup,610496512,load_200tps
2026-08-05T22:26:29Z,compare-am-gp-n3-4-16-i-adv-mysql-2,mysql,13262540800,load_200tps
2026-08-05T22:26:29Z,compare-am-gp-n3-4-16-i-adv-mysql-2,mysqld-exporter,15683584,load_200tps
2026-08-05T22:26:29Z,compare-am-gp-n3-4-16-i-adv-mysql-2,slow-log-tailer,1974272,load_200tps
2026-08-05T22:26:29Z,compare-am-gp-n3-4-16-i-adv-mysql-2,do-agent,-1,load_200tps
2026-08-05T22:26:29Z,compare-am-gp-n3-4-16-i-adv-mysql-2,xtrabackup,24416256,load_200tps
2026-08-05T22:27:03Z,compare-am-gp-n3-4-16-i-adv-mysql-0,mysql,13280178176,load_200tps
2026-08-05T22:27:03Z,compare-am-gp-n3-4-16-i-adv-mysql-0,mysqld-exporter,15962112,load_200tps
2026-08-05T22:27:03Z,compare-am-gp-n3-4-16-i-adv-mysql-0,slow-log-tailer,6594560,load_200tps
2026-08-05T22:27:03Z,compare-am-gp-n3-4-16-i-adv-mysql-0,do-agent,-1,load_200tps
2026-08-05T22:27:03Z,compare-am-gp-n3-4-16-i-adv-mysql-0,xtrabackup,19668992,load_200tps
2026-08-05T22:27:03Z,compare-am-gp-n3-4-16-i-adv-mysql-1,mysql,12322783232,load_200tps
2026-08-05T22:27:03Z,compare-am-gp-n3-4-16-i-adv-mysql-1,mysqld-exporter,14790656,load_200tps
2026-08-05T22:27:03Z,compare-am-gp-n3-4-16-i-adv-mysql-1,slow-log-tailer,6524928,load_200tps
2026-08-05T22:27:03Z,compare-am-gp-n3-4-16-i-adv-mysql-1,do-agent,-1,load_200tps
2026-08-05T22:27:03Z,compare-am-gp-n3-4-16-i-adv-mysql-1,xtrabackup,814125056,load_200tps
2026-08-05T22:27:03Z,compare-am-gp-n3-4-16-i-adv-mysql-2,mysql,13265514496,load_200tps
2026-08-05T22:27:03Z,compare-am-gp-n3-4-16-i-adv-mysql-2,mysqld-exporter,15679488,load_200tps
2026-08-05T22:27:03Z,compare-am-gp-n3-4-16-i-adv-mysql-2,slow-log-tailer,2355200,load_200tps
2026-08-05T22:27:03Z,compare-am-gp-n3-4-16-i-adv-mysql-2,do-agent,-1,load_200tps
2026-08-05T22:27:03Z,compare-am-gp-n3-4-16-i-adv-mysql-2,xtrabackup,24444928,load_200tps
2026-08-05T22:27:36Z,compare-am-gp-n3-4-16-i-adv-mysql-0,mysql,13322407936,load_200tps
2026-08-05T22:27:36Z,compare-am-gp-n3-4-16-i-adv-mysql-0,mysqld-exporter,16596992,load_200tps
2026-08-05T22:27:36Z,compare-am-gp-n3-4-16-i-adv-mysql-0,slow-log-tailer,6615040,load_200tps
2026-08-05T22:27:36Z,compare-am-gp-n3-4-16-i-adv-mysql-0,do-agent,-1,load_200tps
2026-08-05T22:27:36Z,compare-am-gp-n3-4-16-i-adv-mysql-0,xtrabackup,19480576,load_200tps
2026-08-05T22:27:36Z,compare-am-gp-n3-4-16-i-adv-mysql-1,mysql,12173385728,load_200tps
2026-08-05T22:27:36Z,compare-am-gp-n3-4-16-i-adv-mysql-1,mysqld-exporter,15650816,load_200tps
2026-08-05T22:27:36Z,compare-am-gp-n3-4-16-i-adv-mysql-1,slow-log-tailer,6586368,load_200tps
2026-08-05T22:27:36Z,compare-am-gp-n3-4-16-i-adv-mysql-1,do-agent,-1,load_200tps
2026-08-05T22:27:36Z,compare-am-gp-n3-4-16-i-adv-mysql-1,xtrabackup,821342208,load_200tps
2026-08-05T22:27:36Z,compare-am-gp-n3-4-16-i-adv-mysql-2,mysql,13284937728,load_200tps
2026-08-05T22:27:36Z,compare-am-gp-n3-4-16-i-adv-mysql-2,mysqld-exporter,15929344,load_200tps
2026-08-05T22:27:36Z,compare-am-gp-n3-4-16-i-adv-mysql-2,slow-log-tailer,1974272,load_200tps
2026-08-05T22:27:36Z,compare-am-gp-n3-4-16-i-adv-mysql-2,do-agent,-1,load_200tps
2026-08-05T22:27:36Z,compare-am-gp-n3-4-16-i-adv-mysql-2,xtrabackup,24588288,load_200tps
2026-08-05T22:28:09Z,compare-am-gp-n3-4-16-i-adv-mysql-0,mysql,13354688512,load_200tps
2026-08-05T22:28:09Z,compare-am-gp-n3-4-16-i-adv-mysql-0,mysqld-exporter,16605184,load_200tps
2026-08-05T22:28:09Z,compare-am-gp-n3-4-16-i-adv-mysql-0,slow-log-tailer,6602752,load_200tps
2026-08-05T22:28:09Z,compare-am-gp-n3-4-16-i-adv-mysql-0,do-agent,-1,load_200tps
2026-08-05T22:28:09Z,compare-am-gp-n3-4-16-i-adv-mysql-0,xtrabackup,19443712,load_200tps
2026-08-05T22:28:09Z,compare-am-gp-n3-4-16-i-adv-mysql-1,mysql,12309843968,load_200tps
2026-08-05T22:28:09Z,compare-am-gp-n3-4-16-i-adv-mysql-1,mysqld-exporter,15671296,load_200tps
2026-08-05T22:28:09Z,compare-am-gp-n3-4-16-i-adv-mysql-1,slow-log-tailer,6537216,load_200tps
2026-08-05T22:28:09Z,compare-am-gp-n3-4-16-i-adv-mysql-1,do-agent,-1,load_200tps
2026-08-05T22:28:09Z,compare-am-gp-n3-4-16-i-adv-mysql-1,xtrabackup,829562880,load_200tps
2026-08-05T22:28:09Z,compare-am-gp-n3-4-16-i-adv-mysql-2,mysql,13271240704,load_200tps
2026-08-05T22:28:09Z,compare-am-gp-n3-4-16-i-adv-mysql-2,mysqld-exporter,15876096,load_200tps
2026-08-05T22:28:09Z,compare-am-gp-n3-4-16-i-adv-mysql-2,slow-log-tailer,1966080,load_200tps
2026-08-05T22:28:09Z,compare-am-gp-n3-4-16-i-adv-mysql-2,do-agent,-1,load_200tps
2026-08-05T22:28:09Z,compare-am-gp-n3-4-16-i-adv-mysql-2,xtrabackup,24285184,load_200tps
2026-08-05T22:28:41Z,compare-am-gp-n3-4-16-i-adv-mysql-0,mysql,13362544640,load_200tps
2026-08-05T22:28:41Z,compare-am-gp-n3-4-16-i-adv-mysql-0,mysqld-exporter,16670720,load_200tps
2026-08-05T22:28:41Z,compare-am-gp-n3-4-16-i-adv-mysql-0,slow-log-tailer,5996544,load_200tps
2026-08-05T22:28:41Z,compare-am-gp-n3-4-16-i-adv-mysql-0,do-agent,-1,load_200tps
2026-08-05T22:28:41Z,compare-am-gp-n3-4-16-i-adv-mysql-0,xtrabackup,19558400,load_200tps
2026-08-05T22:28:41Z,compare-am-gp-n3-4-16-i-adv-mysql-1,mysql,12260360192,load_200tps
2026-08-05T22:28:41Z,compare-am-gp-n3-4-16-i-adv-mysql-1,mysqld-exporter,15482880,load_200tps
2026-08-05T22:28:41Z,compare-am-gp-n3-4-16-i-adv-mysql-1,slow-log-tailer,6549504,load_200tps
2026-08-05T22:28:41Z,compare-am-gp-n3-4-16-i-adv-mysql-1,do-agent,-1,load_200tps
2026-08-05T22:28:41Z,compare-am-gp-n3-4-16-i-adv-mysql-1,xtrabackup,806072320,load_200tps
2026-08-05T22:28:41Z,compare-am-gp-n3-4-16-i-adv-mysql-2,mysql,13266763776,load_200tps
2026-08-05T22:28:41Z,compare-am-gp-n3-4-16-i-adv-mysql-2,mysqld-exporter,15687680,load_200tps
2026-08-05T22:28:41Z,compare-am-gp-n3-4-16-i-adv-mysql-2,slow-log-tailer,1908736,load_200tps
2026-08-05T22:28:41Z,compare-am-gp-n3-4-16-i-adv-mysql-2,do-agent,-1,load_200tps
2026-08-05T22:28:41Z,compare-am-gp-n3-4-16-i-adv-mysql-2,xtrabackup,24653824,load_200tps
2026-08-05T22:29:15Z,compare-am-gp-n3-4-16-i-adv-mysql-0,mysql,13341523968,load_200tps
2026-08-05T22:29:15Z,compare-am-gp-n3-4-16-i-adv-mysql-0,mysqld-exporter,16683008,load_200tps
2026-08-05T22:29:15Z,compare-am-gp-n3-4-16-i-adv-mysql-0,slow-log-tailer,6520832,load_200tps
2026-08-05T22:29:15Z,compare-am-gp-n3-4-16-i-adv-mysql-0,do-agent,-1,load_200tps
2026-08-05T22:29:15Z,compare-am-gp-n3-4-16-i-adv-mysql-0,xtrabackup,19537920,load_200tps
2026-08-05T22:29:15Z,compare-am-gp-n3-4-16-i-adv-mysql-1,mysql,12134350848,load_200tps
2026-08-05T22:29:15Z,compare-am-gp-n3-4-16-i-adv-mysql-1,mysqld-exporter,14954496,load_200tps
2026-08-05T22:29:15Z,compare-am-gp-n3-4-16-i-adv-mysql-1,slow-log-tailer,6688768,load_200tps
2026-08-05T22:29:15Z,compare-am-gp-n3-4-16-i-adv-mysql-1,do-agent,-1,load_200tps
2026-08-05T22:29:15Z,compare-am-gp-n3-4-16-i-adv-mysql-1,xtrabackup,799891456,load_200tps
2026-08-05T22:29:15Z,compare-am-gp-n3-4-16-i-adv-mysql-2,mysql,13269680128,load_200tps
2026-08-05T22:29:15Z,compare-am-gp-n3-4-16-i-adv-mysql-2,mysqld-exporter,15900672,load_200tps
2026-08-05T22:29:15Z,compare-am-gp-n3-4-16-i-adv-mysql-2,slow-log-tailer,1986560,load_200tps
2026-08-05T22:29:15Z,compare-am-gp-n3-4-16-i-adv-mysql-2,do-agent,-1,load_200tps
2026-08-05T22:29:15Z,compare-am-gp-n3-4-16-i-adv-mysql-2,xtrabackup,24449024,load_200tps
2026-08-05T22:29:48Z,compare-am-gp-n3-4-16-i-adv-mysql-0,mysql,13363752960,load_200tps
2026-08-05T22:29:48Z,compare-am-gp-n3-4-16-i-adv-mysql-0,mysqld-exporter,15994880,load_200tps
2026-08-05T22:29:48Z,compare-am-gp-n3-4-16-i-adv-mysql-0,slow-log-tailer,6598656,load_200tps
2026-08-05T22:29:48Z,compare-am-gp-n3-4-16-i-adv-mysql-0,do-agent,-1,load_200tps
2026-08-05T22:29:48Z,compare-am-gp-n3-4-16-i-adv-mysql-0,xtrabackup,19386368,load_200tps
2026-08-05T22:29:48Z,compare-am-gp-n3-4-16-i-adv-mysql-1,mysql,12234993664,load_200tps
2026-08-05T22:29:48Z,compare-am-gp-n3-4-16-i-adv-mysql-1,mysqld-exporter,14946304,load_200tps
2026-08-05T22:29:48Z,compare-am-gp-n3-4-16-i-adv-mysql-1,slow-log-tailer,6680576,load_200tps
2026-08-05T22:29:48Z,compare-am-gp-n3-4-16-i-adv-mysql-1,do-agent,-1,load_200tps
2026-08-05T22:29:48Z,compare-am-gp-n3-4-16-i-adv-mysql-1,xtrabackup,794304512,load_200tps
2026-08-05T22:29:48Z,compare-am-gp-n3-4-16-i-adv-mysql-2,mysql,13274005504,load_200tps
2026-08-05T22:29:48Z,compare-am-gp-n3-4-16-i-adv-mysql-2,mysqld-exporter,15544320,load_200tps
2026-08-05T22:29:48Z,compare-am-gp-n3-4-16-i-adv-mysql-2,slow-log-tailer,1794048,load_200tps
2026-08-05T22:29:48Z,compare-am-gp-n3-4-16-i-adv-mysql-2,do-agent,-1,load_200tps
2026-08-05T22:29:48Z,compare-am-gp-n3-4-16-i-adv-mysql-2,xtrabackup,24457216,load_200tps
2026-08-05T22:30:21Z,compare-am-gp-n3-4-16-i-adv-mysql-0,mysql,13319528448,load_200tps
2026-08-05T22:30:21Z,compare-am-gp-n3-4-16-i-adv-mysql-0,mysqld-exporter,15941632,load_200tps
2026-08-05T22:30:21Z,compare-am-gp-n3-4-16-i-adv-mysql-0,slow-log-tailer,6115328,load_200tps
2026-08-05T22:30:21Z,compare-am-gp-n3-4-16-i-adv-mysql-0,do-agent,-1,load_200tps
2026-08-05T22:30:21Z,compare-am-gp-n3-4-16-i-adv-mysql-0,xtrabackup,19554304,load_200tps
2026-08-05T22:30:21Z,compare-am-gp-n3-4-16-i-adv-mysql-1,mysql,12264017920,load_200tps
2026-08-05T22:30:21Z,compare-am-gp-n3-4-16-i-adv-mysql-1,mysqld-exporter,15040512,load_200tps
2026-08-05T22:30:21Z,compare-am-gp-n3-4-16-i-adv-mysql-1,slow-log-tailer,6606848,load_200tps
2026-08-05T22:30:21Z,compare-am-gp-n3-4-16-i-adv-mysql-1,do-agent,-1,load_200tps
2026-08-05T22:30:21Z,compare-am-gp-n3-4-16-i-adv-mysql-1,xtrabackup,813428736,load_200tps
2026-08-05T22:30:21Z,compare-am-gp-n3-4-16-i-adv-mysql-2,mysql,13267161088,load_200tps
2026-08-05T22:30:21Z,compare-am-gp-n3-4-16-i-adv-mysql-2,mysqld-exporter,15720448,load_200tps
2026-08-05T22:30:21Z,compare-am-gp-n3-4-16-i-adv-mysql-2,slow-log-tailer,1781760,load_200tps
2026-08-05T22:30:21Z,compare-am-gp-n3-4-16-i-adv-mysql-2,do-agent,-1,load_200tps
2026-08-05T22:30:21Z,compare-am-gp-n3-4-16-i-adv-mysql-2,xtrabackup,24502272,load_200tps
2026-08-05T22:30:54Z,compare-am-gp-n3-4-16-i-adv-mysql-0,mysql,13358481408,load_200tps
2026-08-05T22:30:54Z,compare-am-gp-n3-4-16-i-adv-mysql-0,mysqld-exporter,15945728,load_200tps
2026-08-05T22:30:54Z,compare-am-gp-n3-4-16-i-adv-mysql-0,slow-log-tailer,6397952,load_200tps
2026-08-05T22:30:54Z,compare-am-gp-n3-4-16-i-adv-mysql-0,do-agent,-1,load_200tps
2026-08-05T22:30:54Z,compare-am-gp-n3-4-16-i-adv-mysql-0,xtrabackup,19161088,load_200tps
2026-08-05T22:30:54Z,compare-am-gp-n3-4-16-i-adv-mysql-1,mysql,12169773056,load_200tps
2026-08-05T22:30:54Z,compare-am-gp-n3-4-16-i-adv-mysql-1,mysqld-exporter,14995456,load_200tps
2026-08-05T22:30:54Z,compare-am-gp-n3-4-16-i-adv-mysql-1,slow-log-tailer,6664192,load_200tps
2026-08-05T22:30:54Z,compare-am-gp-n3-4-16-i-adv-mysql-1,do-agent,-1,load_200tps
2026-08-05T22:30:54Z,compare-am-gp-n3-4-16-i-adv-mysql-1,xtrabackup,792117248,load_200tps
2026-08-05T22:30:54Z,compare-am-gp-n3-4-16-i-adv-mysql-2,mysql,13262958592,load_200tps
2026-08-05T22:30:54Z,compare-am-gp-n3-4-16-i-adv-mysql-2,mysqld-exporter,15437824,load_200tps
2026-08-05T22:30:54Z,compare-am-gp-n3-4-16-i-adv-mysql-2,slow-log-tailer,1945600,load_200tps
2026-08-05T22:30:54Z,compare-am-gp-n3-4-16-i-adv-mysql-2,do-agent,-1,load_200tps
2026-08-05T22:30:54Z,compare-am-gp-n3-4-16-i-adv-mysql-2,xtrabackup,24485888,load_200tps
2026-08-05T22:31:27Z,compare-am-gp-n3-4-16-i-adv-mysql-0,mysql,13326442496,load_200tps
2026-08-05T22:31:27Z,compare-am-gp-n3-4-16-i-adv-mysql-0,mysqld-exporter,16207872,load_200tps
2026-08-05T22:31:27Z,compare-am-gp-n3-4-16-i-adv-mysql-0,slow-log-tailer,6688768,load_200tps
2026-08-05T22:31:27Z,compare-am-gp-n3-4-16-i-adv-mysql-0,do-agent,-1,load_200tps
2026-08-05T22:31:27Z,compare-am-gp-n3-4-16-i-adv-mysql-0,xtrabackup,19353600,load_200tps
2026-08-05T22:31:27Z,compare-am-gp-n3-4-16-i-adv-mysql-1,mysql,12304470016,load_200tps
2026-08-05T22:31:27Z,compare-am-gp-n3-4-16-i-adv-mysql-1,mysqld-exporter,15822848,load_200tps
2026-08-05T22:31:27Z,compare-am-gp-n3-4-16-i-adv-mysql-1,slow-log-tailer,6676480,load_200tps
2026-08-05T22:31:27Z,compare-am-gp-n3-4-16-i-adv-mysql-1,do-agent,-1,load_200tps
2026-08-05T22:31:27Z,compare-am-gp-n3-4-16-i-adv-mysql-1,xtrabackup,796663808,load_200tps
2026-08-05T22:31:27Z,compare-am-gp-n3-4-16-i-adv-mysql-2,mysql,13256044544,load_200tps
2026-08-05T22:31:27Z,compare-am-gp-n3-4-16-i-adv-mysql-2,mysqld-exporter,15994880,load_200tps
2026-08-05T22:31:27Z,compare-am-gp-n3-4-16-i-adv-mysql-2,slow-log-tailer,1822720,load_200tps
2026-08-05T22:31:27Z,compare-am-gp-n3-4-16-i-adv-mysql-2,do-agent,-1,load_200tps
2026-08-05T22:31:27Z,compare-am-gp-n3-4-16-i-adv-mysql-2,xtrabackup,24317952,load_200tps
2026-08-05T22:32:00Z,compare-am-gp-n3-4-16-i-adv-mysql-0,mysql,13325561856,load_200tps
2026-08-05T22:32:00Z,compare-am-gp-n3-4-16-i-adv-mysql-0,mysqld-exporter,16261120,load_200tps
2026-08-05T22:32:00Z,compare-am-gp-n3-4-16-i-adv-mysql-0,slow-log-tailer,6668288,load_200tps
2026-08-05T22:32:00Z,compare-am-gp-n3-4-16-i-adv-mysql-0,do-agent,-1,load_200tps
2026-08-05T22:32:00Z,compare-am-gp-n3-4-16-i-adv-mysql-0,xtrabackup,19369984,load_200tps
2026-08-05T22:32:00Z,compare-am-gp-n3-4-16-i-adv-mysql-1,mysql,12383571968,load_200tps
2026-08-05T22:32:00Z,compare-am-gp-n3-4-16-i-adv-mysql-1,mysqld-exporter,15953920,load_200tps
2026-08-05T22:32:00Z,compare-am-gp-n3-4-16-i-adv-mysql-1,slow-log-tailer,6799360,load_200tps
2026-08-05T22:32:00Z,compare-am-gp-n3-4-16-i-adv-mysql-1,do-agent,-1,load_200tps
2026-08-05T22:32:00Z,compare-am-gp-n3-4-16-i-adv-mysql-1,xtrabackup,640167936,load_200tps
2026-08-05T22:32:00Z,compare-am-gp-n3-4-16-i-adv-mysql-2,mysql,13269905408,load_200tps
2026-08-05T22:32:00Z,compare-am-gp-n3-4-16-i-adv-mysql-2,mysqld-exporter,15867904,load_200tps
2026-08-05T22:32:00Z,compare-am-gp-n3-4-16-i-adv-mysql-2,slow-log-tailer,2056192,load_200tps
2026-08-05T22:32:00Z,compare-am-gp-n3-4-16-i-adv-mysql-2,do-agent,-1,load_200tps
2026-08-05T22:32:00Z,compare-am-gp-n3-4-16-i-adv-mysql-2,xtrabackup,24453120,load_200tps
2026-08-05T22:32:34Z,compare-am-gp-n3-4-16-i-adv-mysql-0,mysql,13329694720,load_200tps
2026-08-05T22:32:34Z,compare-am-gp-n3-4-16-i-adv-mysql-0,mysqld-exporter,16293888,load_200tps
2026-08-05T22:32:34Z,compare-am-gp-n3-4-16-i-adv-mysql-0,slow-log-tailer,6545408,load_200tps
2026-08-05T22:32:34Z,compare-am-gp-n3-4-16-i-adv-mysql-0,do-agent,-1,load_200tps
2026-08-05T22:32:34Z,compare-am-gp-n3-4-16-i-adv-mysql-0,xtrabackup,19386368,load_200tps
2026-08-05T22:32:34Z,compare-am-gp-n3-4-16-i-adv-mysql-1,mysql,12433285120,load_200tps
2026-08-05T22:32:34Z,compare-am-gp-n3-4-16-i-adv-mysql-1,mysqld-exporter,15757312,load_200tps
2026-08-05T22:32:34Z,compare-am-gp-n3-4-16-i-adv-mysql-1,slow-log-tailer,6582272,load_200tps
2026-08-05T22:32:34Z,compare-am-gp-n3-4-16-i-adv-mysql-1,do-agent,-1,load_200tps
2026-08-05T22:32:34Z,compare-am-gp-n3-4-16-i-adv-mysql-1,xtrabackup,217579520,load_200tps
2026-08-05T22:32:34Z,compare-am-gp-n3-4-16-i-adv-mysql-2,mysql,13231927296,load_200tps
2026-08-05T22:32:34Z,compare-am-gp-n3-4-16-i-adv-mysql-2,mysqld-exporter,15896576,load_200tps
2026-08-05T22:32:34Z,compare-am-gp-n3-4-16-i-adv-mysql-2,slow-log-tailer,1961984,load_200tps
2026-08-05T22:32:34Z,compare-am-gp-n3-4-16-i-adv-mysql-2,do-agent,-1,load_200tps
2026-08-05T22:32:34Z,compare-am-gp-n3-4-16-i-adv-mysql-2,xtrabackup,24465408,load_200tps
2026-08-05T22:33:07Z,compare-am-gp-n3-4-16-i-adv-mysql-0,mysql,13368971264,load_200tps
2026-08-05T22:33:07Z,compare-am-gp-n3-4-16-i-adv-mysql-0,mysqld-exporter,16150528,load_200tps
2026-08-05T22:33:07Z,compare-am-gp-n3-4-16-i-adv-mysql-0,slow-log-tailer,6610944,load_200tps
2026-08-05T22:33:07Z,compare-am-gp-n3-4-16-i-adv-mysql-0,do-agent,-1,load_200tps
2026-08-05T22:33:07Z,compare-am-gp-n3-4-16-i-adv-mysql-0,xtrabackup,19394560,load_200tps
2026-08-05T22:33:07Z,compare-am-gp-n3-4-16-i-adv-mysql-1,mysql,12563951616,load_200tps
2026-08-05T22:33:07Z,compare-am-gp-n3-4-16-i-adv-mysql-1,mysqld-exporter,15925248,load_200tps
2026-08-05T22:33:07Z,compare-am-gp-n3-4-16-i-adv-mysql-1,slow-log-tailer,6508544,load_200tps
2026-08-05T22:33:07Z,compare-am-gp-n3-4-16-i-adv-mysql-1,do-agent,-1,load_200tps
2026-08-05T22:33:07Z,compare-am-gp-n3-4-16-i-adv-mysql-1,xtrabackup,217681920,load_200tps
2026-08-05T22:33:07Z,compare-am-gp-n3-4-16-i-adv-mysql-2,mysql,13256953856,load_200tps
2026-08-05T22:33:07Z,compare-am-gp-n3-4-16-i-adv-mysql-2,mysqld-exporter,15818752,load_200tps
2026-08-05T22:33:07Z,compare-am-gp-n3-4-16-i-adv-mysql-2,slow-log-tailer,2052096,load_200tps
2026-08-05T22:33:07Z,compare-am-gp-n3-4-16-i-adv-mysql-2,do-agent,-1,load_200tps
2026-08-05T22:33:07Z,compare-am-gp-n3-4-16-i-adv-mysql-2,xtrabackup,24494080,load_200tps
2026-08-05T22:33:40Z,compare-am-gp-n3-4-16-i-adv-mysql-0,mysql,13331836928,load_200tps
2026-08-05T22:33:40Z,compare-am-gp-n3-4-16-i-adv-mysql-0,mysqld-exporter,16117760,load_200tps
2026-08-05T22:33:40Z,compare-am-gp-n3-4-16-i-adv-mysql-0,slow-log-tailer,6623232,load_200tps
2026-08-05T22:33:40Z,compare-am-gp-n3-4-16-i-adv-mysql-0,do-agent,-1,load_200tps
2026-08-05T22:33:40Z,compare-am-gp-n3-4-16-i-adv-mysql-0,xtrabackup,19156992,load_200tps
2026-08-05T22:33:40Z,compare-am-gp-n3-4-16-i-adv-mysql-1,mysql,12695625728,load_200tps
2026-08-05T22:33:40Z,compare-am-gp-n3-4-16-i-adv-mysql-1,mysqld-exporter,14839808,load_200tps
2026-08-05T22:33:40Z,compare-am-gp-n3-4-16-i-adv-mysql-1,slow-log-tailer,6578176,load_200tps
2026-08-05T22:33:40Z,compare-am-gp-n3-4-16-i-adv-mysql-1,do-agent,-1,load_200tps
2026-08-05T22:33:40Z,compare-am-gp-n3-4-16-i-adv-mysql-1,xtrabackup,217882624,load_200tps
2026-08-05T22:33:40Z,compare-am-gp-n3-4-16-i-adv-mysql-2,mysql,13261033472,load_200tps
2026-08-05T22:33:40Z,compare-am-gp-n3-4-16-i-adv-mysql-2,mysqld-exporter,16609280,load_200tps
2026-08-05T22:33:40Z,compare-am-gp-n3-4-16-i-adv-mysql-2,slow-log-tailer,1912832,load_200tps
2026-08-05T22:33:40Z,compare-am-gp-n3-4-16-i-adv-mysql-2,do-agent,-1,load_200tps
2026-08-05T22:33:40Z,compare-am-gp-n3-4-16-i-adv-mysql-2,xtrabackup,24502272,load_200tps
2026-08-05T22:34:12Z,compare-am-gp-n3-4-16-i-adv-mysql-0,mysql,13374660608,load_200tps
2026-08-05T22:34:12Z,compare-am-gp-n3-4-16-i-adv-mysql-0,mysqld-exporter,16171008,load_200tps
2026-08-05T22:34:12Z,compare-am-gp-n3-4-16-i-adv-mysql-0,slow-log-tailer,6422528,load_200tps
2026-08-05T22:34:12Z,compare-am-gp-n3-4-16-i-adv-mysql-0,do-agent,-1,load_200tps
2026-08-05T22:34:12Z,compare-am-gp-n3-4-16-i-adv-mysql-0,xtrabackup,19447808,load_200tps
2026-08-05T22:34:12Z,compare-am-gp-n3-4-16-i-adv-mysql-1,mysql,12829847552,load_200tps
2026-08-05T22:34:12Z,compare-am-gp-n3-4-16-i-adv-mysql-1,mysqld-exporter,14667776,load_200tps
2026-08-05T22:34:12Z,compare-am-gp-n3-4-16-i-adv-mysql-1,slow-log-tailer,6696960,load_200tps
2026-08-05T22:34:12Z,compare-am-gp-n3-4-16-i-adv-mysql-1,do-agent,-1,load_200tps
2026-08-05T22:34:12Z,compare-am-gp-n3-4-16-i-adv-mysql-1,xtrabackup,217563136,load_200tps
2026-08-05T22:34:12Z,compare-am-gp-n3-4-16-i-adv-mysql-2,mysql,13253210112,load_200tps
2026-08-05T22:34:12Z,compare-am-gp-n3-4-16-i-adv-mysql-2,mysqld-exporter,16465920,load_200tps
2026-08-05T22:34:12Z,compare-am-gp-n3-4-16-i-adv-mysql-2,slow-log-tailer,1777664,load_200tps
2026-08-05T22:34:12Z,compare-am-gp-n3-4-16-i-adv-mysql-2,do-agent,-1,load_200tps
2026-08-05T22:34:12Z,compare-am-gp-n3-4-16-i-adv-mysql-2,xtrabackup,24276992,load_200tps
2026-08-05T22:34:45Z,compare-am-gp-n3-4-16-i-adv-mysql-0,mysql,13347102720,load_200tps
2026-08-05T22:34:45Z,compare-am-gp-n3-4-16-i-adv-mysql-0,mysqld-exporter,16121856,load_200tps
2026-08-05T22:34:45Z,compare-am-gp-n3-4-16-i-adv-mysql-0,slow-log-tailer,6664192,load_200tps
2026-08-05T22:34:45Z,compare-am-gp-n3-4-16-i-adv-mysql-0,do-agent,-1,load_200tps
2026-08-05T22:34:45Z,compare-am-gp-n3-4-16-i-adv-mysql-0,xtrabackup,19390464,load_200tps
2026-08-05T22:34:45Z,compare-am-gp-n3-4-16-i-adv-mysql-1,mysql,12793569280,load_200tps
2026-08-05T22:34:45Z,compare-am-gp-n3-4-16-i-adv-mysql-1,mysqld-exporter,14565376,load_200tps
2026-08-05T22:34:45Z,compare-am-gp-n3-4-16-i-adv-mysql-1,slow-log-tailer,6578176,load_200tps
2026-08-05T22:34:45Z,compare-am-gp-n3-4-16-i-adv-mysql-1,do-agent,-1,load_200tps
2026-08-05T22:34:45Z,compare-am-gp-n3-4-16-i-adv-mysql-1,xtrabackup,202358784,load_200tps
2026-08-05T22:34:45Z,compare-am-gp-n3-4-16-i-adv-mysql-2,mysql,13268357120,load_200tps
2026-08-05T22:34:45Z,compare-am-gp-n3-4-16-i-adv-mysql-2,mysqld-exporter,16596992,load_200tps
2026-08-05T22:34:45Z,compare-am-gp-n3-4-16-i-adv-mysql-2,slow-log-tailer,2007040,load_200tps
2026-08-05T22:34:45Z,compare-am-gp-n3-4-16-i-adv-mysql-2,do-agent,-1,load_200tps
2026-08-05T22:34:45Z,compare-am-gp-n3-4-16-i-adv-mysql-2,xtrabackup,24600576,load_200tps
2026-08-05T22:35:18Z,compare-am-gp-n3-4-16-i-adv-mysql-0,mysql,13354627072,load_200tps
2026-08-05T22:35:18Z,compare-am-gp-n3-4-16-i-adv-mysql-0,mysqld-exporter,16056320,load_200tps
2026-08-05T22:35:18Z,compare-am-gp-n3-4-16-i-adv-mysql-0,slow-log-tailer,6688768,load_200tps
2026-08-05T22:35:18Z,compare-am-gp-n3-4-16-i-adv-mysql-0,do-agent,-1,load_200tps
2026-08-05T22:35:18Z,compare-am-gp-n3-4-16-i-adv-mysql-0,xtrabackup,19464192,load_200tps
2026-08-05T22:35:18Z,compare-am-gp-n3-4-16-i-adv-mysql-1,mysql,12936482816,load_200tps
2026-08-05T22:35:18Z,compare-am-gp-n3-4-16-i-adv-mysql-1,mysqld-exporter,15462400,load_200tps
2026-08-05T22:35:18Z,compare-am-gp-n3-4-16-i-adv-mysql-1,slow-log-tailer,6623232,load_200tps
2026-08-05T22:35:18Z,compare-am-gp-n3-4-16-i-adv-mysql-1,do-agent,-1,load_200tps
2026-08-05T22:35:18Z,compare-am-gp-n3-4-16-i-adv-mysql-1,xtrabackup,199454720,load_200tps
2026-08-05T22:35:18Z,compare-am-gp-n3-4-16-i-adv-mysql-2,mysql,13262663680,load_200tps
2026-08-05T22:35:18Z,compare-am-gp-n3-4-16-i-adv-mysql-2,mysqld-exporter,16228352,load_200tps
2026-08-05T22:35:18Z,compare-am-gp-n3-4-16-i-adv-mysql-2,slow-log-tailer,1810432,load_200tps
2026-08-05T22:35:18Z,compare-am-gp-n3-4-16-i-adv-mysql-2,do-agent,-1,load_200tps
2026-08-05T22:35:18Z,compare-am-gp-n3-4-16-i-adv-mysql-2,xtrabackup,24473600,load_200tps
2026-08-05T22:35:51Z,compare-am-gp-n3-4-16-i-adv-mysql-0,mysql,13351489536,load_200tps
2026-08-05T22:35:51Z,compare-am-gp-n3-4-16-i-adv-mysql-0,mysqld-exporter,15867904,load_200tps
2026-08-05T22:35:51Z,compare-am-gp-n3-4-16-i-adv-mysql-0,slow-log-tailer,6586368,load_200tps
2026-08-05T22:35:51Z,compare-am-gp-n3-4-16-i-adv-mysql-0,do-agent,-1,load_200tps
2026-08-05T22:35:51Z,compare-am-gp-n3-4-16-i-adv-mysql-0,xtrabackup,19521536,load_200tps
2026-08-05T22:35:51Z,compare-am-gp-n3-4-16-i-adv-mysql-1,mysql,12821782528,load_200tps
2026-08-05T22:35:51Z,compare-am-gp-n3-4-16-i-adv-mysql-1,mysqld-exporter,15454208,load_200tps
2026-08-05T22:35:51Z,compare-am-gp-n3-4-16-i-adv-mysql-1,slow-log-tailer,6615040,load_200tps
2026-08-05T22:35:51Z,compare-am-gp-n3-4-16-i-adv-mysql-1,do-agent,-1,load_200tps
2026-08-05T22:35:51Z,compare-am-gp-n3-4-16-i-adv-mysql-1,xtrabackup,182542336,load_200tps
2026-08-05T22:35:51Z,compare-am-gp-n3-4-16-i-adv-mysql-2,mysql,13258452992,load_200tps
2026-08-05T22:35:51Z,compare-am-gp-n3-4-16-i-adv-mysql-2,mysqld-exporter,16166912,load_200tps
2026-08-05T22:35:51Z,compare-am-gp-n3-4-16-i-adv-mysql-2,slow-log-tailer,1937408,load_200tps
2026-08-05T22:35:51Z,compare-am-gp-n3-4-16-i-adv-mysql-2,do-agent,-1,load_200tps
2026-08-05T22:35:51Z,compare-am-gp-n3-4-16-i-adv-mysql-2,xtrabackup,24600576,load_200tps
2026-08-05T22:36:24Z,compare-am-gp-n3-4-16-i-adv-mysql-0,mysql,13331939328,load_200tps
2026-08-05T22:36:24Z,compare-am-gp-n3-4-16-i-adv-mysql-0,mysqld-exporter,16003072,load_200tps
2026-08-05T22:36:24Z,compare-am-gp-n3-4-16-i-adv-mysql-0,slow-log-tailer,6668288,load_200tps
2026-08-05T22:36:24Z,compare-am-gp-n3-4-16-i-adv-mysql-0,do-agent,-1,load_200tps
2026-08-05T22:36:24Z,compare-am-gp-n3-4-16-i-adv-mysql-0,xtrabackup,19439616,load_200tps
2026-08-05T22:36:24Z,compare-am-gp-n3-4-16-i-adv-mysql-1,mysql,12958928896,load_200tps
2026-08-05T22:36:24Z,compare-am-gp-n3-4-16-i-adv-mysql-1,mysqld-exporter,15593472,load_200tps
2026-08-05T22:36:24Z,compare-am-gp-n3-4-16-i-adv-mysql-1,slow-log-tailer,6656000,load_200tps
2026-08-05T22:36:24Z,compare-am-gp-n3-4-16-i-adv-mysql-1,do-agent,-1,load_200tps
2026-08-05T22:36:24Z,compare-am-gp-n3-4-16-i-adv-mysql-1,xtrabackup,179900416,load_200tps
2026-08-05T22:36:24Z,compare-am-gp-n3-4-16-i-adv-mysql-2,mysql,13282287616,load_200tps
2026-08-05T22:36:24Z,compare-am-gp-n3-4-16-i-adv-mysql-2,mysqld-exporter,15556608,load_200tps
2026-08-05T22:36:24Z,compare-am-gp-n3-4-16-i-adv-mysql-2,slow-log-tailer,1769472,load_200tps
2026-08-05T22:36:24Z,compare-am-gp-n3-4-16-i-adv-mysql-2,do-agent,-1,load_200tps
2026-08-05T22:36:24Z,compare-am-gp-n3-4-16-i-adv-mysql-2,xtrabackup,24502272,load_200tps
2026-08-05T22:36:57Z,compare-am-gp-n3-4-16-i-adv-mysql-0,mysql,13379133440,load_200tps
2026-08-05T22:36:57Z,compare-am-gp-n3-4-16-i-adv-mysql-0,mysqld-exporter,16076800,load_200tps
2026-08-05T22:36:57Z,compare-am-gp-n3-4-16-i-adv-mysql-0,slow-log-tailer,6426624,load_200tps
2026-08-05T22:36:57Z,compare-am-gp-n3-4-16-i-adv-mysql-0,do-agent,-1,load_200tps
2026-08-05T22:36:57Z,compare-am-gp-n3-4-16-i-adv-mysql-0,xtrabackup,19464192,load_200tps
2026-08-05T22:36:57Z,compare-am-gp-n3-4-16-i-adv-mysql-1,mysql,12850827264,load_200tps
2026-08-05T22:36:57Z,compare-am-gp-n3-4-16-i-adv-mysql-1,mysqld-exporter,15589376,load_200tps
2026-08-05T22:36:57Z,compare-am-gp-n3-4-16-i-adv-mysql-1,slow-log-tailer,6631424,load_200tps
2026-08-05T22:36:57Z,compare-am-gp-n3-4-16-i-adv-mysql-1,do-agent,-1,load_200tps
2026-08-05T22:36:57Z,compare-am-gp-n3-4-16-i-adv-mysql-1,xtrabackup,166699008,load_200tps
2026-08-05T22:36:57Z,compare-am-gp-n3-4-16-i-adv-mysql-2,mysql,13284462592,load_200tps
2026-08-05T22:36:57Z,compare-am-gp-n3-4-16-i-adv-mysql-2,mysqld-exporter,15568896,load_200tps
2026-08-05T22:36:57Z,compare-am-gp-n3-4-16-i-adv-mysql-2,slow-log-tailer,1896448,load_200tps
2026-08-05T22:36:57Z,compare-am-gp-n3-4-16-i-adv-mysql-2,do-agent,-1,load_200tps
2026-08-05T22:36:57Z,compare-am-gp-n3-4-16-i-adv-mysql-2,xtrabackup,24485888,load_200tps
2026-08-05T22:37:31Z,compare-am-gp-n3-4-16-i-adv-mysql-0,mysql,13338910720,load_200tps
2026-08-05T22:37:31Z,compare-am-gp-n3-4-16-i-adv-mysql-0,mysqld-exporter,16982016,load_200tps
2026-08-05T22:37:31Z,compare-am-gp-n3-4-16-i-adv-mysql-0,slow-log-tailer,6742016,load_200tps
2026-08-05T22:37:31Z,compare-am-gp-n3-4-16-i-adv-mysql-0,do-agent,-1,load_200tps
2026-08-05T22:37:31Z,compare-am-gp-n3-4-16-i-adv-mysql-0,xtrabackup,19460096,load_200tps
2026-08-05T22:37:31Z,compare-am-gp-n3-4-16-i-adv-mysql-1,mysql,12880461824,load_200tps
2026-08-05T22:37:31Z,compare-am-gp-n3-4-16-i-adv-mysql-1,mysqld-exporter,15683584,load_200tps
2026-08-05T22:37:31Z,compare-am-gp-n3-4-16-i-adv-mysql-1,slow-log-tailer,6676480,load_200tps
2026-08-05T22:37:31Z,compare-am-gp-n3-4-16-i-adv-mysql-1,do-agent,-1,load_200tps
2026-08-05T22:37:31Z,compare-am-gp-n3-4-16-i-adv-mysql-1,xtrabackup,166703104,load_200tps
2026-08-05T22:37:31Z,compare-am-gp-n3-4-16-i-adv-mysql-2,mysql,13273403392,load_200tps
2026-08-05T22:37:31Z,compare-am-gp-n3-4-16-i-adv-mysql-2,mysqld-exporter,15515648,load_200tps
2026-08-05T22:37:31Z,compare-am-gp-n3-4-16-i-adv-mysql-2,slow-log-tailer,1888256,load_200tps
2026-08-05T22:37:31Z,compare-am-gp-n3-4-16-i-adv-mysql-2,do-agent,-1,load_200tps
2026-08-05T22:37:31Z,compare-am-gp-n3-4-16-i-adv-mysql-2,xtrabackup,24719360,load_200tps
2026-08-05T22:38:04Z,compare-am-gp-n3-4-16-i-adv-mysql-0,mysql,13364088832,load_200tps
2026-08-05T22:38:04Z,compare-am-gp-n3-4-16-i-adv-mysql-0,mysqld-exporter,16957440,load_200tps
2026-08-05T22:38:04Z,compare-am-gp-n3-4-16-i-adv-mysql-0,slow-log-tailer,6967296,load_200tps
2026-08-05T22:38:04Z,compare-am-gp-n3-4-16-i-adv-mysql-0,do-agent,-1,load_200tps
2026-08-05T22:38:04Z,compare-am-gp-n3-4-16-i-adv-mysql-0,xtrabackup,19427328,load_200tps
2026-08-05T22:38:04Z,compare-am-gp-n3-4-16-i-adv-mysql-1,mysql,12908195840,load_200tps
2026-08-05T22:38:04Z,compare-am-gp-n3-4-16-i-adv-mysql-1,mysqld-exporter,15495168,load_200tps
2026-08-05T22:38:04Z,compare-am-gp-n3-4-16-i-adv-mysql-1,slow-log-tailer,6881280,load_200tps
2026-08-05T22:38:04Z,compare-am-gp-n3-4-16-i-adv-mysql-1,do-agent,-1,load_200tps
2026-08-05T22:38:04Z,compare-am-gp-n3-4-16-i-adv-mysql-1,xtrabackup,166690816,load_200tps
2026-08-05T22:38:04Z,compare-am-gp-n3-4-16-i-adv-mysql-2,mysql,13282877440,load_200tps
2026-08-05T22:38:04Z,compare-am-gp-n3-4-16-i-adv-mysql-2,mysqld-exporter,15339520,load_200tps
2026-08-05T22:38:04Z,compare-am-gp-n3-4-16-i-adv-mysql-2,slow-log-tailer,2011136,load_200tps
2026-08-05T22:38:04Z,compare-am-gp-n3-4-16-i-adv-mysql-2,do-agent,-1,load_200tps
2026-08-05T22:38:04Z,compare-am-gp-n3-4-16-i-adv-mysql-2,xtrabackup,24465408,load_200tps
2026-08-05T22:38:37Z,compare-am-gp-n3-4-16-i-adv-mysql-0,mysql,13364305920,load_200tps
2026-08-05T22:38:37Z,compare-am-gp-n3-4-16-i-adv-mysql-0,mysqld-exporter,16961536,load_200tps
2026-08-05T22:38:37Z,compare-am-gp-n3-4-16-i-adv-mysql-0,slow-log-tailer,6725632,load_200tps
2026-08-05T22:38:37Z,compare-am-gp-n3-4-16-i-adv-mysql-0,do-agent,-1,load_200tps
2026-08-05T22:38:37Z,compare-am-gp-n3-4-16-i-adv-mysql-0,xtrabackup,19447808,load_200tps
2026-08-05T22:38:37Z,compare-am-gp-n3-4-16-i-adv-mysql-1,mysql,12801187840,load_200tps
2026-08-05T22:38:37Z,compare-am-gp-n3-4-16-i-adv-mysql-1,mysqld-exporter,15642624,load_200tps
2026-08-05T22:38:37Z,compare-am-gp-n3-4-16-i-adv-mysql-1,slow-log-tailer,6893568,load_200tps
2026-08-05T22:38:37Z,compare-am-gp-n3-4-16-i-adv-mysql-1,do-agent,-1,load_200tps
2026-08-05T22:38:37Z,compare-am-gp-n3-4-16-i-adv-mysql-1,xtrabackup,166535168,load_200tps
2026-08-05T22:38:37Z,compare-am-gp-n3-4-16-i-adv-mysql-2,mysql,13270024192,load_200tps
2026-08-05T22:38:37Z,compare-am-gp-n3-4-16-i-adv-mysql-2,mysqld-exporter,15503360,load_200tps
2026-08-05T22:38:37Z,compare-am-gp-n3-4-16-i-adv-mysql-2,slow-log-tailer,1990656,load_200tps
2026-08-05T22:38:37Z,compare-am-gp-n3-4-16-i-adv-mysql-2,do-agent,-1,load_200tps
2026-08-05T22:38:37Z,compare-am-gp-n3-4-16-i-adv-mysql-2,xtrabackup,24444928,load_200tps
2026-08-05T22:39:10Z,compare-am-gp-n3-4-16-i-adv-mysql-0,mysql,13368156160,load_200tps
2026-08-05T22:39:10Z,compare-am-gp-n3-4-16-i-adv-mysql-0,mysqld-exporter,16928768,load_200tps
2026-08-05T22:39:10Z,compare-am-gp-n3-4-16-i-adv-mysql-0,slow-log-tailer,6766592,load_200tps
2026-08-05T22:39:10Z,compare-am-gp-n3-4-16-i-adv-mysql-0,do-agent,-1,load_200tps
2026-08-05T22:39:10Z,compare-am-gp-n3-4-16-i-adv-mysql-0,xtrabackup,19480576,load_200tps
2026-08-05T22:39:10Z,compare-am-gp-n3-4-16-i-adv-mysql-1,mysql,12934574080,load_200tps
2026-08-05T22:39:10Z,compare-am-gp-n3-4-16-i-adv-mysql-1,mysqld-exporter,15556608,load_200tps
2026-08-05T22:39:10Z,compare-am-gp-n3-4-16-i-adv-mysql-1,slow-log-tailer,6590464,load_200tps
2026-08-05T22:39:10Z,compare-am-gp-n3-4-16-i-adv-mysql-1,do-agent,-1,load_200tps
2026-08-05T22:39:10Z,compare-am-gp-n3-4-16-i-adv-mysql-1,xtrabackup,166555648,load_200tps
2026-08-05T22:39:10Z,compare-am-gp-n3-4-16-i-adv-mysql-2,mysql,13275590656,load_200tps
2026-08-05T22:39:10Z,compare-am-gp-n3-4-16-i-adv-mysql-2,mysqld-exporter,15454208,load_200tps
2026-08-05T22:39:10Z,compare-am-gp-n3-4-16-i-adv-mysql-2,slow-log-tailer,2129920,load_200tps
2026-08-05T22:39:10Z,compare-am-gp-n3-4-16-i-adv-mysql-2,do-agent,-1,load_200tps
2026-08-05T22:39:10Z,compare-am-gp-n3-4-16-i-adv-mysql-2,xtrabackup,24453120,load_200tps
2026-08-05T22:39:43Z,compare-am-gp-n3-4-16-i-adv-mysql-0,mysql,13358784512,load_200tps
2026-08-05T22:39:43Z,compare-am-gp-n3-4-16-i-adv-mysql-0,mysqld-exporter,16556032,load_200tps
2026-08-05T22:39:43Z,compare-am-gp-n3-4-16-i-adv-mysql-0,slow-log-tailer,6615040,load_200tps
2026-08-05T22:39:43Z,compare-am-gp-n3-4-16-i-adv-mysql-0,do-agent,-1,load_200tps
2026-08-05T22:39:43Z,compare-am-gp-n3-4-16-i-adv-mysql-0,xtrabackup,19451904,load_200tps
2026-08-05T22:39:43Z,compare-am-gp-n3-4-16-i-adv-mysql-1,mysql,12624224256,load_200tps
2026-08-05T22:39:43Z,compare-am-gp-n3-4-16-i-adv-mysql-1,mysqld-exporter,15392768,load_200tps
2026-08-05T22:39:43Z,compare-am-gp-n3-4-16-i-adv-mysql-1,slow-log-tailer,6959104,load_200tps
2026-08-05T22:39:43Z,compare-am-gp-n3-4-16-i-adv-mysql-1,do-agent,-1,load_200tps
2026-08-05T22:39:43Z,compare-am-gp-n3-4-16-i-adv-mysql-1,xtrabackup,166604800,load_200tps
2026-08-05T22:39:43Z,compare-am-gp-n3-4-16-i-adv-mysql-2,mysql,13278322688,load_200tps
2026-08-05T22:39:43Z,compare-am-gp-n3-4-16-i-adv-mysql-2,mysqld-exporter,16027648,load_200tps
2026-08-05T22:39:43Z,compare-am-gp-n3-4-16-i-adv-mysql-2,slow-log-tailer,1974272,load_200tps
2026-08-05T22:39:43Z,compare-am-gp-n3-4-16-i-adv-mysql-2,do-agent,-1,load_200tps
2026-08-05T22:39:43Z,compare-am-gp-n3-4-16-i-adv-mysql-2,xtrabackup,24473600,load_200tps
2026-08-05T22:40:16Z,compare-am-gp-n3-4-16-i-adv-mysql-0,mysql,13376638976,load_200tps
2026-08-05T22:40:16Z,compare-am-gp-n3-4-16-i-adv-mysql-0,mysqld-exporter,16568320,load_200tps
2026-08-05T22:40:16Z,compare-am-gp-n3-4-16-i-adv-mysql-0,slow-log-tailer,5660672,load_200tps
2026-08-05T22:40:16Z,compare-am-gp-n3-4-16-i-adv-mysql-0,do-agent,-1,load_200tps
2026-08-05T22:40:16Z,compare-am-gp-n3-4-16-i-adv-mysql-0,xtrabackup,19202048,load_200tps
2026-08-05T22:40:16Z,compare-am-gp-n3-4-16-i-adv-mysql-1,mysql,12686340096,load_200tps
2026-08-05T22:40:16Z,compare-am-gp-n3-4-16-i-adv-mysql-1,mysqld-exporter,15020032,load_200tps
2026-08-05T22:40:16Z,compare-am-gp-n3-4-16-i-adv-mysql-1,slow-log-tailer,6463488,load_200tps
2026-08-05T22:40:16Z,compare-am-gp-n3-4-16-i-adv-mysql-1,do-agent,-1,load_200tps
2026-08-05T22:40:16Z,compare-am-gp-n3-4-16-i-adv-mysql-1,xtrabackup,166727680,load_200tps
2026-08-05T22:40:16Z,compare-am-gp-n3-4-16-i-adv-mysql-2,mysql,13268172800,load_200tps
2026-08-05T22:40:16Z,compare-am-gp-n3-4-16-i-adv-mysql-2,mysqld-exporter,16007168,load_200tps
2026-08-05T22:40:16Z,compare-am-gp-n3-4-16-i-adv-mysql-2,slow-log-tailer,2256896,load_200tps
2026-08-05T22:40:16Z,compare-am-gp-n3-4-16-i-adv-mysql-2,do-agent,-1,load_200tps
2026-08-05T22:40:16Z,compare-am-gp-n3-4-16-i-adv-mysql-2,xtrabackup,24514560,load_200tps
2026-08-05T22:40:49Z,compare-am-gp-n3-4-16-i-adv-mysql-0,mysql,13349163008,load_200tps
2026-08-05T22:40:49Z,compare-am-gp-n3-4-16-i-adv-mysql-0,mysqld-exporter,16629760,load_200tps
2026-08-05T22:40:49Z,compare-am-gp-n3-4-16-i-adv-mysql-0,slow-log-tailer,6606848,load_200tps
2026-08-05T22:40:49Z,compare-am-gp-n3-4-16-i-adv-mysql-0,do-agent,-1,load_200tps
2026-08-05T22:40:49Z,compare-am-gp-n3-4-16-i-adv-mysql-0,xtrabackup,19202048,load_200tps
2026-08-05T22:40:49Z,compare-am-gp-n3-4-16-i-adv-mysql-1,mysql,12788793344,load_200tps
2026-08-05T22:40:49Z,compare-am-gp-n3-4-16-i-adv-mysql-1,mysqld-exporter,14778368,load_200tps
2026-08-05T22:40:49Z,compare-am-gp-n3-4-16-i-adv-mysql-1,slow-log-tailer,6676480,load_200tps
2026-08-05T22:40:49Z,compare-am-gp-n3-4-16-i-adv-mysql-1,do-agent,-1,load_200tps
2026-08-05T22:40:49Z,compare-am-gp-n3-4-16-i-adv-mysql-1,xtrabackup,166580224,load_200tps
2026-08-05T22:40:49Z,compare-am-gp-n3-4-16-i-adv-mysql-2,mysql,13255352320,load_200tps
2026-08-05T22:40:49Z,compare-am-gp-n3-4-16-i-adv-mysql-2,mysqld-exporter,16166912,load_200tps
2026-08-05T22:40:49Z,compare-am-gp-n3-4-16-i-adv-mysql-2,slow-log-tailer,1781760,load_200tps
2026-08-05T22:40:49Z,compare-am-gp-n3-4-16-i-adv-mysql-2,do-agent,-1,load_200tps
2026-08-05T22:40:49Z,compare-am-gp-n3-4-16-i-adv-mysql-2,xtrabackup,24317952,load_200tps
2026-08-05T22:41:22Z,compare-am-gp-n3-4-16-i-adv-mysql-0,mysql,13346447360,load_200tps
2026-08-05T22:41:22Z,compare-am-gp-n3-4-16-i-adv-mysql-0,mysqld-exporter,16285696,load_200tps
2026-08-05T22:41:22Z,compare-am-gp-n3-4-16-i-adv-mysql-0,slow-log-tailer,6647808,load_200tps
2026-08-05T22:41:22Z,compare-am-gp-n3-4-16-i-adv-mysql-0,do-agent,-1,load_200tps
2026-08-05T22:41:22Z,compare-am-gp-n3-4-16-i-adv-mysql-0,xtrabackup,19222528,load_200tps
2026-08-05T22:41:22Z,compare-am-gp-n3-4-16-i-adv-mysql-1,mysql,12821389312,load_200tps
2026-08-05T22:41:22Z,compare-am-gp-n3-4-16-i-adv-mysql-1,mysqld-exporter,15491072,load_200tps
2026-08-05T22:41:22Z,compare-am-gp-n3-4-16-i-adv-mysql-1,slow-log-tailer,6672384,load_200tps
2026-08-05T22:41:22Z,compare-am-gp-n3-4-16-i-adv-mysql-1,do-agent,-1,load_200tps
2026-08-05T22:41:22Z,compare-am-gp-n3-4-16-i-adv-mysql-1,xtrabackup,166580224,load_200tps
2026-08-05T22:41:22Z,compare-am-gp-n3-4-16-i-adv-mysql-2,mysql,13263650816,load_200tps
2026-08-05T22:41:22Z,compare-am-gp-n3-4-16-i-adv-mysql-2,mysqld-exporter,16015360,load_200tps
2026-08-05T22:41:22Z,compare-am-gp-n3-4-16-i-adv-mysql-2,slow-log-tailer,1835008,load_200tps
2026-08-05T22:41:22Z,compare-am-gp-n3-4-16-i-adv-mysql-2,do-agent,-1,load_200tps
2026-08-05T22:41:22Z,compare-am-gp-n3-4-16-i-adv-mysql-2,xtrabackup,24481792,load_200tps
2026-08-05T22:41:55Z,compare-am-gp-n3-4-16-i-adv-mysql-0,mysql,13365637120,load_200tps
2026-08-05T22:41:55Z,compare-am-gp-n3-4-16-i-adv-mysql-0,mysqld-exporter,16084992,load_200tps
2026-08-05T22:41:55Z,compare-am-gp-n3-4-16-i-adv-mysql-0,slow-log-tailer,6823936,load_200tps
2026-08-05T22:41:55Z,compare-am-gp-n3-4-16-i-adv-mysql-0,do-agent,-1,load_200tps
2026-08-05T22:41:55Z,compare-am-gp-n3-4-16-i-adv-mysql-0,xtrabackup,19312640,load_200tps
2026-08-05T22:41:55Z,compare-am-gp-n3-4-16-i-adv-mysql-1,mysql,12922249216,load_200tps
2026-08-05T22:41:55Z,compare-am-gp-n3-4-16-i-adv-mysql-1,mysqld-exporter,15351808,load_200tps
2026-08-05T22:41:55Z,compare-am-gp-n3-4-16-i-adv-mysql-1,slow-log-tailer,6627328,load_200tps
2026-08-05T22:41:55Z,compare-am-gp-n3-4-16-i-adv-mysql-1,do-agent,-1,load_200tps
2026-08-05T22:41:55Z,compare-am-gp-n3-4-16-i-adv-mysql-1,xtrabackup,166559744,load_200tps
2026-08-05T22:41:55Z,compare-am-gp-n3-4-16-i-adv-mysql-2,mysql,13268901888,load_200tps
2026-08-05T22:41:55Z,compare-am-gp-n3-4-16-i-adv-mysql-2,mysqld-exporter,15998976,load_200tps
2026-08-05T22:41:55Z,compare-am-gp-n3-4-16-i-adv-mysql-2,slow-log-tailer,1871872,load_200tps
2026-08-05T22:41:55Z,compare-am-gp-n3-4-16-i-adv-mysql-2,do-agent,-1,load_200tps
2026-08-05T22:41:55Z,compare-am-gp-n3-4-16-i-adv-mysql-2,xtrabackup,24551424,load_200tps
2026-08-05T22:42:28Z,compare-am-gp-n3-4-16-i-adv-mysql-0,mysql,13340696576,load_200tps
2026-08-05T22:42:28Z,compare-am-gp-n3-4-16-i-adv-mysql-0,mysqld-exporter,16412672,load_200tps
2026-08-05T22:42:28Z,compare-am-gp-n3-4-16-i-adv-mysql-0,slow-log-tailer,6840320,load_200tps
2026-08-05T22:42:28Z,compare-am-gp-n3-4-16-i-adv-mysql-0,do-agent,-1,load_200tps
2026-08-05T22:42:28Z,compare-am-gp-n3-4-16-i-adv-mysql-0,xtrabackup,19218432,load_200tps
2026-08-05T22:42:28Z,compare-am-gp-n3-4-16-i-adv-mysql-1,mysql,12812656640,load_200tps
2026-08-05T22:42:28Z,compare-am-gp-n3-4-16-i-adv-mysql-1,mysqld-exporter,15388672,load_200tps
2026-08-05T22:42:28Z,compare-am-gp-n3-4-16-i-adv-mysql-1,slow-log-tailer,6553600,load_200tps
2026-08-05T22:42:28Z,compare-am-gp-n3-4-16-i-adv-mysql-1,do-agent,-1,load_200tps
2026-08-05T22:42:28Z,compare-am-gp-n3-4-16-i-adv-mysql-1,xtrabackup,166805504,load_200tps
2026-08-05T22:42:28Z,compare-am-gp-n3-4-16-i-adv-mysql-2,mysql,13263921152,load_200tps
2026-08-05T22:42:28Z,compare-am-gp-n3-4-16-i-adv-mysql-2,mysqld-exporter,16179200,load_200tps
2026-08-05T22:42:28Z,compare-am-gp-n3-4-16-i-adv-mysql-2,slow-log-tailer,1794048,load_200tps
2026-08-05T22:42:28Z,compare-am-gp-n3-4-16-i-adv-mysql-2,do-agent,-1,load_200tps
2026-08-05T22:42:28Z,compare-am-gp-n3-4-16-i-adv-mysql-2,xtrabackup,24473600,load_200tps
2026-08-05T22:43:01Z,compare-am-gp-n3-4-16-i-adv-mysql-0,mysql,13385211904,load_200tps
2026-08-05T22:43:01Z,compare-am-gp-n3-4-16-i-adv-mysql-0,mysqld-exporter,16302080,load_200tps
2026-08-05T22:43:01Z,compare-am-gp-n3-4-16-i-adv-mysql-0,slow-log-tailer,6860800,load_200tps
2026-08-05T22:43:01Z,compare-am-gp-n3-4-16-i-adv-mysql-0,do-agent,-1,load_200tps
2026-08-05T22:43:01Z,compare-am-gp-n3-4-16-i-adv-mysql-0,xtrabackup,19189760,load_200tps
2026-08-05T22:43:01Z,compare-am-gp-n3-4-16-i-adv-mysql-1,mysql,12846321664,load_200tps
2026-08-05T22:43:01Z,compare-am-gp-n3-4-16-i-adv-mysql-1,mysqld-exporter,15441920,load_200tps
2026-08-05T22:43:01Z,compare-am-gp-n3-4-16-i-adv-mysql-1,slow-log-tailer,7102464,load_200tps
2026-08-05T22:43:01Z,compare-am-gp-n3-4-16-i-adv-mysql-1,do-agent,-1,load_200tps
2026-08-05T22:43:01Z,compare-am-gp-n3-4-16-i-adv-mysql-1,xtrabackup,166592512,load_200tps
2026-08-05T22:43:01Z,compare-am-gp-n3-4-16-i-adv-mysql-2,mysql,13268946944,load_200tps
2026-08-05T22:43:01Z,compare-am-gp-n3-4-16-i-adv-mysql-2,mysqld-exporter,15958016,load_200tps
2026-08-05T22:43:01Z,compare-am-gp-n3-4-16-i-adv-mysql-2,slow-log-tailer,1900544,load_200tps
2026-08-05T22:43:01Z,compare-am-gp-n3-4-16-i-adv-mysql-2,do-agent,-1,load_200tps
2026-08-05T22:43:01Z,compare-am-gp-n3-4-16-i-adv-mysql-2,xtrabackup,24453120,load_200tps
2026-08-05T22:43:35Z,compare-am-gp-n3-4-16-i-adv-mysql-0,mysql,13346283520,load_200tps
2026-08-05T22:43:35Z,compare-am-gp-n3-4-16-i-adv-mysql-0,mysqld-exporter,15859712,load_200tps
2026-08-05T22:43:35Z,compare-am-gp-n3-4-16-i-adv-mysql-0,slow-log-tailer,7102464,load_200tps
2026-08-05T22:43:35Z,compare-am-gp-n3-4-16-i-adv-mysql-0,do-agent,-1,load_200tps
2026-08-05T22:43:35Z,compare-am-gp-n3-4-16-i-adv-mysql-0,xtrabackup,19488768,load_200tps
2026-08-05T22:43:35Z,compare-am-gp-n3-4-16-i-adv-mysql-1,mysql,12841476096,load_200tps
2026-08-05T22:43:35Z,compare-am-gp-n3-4-16-i-adv-mysql-1,mysqld-exporter,16023552,load_200tps
2026-08-05T22:43:35Z,compare-am-gp-n3-4-16-i-adv-mysql-1,slow-log-tailer,6684672,load_200tps
2026-08-05T22:43:35Z,compare-am-gp-n3-4-16-i-adv-mysql-1,do-agent,-1,load_200tps
2026-08-05T22:43:35Z,compare-am-gp-n3-4-16-i-adv-mysql-1,xtrabackup,166641664,load_200tps
2026-08-05T22:43:35Z,compare-am-gp-n3-4-16-i-adv-mysql-2,mysql,13275238400,load_200tps
2026-08-05T22:43:35Z,compare-am-gp-n3-4-16-i-adv-mysql-2,mysqld-exporter,16203776,load_200tps
2026-08-05T22:43:35Z,compare-am-gp-n3-4-16-i-adv-mysql-2,slow-log-tailer,1785856,load_200tps
2026-08-05T22:43:35Z,compare-am-gp-n3-4-16-i-adv-mysql-2,do-agent,-1,load_200tps
2026-08-05T22:43:35Z,compare-am-gp-n3-4-16-i-adv-mysql-2,xtrabackup,24506368,load_200tps
2026-08-05T22:44:08Z,compare-am-gp-n3-4-16-i-adv-mysql-0,mysql,13339566080,load_200tps
2026-08-05T22:44:08Z,compare-am-gp-n3-4-16-i-adv-mysql-0,mysqld-exporter,15859712,load_200tps
2026-08-05T22:44:08Z,compare-am-gp-n3-4-16-i-adv-mysql-0,slow-log-tailer,5988352,load_200tps
2026-08-05T22:44:08Z,compare-am-gp-n3-4-16-i-adv-mysql-0,do-agent,-1,load_200tps
2026-08-05T22:44:08Z,compare-am-gp-n3-4-16-i-adv-mysql-0,xtrabackup,19468288,load_200tps
2026-08-05T22:44:08Z,compare-am-gp-n3-4-16-i-adv-mysql-1,mysql,12836540416,load_200tps
2026-08-05T22:44:08Z,compare-am-gp-n3-4-16-i-adv-mysql-1,mysqld-exporter,16039936,load_200tps
2026-08-05T22:44:08Z,compare-am-gp-n3-4-16-i-adv-mysql-1,slow-log-tailer,6500352,load_200tps
2026-08-05T22:44:08Z,compare-am-gp-n3-4-16-i-adv-mysql-1,do-agent,-1,load_200tps
2026-08-05T22:44:08Z,compare-am-gp-n3-4-16-i-adv-mysql-1,xtrabackup,166600704,load_200tps
2026-08-05T22:44:08Z,compare-am-gp-n3-4-16-i-adv-mysql-2,mysql,13250166784,load_200tps
2026-08-05T22:44:08Z,compare-am-gp-n3-4-16-i-adv-mysql-2,mysqld-exporter,16289792,load_200tps
2026-08-05T22:44:08Z,compare-am-gp-n3-4-16-i-adv-mysql-2,slow-log-tailer,1970176,load_200tps
2026-08-05T22:44:08Z,compare-am-gp-n3-4-16-i-adv-mysql-2,do-agent,-1,load_200tps
2026-08-05T22:44:08Z,compare-am-gp-n3-4-16-i-adv-mysql-2,xtrabackup,24715264,load_200tps
2026-08-05T22:44:41Z,compare-am-gp-n3-4-16-i-adv-mysql-0,mysql,13330169856,load_200tps
2026-08-05T22:44:41Z,compare-am-gp-n3-4-16-i-adv-mysql-0,mysqld-exporter,15818752,load_200tps
2026-08-05T22:44:41Z,compare-am-gp-n3-4-16-i-adv-mysql-0,slow-log-tailer,7041024,load_200tps
2026-08-05T22:44:41Z,compare-am-gp-n3-4-16-i-adv-mysql-0,do-agent,-1,load_200tps
2026-08-05T22:44:41Z,compare-am-gp-n3-4-16-i-adv-mysql-0,xtrabackup,19537920,load_200tps
2026-08-05T22:44:41Z,compare-am-gp-n3-4-16-i-adv-mysql-1,mysql,12934021120,load_200tps
2026-08-05T22:44:41Z,compare-am-gp-n3-4-16-i-adv-mysql-1,mysqld-exporter,15835136,load_200tps
2026-08-05T22:44:41Z,compare-am-gp-n3-4-16-i-adv-mysql-1,slow-log-tailer,6557696,load_200tps
2026-08-05T22:44:41Z,compare-am-gp-n3-4-16-i-adv-mysql-1,do-agent,-1,load_200tps
2026-08-05T22:44:41Z,compare-am-gp-n3-4-16-i-adv-mysql-1,xtrabackup,166387712,load_200tps
2026-08-05T22:44:41Z,compare-am-gp-n3-4-16-i-adv-mysql-2,mysql,13268819968,load_200tps
2026-08-05T22:44:41Z,compare-am-gp-n3-4-16-i-adv-mysql-2,mysqld-exporter,16146432,load_200tps
2026-08-05T22:44:41Z,compare-am-gp-n3-4-16-i-adv-mysql-2,slow-log-tailer,2052096,load_200tps
2026-08-05T22:44:41Z,compare-am-gp-n3-4-16-i-adv-mysql-2,do-agent,-1,load_200tps
2026-08-05T22:44:41Z,compare-am-gp-n3-4-16-i-adv-mysql-2,xtrabackup,24358912,load_200tps
2026-08-05T22:45:15Z,compare-am-gp-n3-4-16-i-adv-mysql-0,mysql,13345259520,load_200tps
2026-08-05T22:45:15Z,compare-am-gp-n3-4-16-i-adv-mysql-0,mysqld-exporter,15740928,load_200tps
2026-08-05T22:45:15Z,compare-am-gp-n3-4-16-i-adv-mysql-0,slow-log-tailer,6639616,load_200tps
2026-08-05T22:45:15Z,compare-am-gp-n3-4-16-i-adv-mysql-0,do-agent,-1,load_200tps
2026-08-05T22:45:15Z,compare-am-gp-n3-4-16-i-adv-mysql-0,xtrabackup,19316736,load_200tps
2026-08-05T22:45:15Z,compare-am-gp-n3-4-16-i-adv-mysql-1,mysql,12822503424,load_200tps
2026-08-05T22:45:15Z,compare-am-gp-n3-4-16-i-adv-mysql-1,mysqld-exporter,15966208,load_200tps
2026-08-05T22:45:15Z,compare-am-gp-n3-4-16-i-adv-mysql-1,slow-log-tailer,6582272,load_200tps
2026-08-05T22:45:15Z,compare-am-gp-n3-4-16-i-adv-mysql-1,do-agent,-1,load_200tps
2026-08-05T22:45:15Z,compare-am-gp-n3-4-16-i-adv-mysql-1,xtrabackup,166580224,load_200tps
2026-08-05T22:45:15Z,compare-am-gp-n3-4-16-i-adv-mysql-2,mysql,13263974400,load_200tps
2026-08-05T22:45:15Z,compare-am-gp-n3-4-16-i-adv-mysql-2,mysqld-exporter,16199680,load_200tps
2026-08-05T22:45:15Z,compare-am-gp-n3-4-16-i-adv-mysql-2,slow-log-tailer,1859584,load_200tps
2026-08-05T22:45:15Z,compare-am-gp-n3-4-16-i-adv-mysql-2,do-agent,-1,load_200tps
2026-08-05T22:45:15Z,compare-am-gp-n3-4-16-i-adv-mysql-2,xtrabackup,24453120,load_200tps
2026-08-05T22:45:48Z,compare-am-gp-n3-4-16-i-adv-mysql-0,mysql,13323583488,load_200tps
2026-08-05T22:45:48Z,compare-am-gp-n3-4-16-i-adv-mysql-0,mysqld-exporter,16433152,load_200tps
2026-08-05T22:45:48Z,compare-am-gp-n3-4-16-i-adv-mysql-0,slow-log-tailer,6623232,load_200tps
2026-08-05T22:45:48Z,compare-am-gp-n3-4-16-i-adv-mysql-0,do-agent,-1,load_200tps
2026-08-05T22:45:48Z,compare-am-gp-n3-4-16-i-adv-mysql-0,xtrabackup,19480576,load_200tps
2026-08-05T22:45:48Z,compare-am-gp-n3-4-16-i-adv-mysql-1,mysql,12889272320,load_200tps
2026-08-05T22:45:48Z,compare-am-gp-n3-4-16-i-adv-mysql-1,mysqld-exporter,15970304,load_200tps
2026-08-05T22:45:48Z,compare-am-gp-n3-4-16-i-adv-mysql-1,slow-log-tailer,6705152,load_200tps
2026-08-05T22:45:48Z,compare-am-gp-n3-4-16-i-adv-mysql-1,do-agent,-1,load_200tps
2026-08-05T22:45:48Z,compare-am-gp-n3-4-16-i-adv-mysql-1,xtrabackup,166629376,load_200tps
2026-08-05T22:45:48Z,compare-am-gp-n3-4-16-i-adv-mysql-2,mysql,13260816384,load_200tps
2026-08-05T22:45:48Z,compare-am-gp-n3-4-16-i-adv-mysql-2,mysqld-exporter,15585280,load_200tps
2026-08-05T22:45:48Z,compare-am-gp-n3-4-16-i-adv-mysql-2,slow-log-tailer,1961984,load_200tps
2026-08-05T22:45:48Z,compare-am-gp-n3-4-16-i-adv-mysql-2,do-agent,-1,load_200tps
2026-08-05T22:45:48Z,compare-am-gp-n3-4-16-i-adv-mysql-2,xtrabackup,24514560,load_200tps
2026-08-05T22:46:20Z,compare-am-gp-n3-4-16-i-adv-mysql-0,mysql,13360025600,load_200tps
2026-08-05T22:46:20Z,compare-am-gp-n3-4-16-i-adv-mysql-0,mysqld-exporter,16453632,load_200tps
2026-08-05T22:46:20Z,compare-am-gp-n3-4-16-i-adv-mysql-0,slow-log-tailer,6864896,load_200tps
2026-08-05T22:46:20Z,compare-am-gp-n3-4-16-i-adv-mysql-0,do-agent,-1,load_200tps
2026-08-05T22:46:20Z,compare-am-gp-n3-4-16-i-adv-mysql-0,xtrabackup,19329024,load_200tps
2026-08-05T22:46:20Z,compare-am-gp-n3-4-16-i-adv-mysql-1,mysql,12881977344,load_200tps
2026-08-05T22:46:20Z,compare-am-gp-n3-4-16-i-adv-mysql-1,mysqld-exporter,15884288,load_200tps
2026-08-05T22:46:20Z,compare-am-gp-n3-4-16-i-adv-mysql-1,slow-log-tailer,6651904,load_200tps
2026-08-05T22:46:20Z,compare-am-gp-n3-4-16-i-adv-mysql-1,do-agent,-1,load_200tps
2026-08-05T22:46:20Z,compare-am-gp-n3-4-16-i-adv-mysql-1,xtrabackup,166400000,load_200tps
2026-08-05T22:46:20Z,compare-am-gp-n3-4-16-i-adv-mysql-2,mysql,13284372480,load_200tps
2026-08-05T22:46:20Z,compare-am-gp-n3-4-16-i-adv-mysql-2,mysqld-exporter,15388672,load_200tps
2026-08-05T22:46:20Z,compare-am-gp-n3-4-16-i-adv-mysql-2,slow-log-tailer,1748992,load_200tps
2026-08-05T22:46:20Z,compare-am-gp-n3-4-16-i-adv-mysql-2,do-agent,-1,load_200tps
2026-08-05T22:46:20Z,compare-am-gp-n3-4-16-i-adv-mysql-2,xtrabackup,24576000,load_200tps
2026-08-05T22:46:53Z,compare-am-gp-n3-4-16-i-adv-mysql-0,mysql,13342109696,load_200tps
2026-08-05T22:46:53Z,compare-am-gp-n3-4-16-i-adv-mysql-0,mysqld-exporter,16416768,load_200tps
2026-08-05T22:46:53Z,compare-am-gp-n3-4-16-i-adv-mysql-0,slow-log-tailer,6090752,load_200tps
2026-08-05T22:46:53Z,compare-am-gp-n3-4-16-i-adv-mysql-0,do-agent,-1,load_200tps
2026-08-05T22:46:53Z,compare-am-gp-n3-4-16-i-adv-mysql-0,xtrabackup,19197952,load_200tps
2026-08-05T22:46:53Z,compare-am-gp-n3-4-16-i-adv-mysql-1,mysql,12772192256,load_200tps
2026-08-05T22:46:53Z,compare-am-gp-n3-4-16-i-adv-mysql-1,mysqld-exporter,15654912,load_200tps
2026-08-05T22:46:53Z,compare-am-gp-n3-4-16-i-adv-mysql-1,slow-log-tailer,6823936,load_200tps
2026-08-05T22:46:53Z,compare-am-gp-n3-4-16-i-adv-mysql-1,do-agent,-1,load_200tps
2026-08-05T22:46:53Z,compare-am-gp-n3-4-16-i-adv-mysql-1,xtrabackup,166457344,load_200tps
2026-08-05T22:46:53Z,compare-am-gp-n3-4-16-i-adv-mysql-2,mysql,13278466048,load_200tps
2026-08-05T22:46:53Z,compare-am-gp-n3-4-16-i-adv-mysql-2,mysqld-exporter,15429632,load_200tps
2026-08-05T22:46:53Z,compare-am-gp-n3-4-16-i-adv-mysql-2,slow-log-tailer,1863680,load_200tps
2026-08-05T22:46:53Z,compare-am-gp-n3-4-16-i-adv-mysql-2,do-agent,-1,load_200tps
2026-08-05T22:46:53Z,compare-am-gp-n3-4-16-i-adv-mysql-2,xtrabackup,24485888,load_200tps
2026-08-05T22:47:26Z,compare-am-gp-n3-4-16-i-adv-mysql-0,mysql,13329473536,load_200tps
2026-08-05T22:47:26Z,compare-am-gp-n3-4-16-i-adv-mysql-0,mysqld-exporter,16121856,load_200tps
2026-08-05T22:47:26Z,compare-am-gp-n3-4-16-i-adv-mysql-0,slow-log-tailer,6627328,load_200tps
2026-08-05T22:47:26Z,compare-am-gp-n3-4-16-i-adv-mysql-0,do-agent,-1,load_200tps
2026-08-05T22:47:26Z,compare-am-gp-n3-4-16-i-adv-mysql-0,xtrabackup,19275776,load_200tps
2026-08-05T22:47:26Z,compare-am-gp-n3-4-16-i-adv-mysql-1,mysql,12908802048,load_200tps
2026-08-05T22:47:26Z,compare-am-gp-n3-4-16-i-adv-mysql-1,mysqld-exporter,15740928,load_200tps
2026-08-05T22:47:26Z,compare-am-gp-n3-4-16-i-adv-mysql-1,slow-log-tailer,6803456,load_200tps
2026-08-05T22:47:26Z,compare-am-gp-n3-4-16-i-adv-mysql-1,do-agent,-1,load_200tps
2026-08-05T22:47:26Z,compare-am-gp-n3-4-16-i-adv-mysql-1,xtrabackup,166629376,load_200tps
2026-08-05T22:47:26Z,compare-am-gp-n3-4-16-i-adv-mysql-2,mysql,13277630464,load_200tps
2026-08-05T22:47:26Z,compare-am-gp-n3-4-16-i-adv-mysql-2,mysqld-exporter,16142336,load_200tps
2026-08-05T22:47:26Z,compare-am-gp-n3-4-16-i-adv-mysql-2,slow-log-tailer,2154496,load_200tps
2026-08-05T22:47:26Z,compare-am-gp-n3-4-16-i-adv-mysql-2,do-agent,-1,load_200tps
2026-08-05T22:47:26Z,compare-am-gp-n3-4-16-i-adv-mysql-2,xtrabackup,24453120,load_200tps
2026-08-05T22:47:59Z,compare-am-gp-n3-4-16-i-adv-mysql-0,mysql,13337575424,load_200tps
2026-08-05T22:47:59Z,compare-am-gp-n3-4-16-i-adv-mysql-0,mysqld-exporter,16347136,load_200tps
2026-08-05T22:47:59Z,compare-am-gp-n3-4-16-i-adv-mysql-0,slow-log-tailer,6373376,load_200tps
2026-08-05T22:47:59Z,compare-am-gp-n3-4-16-i-adv-mysql-0,do-agent,-1,load_200tps
2026-08-05T22:47:59Z,compare-am-gp-n3-4-16-i-adv-mysql-0,xtrabackup,19279872,load_200tps
2026-08-05T22:47:59Z,compare-am-gp-n3-4-16-i-adv-mysql-1,mysql,12829552640,load_200tps
2026-08-05T22:47:59Z,compare-am-gp-n3-4-16-i-adv-mysql-1,mysqld-exporter,15785984,load_200tps
2026-08-05T22:47:59Z,compare-am-gp-n3-4-16-i-adv-mysql-1,slow-log-tailer,6602752,load_200tps
2026-08-05T22:47:59Z,compare-am-gp-n3-4-16-i-adv-mysql-1,do-agent,-1,load_200tps
2026-08-05T22:47:59Z,compare-am-gp-n3-4-16-i-adv-mysql-1,xtrabackup,166445056,load_200tps
2026-08-05T22:47:59Z,compare-am-gp-n3-4-16-i-adv-mysql-2,mysql,13268934656,load_200tps
2026-08-05T22:47:59Z,compare-am-gp-n3-4-16-i-adv-mysql-2,mysqld-exporter,16166912,load_200tps
2026-08-05T22:47:59Z,compare-am-gp-n3-4-16-i-adv-mysql-2,slow-log-tailer,1912832,load_200tps
2026-08-05T22:47:59Z,compare-am-gp-n3-4-16-i-adv-mysql-2,do-agent,-1,load_200tps
2026-08-05T22:47:59Z,compare-am-gp-n3-4-16-i-adv-mysql-2,xtrabackup,24506368,load_200tps
2026-08-05T22:48:33Z,compare-am-gp-n3-4-16-i-adv-mysql-0,mysql,13369831424,load_200tps
2026-08-05T22:48:33Z,compare-am-gp-n3-4-16-i-adv-mysql-0,mysqld-exporter,16142336,load_200tps
2026-08-05T22:48:33Z,compare-am-gp-n3-4-16-i-adv-mysql-0,slow-log-tailer,6610944,load_200tps
2026-08-05T22:48:33Z,compare-am-gp-n3-4-16-i-adv-mysql-0,do-agent,-1,load_200tps
2026-08-05T22:48:33Z,compare-am-gp-n3-4-16-i-adv-mysql-0,xtrabackup,19271680,load_200tps
2026-08-05T22:48:33Z,compare-am-gp-n3-4-16-i-adv-mysql-1,mysql,12829315072,load_200tps
2026-08-05T22:48:33Z,compare-am-gp-n3-4-16-i-adv-mysql-1,mysqld-exporter,15888384,load_200tps
2026-08-05T22:48:33Z,compare-am-gp-n3-4-16-i-adv-mysql-1,slow-log-tailer,6717440,load_200tps
2026-08-05T22:48:33Z,compare-am-gp-n3-4-16-i-adv-mysql-1,do-agent,-1,load_200tps
2026-08-05T22:48:33Z,compare-am-gp-n3-4-16-i-adv-mysql-1,xtrabackup,166617088,load_200tps
2026-08-05T22:48:33Z,compare-am-gp-n3-4-16-i-adv-mysql-2,mysql,13260386304,load_200tps
2026-08-05T22:48:33Z,compare-am-gp-n3-4-16-i-adv-mysql-2,mysqld-exporter,16117760,load_200tps
2026-08-05T22:48:33Z,compare-am-gp-n3-4-16-i-adv-mysql-2,slow-log-tailer,1904640,load_200tps
2026-08-05T22:48:33Z,compare-am-gp-n3-4-16-i-adv-mysql-2,do-agent,-1,load_200tps
2026-08-05T22:48:33Z,compare-am-gp-n3-4-16-i-adv-mysql-2,xtrabackup,24797184,load_200tps
2026-08-05T22:49:06Z,compare-am-gp-n3-4-16-i-adv-mysql-0,mysql,13369827328,load_200tps
2026-08-05T22:49:06Z,compare-am-gp-n3-4-16-i-adv-mysql-0,mysqld-exporter,16211968,load_200tps
2026-08-05T22:49:06Z,compare-am-gp-n3-4-16-i-adv-mysql-0,slow-log-tailer,6791168,load_200tps
2026-08-05T22:49:06Z,compare-am-gp-n3-4-16-i-adv-mysql-0,do-agent,-1,load_200tps
2026-08-05T22:49:06Z,compare-am-gp-n3-4-16-i-adv-mysql-0,xtrabackup,19247104,load_200tps
2026-08-05T22:49:06Z,compare-am-gp-n3-4-16-i-adv-mysql-1,mysql,12859801600,load_200tps
2026-08-05T22:49:06Z,compare-am-gp-n3-4-16-i-adv-mysql-1,mysqld-exporter,15831040,load_200tps
2026-08-05T22:49:06Z,compare-am-gp-n3-4-16-i-adv-mysql-1,slow-log-tailer,6656000,load_200tps
2026-08-05T22:49:06Z,compare-am-gp-n3-4-16-i-adv-mysql-1,do-agent,-1,load_200tps
2026-08-05T22:49:06Z,compare-am-gp-n3-4-16-i-adv-mysql-1,xtrabackup,166576128,load_200tps
2026-08-05T22:49:06Z,compare-am-gp-n3-4-16-i-adv-mysql-2,mysql,13294043136,load_200tps
2026-08-05T22:49:06Z,compare-am-gp-n3-4-16-i-adv-mysql-2,mysqld-exporter,16003072,load_200tps
2026-08-05T22:49:06Z,compare-am-gp-n3-4-16-i-adv-mysql-2,slow-log-tailer,2039808,load_200tps
2026-08-05T22:49:06Z,compare-am-gp-n3-4-16-i-adv-mysql-2,do-agent,-1,load_200tps
2026-08-05T22:49:06Z,compare-am-gp-n3-4-16-i-adv-mysql-2,xtrabackup,24301568,load_200tps
2026-08-05T22:49:40Z,compare-am-gp-n3-4-16-i-adv-mysql-0,mysql,13349040128,load_200tps
2026-08-05T22:49:40Z,compare-am-gp-n3-4-16-i-adv-mysql-0,mysqld-exporter,16101376,load_200tps
2026-08-05T22:49:40Z,compare-am-gp-n3-4-16-i-adv-mysql-0,slow-log-tailer,6905856,load_200tps
2026-08-05T22:49:40Z,compare-am-gp-n3-4-16-i-adv-mysql-0,do-agent,-1,load_200tps
2026-08-05T22:49:40Z,compare-am-gp-n3-4-16-i-adv-mysql-0,xtrabackup,19152896,load_200tps
2026-08-05T22:49:40Z,compare-am-gp-n3-4-16-i-adv-mysql-1,mysql,12821827584,load_200tps
2026-08-05T22:49:40Z,compare-am-gp-n3-4-16-i-adv-mysql-1,mysqld-exporter,16162816,load_200tps
2026-08-05T22:49:40Z,compare-am-gp-n3-4-16-i-adv-mysql-1,slow-log-tailer,6516736,load_200tps
2026-08-05T22:49:40Z,compare-am-gp-n3-4-16-i-adv-mysql-1,do-agent,-1,load_200tps
2026-08-05T22:49:40Z,compare-am-gp-n3-4-16-i-adv-mysql-1,xtrabackup,166498304,load_200tps
2026-08-05T22:49:40Z,compare-am-gp-n3-4-16-i-adv-mysql-2,mysql,13279842304,load_200tps
2026-08-05T22:49:40Z,compare-am-gp-n3-4-16-i-adv-mysql-2,mysqld-exporter,15314944,load_200tps
2026-08-05T22:49:40Z,compare-am-gp-n3-4-16-i-adv-mysql-2,slow-log-tailer,1736704,load_200tps
2026-08-05T22:49:40Z,compare-am-gp-n3-4-16-i-adv-mysql-2,do-agent,-1,load_200tps
2026-08-05T22:49:40Z,compare-am-gp-n3-4-16-i-adv-mysql-2,xtrabackup,24449024,load_200tps
2026-08-05T22:50:13Z,compare-am-gp-n3-4-16-i-adv-mysql-0,mysql,13336006656,load_200tps
2026-08-05T22:50:13Z,compare-am-gp-n3-4-16-i-adv-mysql-0,mysqld-exporter,16277504,load_200tps
2026-08-05T22:50:13Z,compare-am-gp-n3-4-16-i-adv-mysql-0,slow-log-tailer,6905856,load_200tps
2026-08-05T22:50:13Z,compare-am-gp-n3-4-16-i-adv-mysql-0,do-agent,-1,load_200tps
2026-08-05T22:50:13Z,compare-am-gp-n3-4-16-i-adv-mysql-0,xtrabackup,19189760,load_200tps
2026-08-05T22:50:13Z,compare-am-gp-n3-4-16-i-adv-mysql-1,mysql,12923895808,load_200tps
2026-08-05T22:50:13Z,compare-am-gp-n3-4-16-i-adv-mysql-1,mysqld-exporter,16277504,load_200tps
2026-08-05T22:50:13Z,compare-am-gp-n3-4-16-i-adv-mysql-1,slow-log-tailer,6705152,load_200tps
2026-08-05T22:50:13Z,compare-am-gp-n3-4-16-i-adv-mysql-1,do-agent,-1,load_200tps
2026-08-05T22:50:13Z,compare-am-gp-n3-4-16-i-adv-mysql-1,xtrabackup,166678528,load_200tps
2026-08-05T22:50:13Z,compare-am-gp-n3-4-16-i-adv-mysql-2,mysql,13257928704,load_200tps
2026-08-05T22:50:13Z,compare-am-gp-n3-4-16-i-adv-mysql-2,mysqld-exporter,15597568,load_200tps
2026-08-05T22:50:13Z,compare-am-gp-n3-4-16-i-adv-mysql-2,slow-log-tailer,1859584,load_200tps
2026-08-05T22:50:13Z,compare-am-gp-n3-4-16-i-adv-mysql-2,do-agent,-1,load_200tps
2026-08-05T22:50:13Z,compare-am-gp-n3-4-16-i-adv-mysql-2,xtrabackup,24662016,load_200tps
2026-08-05T22:50:46Z,compare-am-gp-n3-4-16-i-adv-mysql-0,mysql,13367361536,load_200tps
2026-08-05T22:50:46Z,compare-am-gp-n3-4-16-i-adv-mysql-0,mysqld-exporter,16207872,load_200tps
2026-08-05T22:50:46Z,compare-am-gp-n3-4-16-i-adv-mysql-0,slow-log-tailer,6914048,load_200tps
2026-08-05T22:50:46Z,compare-am-gp-n3-4-16-i-adv-mysql-0,do-agent,-1,load_200tps
2026-08-05T22:50:46Z,compare-am-gp-n3-4-16-i-adv-mysql-0,xtrabackup,19083264,load_200tps
2026-08-05T22:50:46Z,compare-am-gp-n3-4-16-i-adv-mysql-1,mysql,12845539328,load_200tps
2026-08-05T22:50:46Z,compare-am-gp-n3-4-16-i-adv-mysql-1,mysqld-exporter,16322560,load_200tps
2026-08-05T22:50:46Z,compare-am-gp-n3-4-16-i-adv-mysql-1,slow-log-tailer,6647808,load_200tps
2026-08-05T22:50:46Z,compare-am-gp-n3-4-16-i-adv-mysql-1,do-agent,-1,load_200tps
2026-08-05T22:50:46Z,compare-am-gp-n3-4-16-i-adv-mysql-1,xtrabackup,166526976,load_200tps
2026-08-05T22:50:46Z,compare-am-gp-n3-4-16-i-adv-mysql-2,mysql,13260652544,load_200tps
2026-08-05T22:50:46Z,compare-am-gp-n3-4-16-i-adv-mysql-2,mysqld-exporter,15572992,load_200tps
2026-08-05T22:50:46Z,compare-am-gp-n3-4-16-i-adv-mysql-2,slow-log-tailer,1974272,load_200tps
2026-08-05T22:50:46Z,compare-am-gp-n3-4-16-i-adv-mysql-2,do-agent,-1,load_200tps
2026-08-05T22:50:46Z,compare-am-gp-n3-4-16-i-adv-mysql-2,xtrabackup,24686592,load_200tps
2026-08-05T22:51:19Z,compare-am-gp-n3-4-16-i-adv-mysql-0,mysql,13379198976,load_200tps
2026-08-05T22:51:19Z,compare-am-gp-n3-4-16-i-adv-mysql-0,mysqld-exporter,16052224,load_200tps
2026-08-05T22:51:19Z,compare-am-gp-n3-4-16-i-adv-mysql-0,slow-log-tailer,6832128,load_200tps
2026-08-05T22:51:19Z,compare-am-gp-n3-4-16-i-adv-mysql-0,do-agent,-1,load_200tps
2026-08-05T22:51:19Z,compare-am-gp-n3-4-16-i-adv-mysql-0,xtrabackup,19111936,load_200tps
2026-08-05T22:51:19Z,compare-am-gp-n3-4-16-i-adv-mysql-1,mysql,12867166208,load_200tps
2026-08-05T22:51:19Z,compare-am-gp-n3-4-16-i-adv-mysql-1,mysqld-exporter,15683584,load_200tps
2026-08-05T22:51:19Z,compare-am-gp-n3-4-16-i-adv-mysql-1,slow-log-tailer,6574080,load_200tps
2026-08-05T22:51:19Z,compare-am-gp-n3-4-16-i-adv-mysql-1,do-agent,-1,load_200tps
2026-08-05T22:51:19Z,compare-am-gp-n3-4-16-i-adv-mysql-1,xtrabackup,166526976,load_200tps
2026-08-05T22:51:19Z,compare-am-gp-n3-4-16-i-adv-mysql-2,mysql,13261021184,load_200tps
2026-08-05T22:51:19Z,compare-am-gp-n3-4-16-i-adv-mysql-2,mysqld-exporter,15310848,load_200tps
2026-08-05T22:51:19Z,compare-am-gp-n3-4-16-i-adv-mysql-2,slow-log-tailer,1941504,load_200tps
2026-08-05T22:51:19Z,compare-am-gp-n3-4-16-i-adv-mysql-2,do-agent,-1,load_200tps
2026-08-05T22:51:19Z,compare-am-gp-n3-4-16-i-adv-mysql-2,xtrabackup,24444928,load_200tps
2026-08-05T22:51:52Z,compare-am-gp-n3-4-16-i-adv-mysql-0,mysql,13344800768,load_200tps
2026-08-05T22:51:52Z,compare-am-gp-n3-4-16-i-adv-mysql-0,mysqld-exporter,15937536,load_200tps
2026-08-05T22:51:52Z,compare-am-gp-n3-4-16-i-adv-mysql-0,slow-log-tailer,6918144,load_200tps
2026-08-05T22:51:52Z,compare-am-gp-n3-4-16-i-adv-mysql-0,do-agent,-1,load_200tps
2026-08-05T22:51:52Z,compare-am-gp-n3-4-16-i-adv-mysql-0,xtrabackup,18960384,load_200tps
2026-08-05T22:51:52Z,compare-am-gp-n3-4-16-i-adv-mysql-1,mysql,12855595008,load_200tps
2026-08-05T22:51:52Z,compare-am-gp-n3-4-16-i-adv-mysql-1,mysqld-exporter,15630336,load_200tps
2026-08-05T22:51:52Z,compare-am-gp-n3-4-16-i-adv-mysql-1,slow-log-tailer,6905856,load_200tps
2026-08-05T22:51:52Z,compare-am-gp-n3-4-16-i-adv-mysql-1,do-agent,-1,load_200tps
2026-08-05T22:51:52Z,compare-am-gp-n3-4-16-i-adv-mysql-1,xtrabackup,166625280,load_200tps
2026-08-05T22:51:52Z,compare-am-gp-n3-4-16-i-adv-mysql-2,mysql,13224914944,load_200tps
2026-08-05T22:51:52Z,compare-am-gp-n3-4-16-i-adv-mysql-2,mysqld-exporter,15663104,load_200tps
2026-08-05T22:51:52Z,compare-am-gp-n3-4-16-i-adv-mysql-2,slow-log-tailer,1912832,load_200tps
2026-08-05T22:51:52Z,compare-am-gp-n3-4-16-i-adv-mysql-2,do-agent,-1,load_200tps
2026-08-05T22:51:52Z,compare-am-gp-n3-4-16-i-adv-mysql-2,xtrabackup,24387584,load_200tps
2026-08-05T22:52:25Z,compare-am-gp-n3-4-16-i-adv-mysql-0,mysql,13333508096,load_200tps
2026-08-05T22:52:25Z,compare-am-gp-n3-4-16-i-adv-mysql-0,mysqld-exporter,16076800,load_200tps
2026-08-05T22:52:25Z,compare-am-gp-n3-4-16-i-adv-mysql-0,slow-log-tailer,7258112,load_200tps
2026-08-05T22:52:25Z,compare-am-gp-n3-4-16-i-adv-mysql-0,do-agent,-1,load_200tps
2026-08-05T22:52:25Z,compare-am-gp-n3-4-16-i-adv-mysql-0,xtrabackup,18976768,load_200tps
2026-08-05T22:52:25Z,compare-am-gp-n3-4-16-i-adv-mysql-1,mysql,12811059200,load_200tps
2026-08-05T22:52:25Z,compare-am-gp-n3-4-16-i-adv-mysql-1,mysqld-exporter,15785984,load_200tps
2026-08-05T22:52:25Z,compare-am-gp-n3-4-16-i-adv-mysql-1,slow-log-tailer,6721536,load_200tps
2026-08-05T22:52:25Z,compare-am-gp-n3-4-16-i-adv-mysql-1,do-agent,-1,load_200tps
2026-08-05T22:52:25Z,compare-am-gp-n3-4-16-i-adv-mysql-1,xtrabackup,166424576,load_200tps
2026-08-05T22:52:25Z,compare-am-gp-n3-4-16-i-adv-mysql-2,mysql,13243129856,load_200tps
2026-08-05T22:52:25Z,compare-am-gp-n3-4-16-i-adv-mysql-2,mysqld-exporter,15511552,load_200tps
2026-08-05T22:52:25Z,compare-am-gp-n3-4-16-i-adv-mysql-2,slow-log-tailer,1970176,load_200tps
2026-08-05T22:52:25Z,compare-am-gp-n3-4-16-i-adv-mysql-2,do-agent,-1,load_200tps
2026-08-05T22:52:25Z,compare-am-gp-n3-4-16-i-adv-mysql-2,xtrabackup,24453120,load_200tps
2026-08-05T22:52:59Z,compare-am-gp-n3-4-16-i-adv-mysql-0,mysql,13372899328,load_200tps
2026-08-05T22:52:59Z,compare-am-gp-n3-4-16-i-adv-mysql-0,mysqld-exporter,15990784,load_200tps
2026-08-05T22:52:59Z,compare-am-gp-n3-4-16-i-adv-mysql-0,slow-log-tailer,6737920,load_200tps
2026-08-05T22:52:59Z,compare-am-gp-n3-4-16-i-adv-mysql-0,do-agent,-1,load_200tps
2026-08-05T22:52:59Z,compare-am-gp-n3-4-16-i-adv-mysql-0,xtrabackup,19025920,load_200tps
2026-08-05T22:52:59Z,compare-am-gp-n3-4-16-i-adv-mysql-1,mysql,12936212480,load_200tps
2026-08-05T22:52:59Z,compare-am-gp-n3-4-16-i-adv-mysql-1,mysqld-exporter,15507456,load_200tps
2026-08-05T22:52:59Z,compare-am-gp-n3-4-16-i-adv-mysql-1,slow-log-tailer,6656000,load_200tps
2026-08-05T22:52:59Z,compare-am-gp-n3-4-16-i-adv-mysql-1,do-agent,-1,load_200tps
2026-08-05T22:52:59Z,compare-am-gp-n3-4-16-i-adv-mysql-1,xtrabackup,166649856,load_200tps
2026-08-05T22:52:59Z,compare-am-gp-n3-4-16-i-adv-mysql-2,mysql,13252227072,load_200tps
2026-08-05T22:52:59Z,compare-am-gp-n3-4-16-i-adv-mysql-2,mysqld-exporter,15618048,load_200tps
2026-08-05T22:52:59Z,compare-am-gp-n3-4-16-i-adv-mysql-2,slow-log-tailer,1982464,load_200tps
2026-08-05T22:52:59Z,compare-am-gp-n3-4-16-i-adv-mysql-2,do-agent,-1,load_200tps
2026-08-05T22:52:59Z,compare-am-gp-n3-4-16-i-adv-mysql-2,xtrabackup,24653824,load_200tps
2026-08-05T22:53:32Z,compare-am-gp-n3-4-16-i-adv-mysql-0,mysql,13341081600,load_200tps
2026-08-05T22:53:32Z,compare-am-gp-n3-4-16-i-adv-mysql-0,mysqld-exporter,16519168,load_200tps
2026-08-05T22:53:32Z,compare-am-gp-n3-4-16-i-adv-mysql-0,slow-log-tailer,6815744,load_200tps
2026-08-05T22:53:32Z,compare-am-gp-n3-4-16-i-adv-mysql-0,do-agent,-1,load_200tps
2026-08-05T22:53:32Z,compare-am-gp-n3-4-16-i-adv-mysql-0,xtrabackup,19103744,load_200tps
2026-08-05T22:53:32Z,compare-am-gp-n3-4-16-i-adv-mysql-1,mysql,12822822912,load_200tps
2026-08-05T22:53:32Z,compare-am-gp-n3-4-16-i-adv-mysql-1,mysqld-exporter,15609856,load_200tps
2026-08-05T22:53:32Z,compare-am-gp-n3-4-16-i-adv-mysql-1,slow-log-tailer,6684672,load_200tps
2026-08-05T22:53:32Z,compare-am-gp-n3-4-16-i-adv-mysql-1,do-agent,-1,load_200tps
2026-08-05T22:53:32Z,compare-am-gp-n3-4-16-i-adv-mysql-1,xtrabackup,166490112,load_200tps
2026-08-05T22:53:32Z,compare-am-gp-n3-4-16-i-adv-mysql-2,mysql,13244612608,load_200tps
2026-08-05T22:53:32Z,compare-am-gp-n3-4-16-i-adv-mysql-2,mysqld-exporter,15622144,load_200tps
2026-08-05T22:53:32Z,compare-am-gp-n3-4-16-i-adv-mysql-2,slow-log-tailer,1765376,load_200tps
2026-08-05T22:53:32Z,compare-am-gp-n3-4-16-i-adv-mysql-2,do-agent,-1,load_200tps
2026-08-05T22:53:32Z,compare-am-gp-n3-4-16-i-adv-mysql-2,xtrabackup,24514560,load_200tps
2026-08-05T22:54:05Z,compare-am-gp-n3-4-16-i-adv-mysql-0,mysql,13322833920,load_200tps
2026-08-05T22:54:05Z,compare-am-gp-n3-4-16-i-adv-mysql-0,mysqld-exporter,16404480,load_200tps
2026-08-05T22:54:05Z,compare-am-gp-n3-4-16-i-adv-mysql-0,slow-log-tailer,7041024,load_200tps
2026-08-05T22:54:05Z,compare-am-gp-n3-4-16-i-adv-mysql-0,do-agent,-1,load_200tps
2026-08-05T22:54:05Z,compare-am-gp-n3-4-16-i-adv-mysql-0,xtrabackup,18944000,load_200tps
2026-08-05T22:54:05Z,compare-am-gp-n3-4-16-i-adv-mysql-1,mysql,12855713792,load_200tps
2026-08-05T22:54:05Z,compare-am-gp-n3-4-16-i-adv-mysql-1,mysqld-exporter,15630336,load_200tps
2026-08-05T22:54:05Z,compare-am-gp-n3-4-16-i-adv-mysql-1,slow-log-tailer,6688768,load_200tps
2026-08-05T22:54:05Z,compare-am-gp-n3-4-16-i-adv-mysql-1,do-agent,-1,load_200tps
2026-08-05T22:54:05Z,compare-am-gp-n3-4-16-i-adv-mysql-1,xtrabackup,166727680,load_200tps
2026-08-05T22:54:05Z,compare-am-gp-n3-4-16-i-adv-mysql-2,mysql,13249286144,load_200tps
2026-08-05T22:54:05Z,compare-am-gp-n3-4-16-i-adv-mysql-2,mysqld-exporter,15593472,load_200tps
2026-08-05T22:54:05Z,compare-am-gp-n3-4-16-i-adv-mysql-2,slow-log-tailer,1843200,load_200tps
2026-08-05T22:54:05Z,compare-am-gp-n3-4-16-i-adv-mysql-2,do-agent,-1,load_200tps
2026-08-05T22:54:05Z,compare-am-gp-n3-4-16-i-adv-mysql-2,xtrabackup,24363008,load_200tps
2026-08-05T22:54:37Z,compare-am-gp-n3-4-16-i-adv-mysql-0,mysql,13345239040,load_200tps
2026-08-05T22:54:37Z,compare-am-gp-n3-4-16-i-adv-mysql-0,mysqld-exporter,15892480,load_200tps
2026-08-05T22:54:37Z,compare-am-gp-n3-4-16-i-adv-mysql-0,slow-log-tailer,6877184,load_200tps
2026-08-05T22:54:37Z,compare-am-gp-n3-4-16-i-adv-mysql-0,do-agent,-1,load_200tps
2026-08-05T22:54:37Z,compare-am-gp-n3-4-16-i-adv-mysql-0,xtrabackup,18997248,load_200tps
2026-08-05T22:54:37Z,compare-am-gp-n3-4-16-i-adv-mysql-1,mysql,12913442816,load_200tps
2026-08-05T22:54:37Z,compare-am-gp-n3-4-16-i-adv-mysql-1,mysqld-exporter,15712256,load_200tps
2026-08-05T22:54:37Z,compare-am-gp-n3-4-16-i-adv-mysql-1,slow-log-tailer,6451200,load_200tps
2026-08-05T22:54:37Z,compare-am-gp-n3-4-16-i-adv-mysql-1,do-agent,-1,load_200tps
2026-08-05T22:54:37Z,compare-am-gp-n3-4-16-i-adv-mysql-1,xtrabackup,166703104,load_200tps
2026-08-05T22:54:37Z,compare-am-gp-n3-4-16-i-adv-mysql-2,mysql,13243650048,load_200tps
2026-08-05T22:54:37Z,compare-am-gp-n3-4-16-i-adv-mysql-2,mysqld-exporter,15372288,load_200tps
2026-08-05T22:54:37Z,compare-am-gp-n3-4-16-i-adv-mysql-2,slow-log-tailer,1830912,load_200tps
2026-08-05T22:54:37Z,compare-am-gp-n3-4-16-i-adv-mysql-2,do-agent,-1,load_200tps
2026-08-05T22:54:37Z,compare-am-gp-n3-4-16-i-adv-mysql-2,xtrabackup,24264704,load_200tps
2026-08-05T22:55:10Z,compare-am-gp-n3-4-16-i-adv-mysql-0,mysql,13340508160,load_200tps
2026-08-05T22:55:10Z,compare-am-gp-n3-4-16-i-adv-mysql-0,mysqld-exporter,16035840,load_200tps
2026-08-05T22:55:10Z,compare-am-gp-n3-4-16-i-adv-mysql-0,slow-log-tailer,7094272,load_200tps
2026-08-05T22:55:10Z,compare-am-gp-n3-4-16-i-adv-mysql-0,do-agent,-1,load_200tps
2026-08-05T22:55:10Z,compare-am-gp-n3-4-16-i-adv-mysql-0,xtrabackup,19009536,load_200tps
2026-08-05T22:55:10Z,compare-am-gp-n3-4-16-i-adv-mysql-1,mysql,12842528768,load_200tps
2026-08-05T22:55:10Z,compare-am-gp-n3-4-16-i-adv-mysql-1,mysqld-exporter,15659008,load_200tps
2026-08-05T22:55:10Z,compare-am-gp-n3-4-16-i-adv-mysql-1,slow-log-tailer,6684672,load_200tps
2026-08-05T22:55:10Z,compare-am-gp-n3-4-16-i-adv-mysql-1,do-agent,-1,load_200tps
2026-08-05T22:55:10Z,compare-am-gp-n3-4-16-i-adv-mysql-1,xtrabackup,166690816,load_200tps
2026-08-05T22:55:10Z,compare-am-gp-n3-4-16-i-adv-mysql-2,mysql,13233209344,load_200tps
2026-08-05T22:55:10Z,compare-am-gp-n3-4-16-i-adv-mysql-2,mysqld-exporter,15482880,load_200tps
2026-08-05T22:55:10Z,compare-am-gp-n3-4-16-i-adv-mysql-2,slow-log-tailer,2015232,load_200tps
2026-08-05T22:55:10Z,compare-am-gp-n3-4-16-i-adv-mysql-2,do-agent,-1,load_200tps
2026-08-05T22:55:10Z,compare-am-gp-n3-4-16-i-adv-mysql-2,xtrabackup,24604672,load_200tps
2026-08-05T22:55:44Z,compare-am-gp-n3-4-16-i-adv-mysql-0,mysql,13363257344,load_200tps
2026-08-05T22:55:44Z,compare-am-gp-n3-4-16-i-adv-mysql-0,mysqld-exporter,16539648,load_200tps
2026-08-05T22:55:44Z,compare-am-gp-n3-4-16-i-adv-mysql-0,slow-log-tailer,6848512,load_200tps
2026-08-05T22:55:44Z,compare-am-gp-n3-4-16-i-adv-mysql-0,do-agent,-1,load_200tps
2026-08-05T22:55:44Z,compare-am-gp-n3-4-16-i-adv-mysql-0,xtrabackup,19017728,load_200tps
2026-08-05T22:55:44Z,compare-am-gp-n3-4-16-i-adv-mysql-1,mysql,12941303808,load_200tps
2026-08-05T22:55:44Z,compare-am-gp-n3-4-16-i-adv-mysql-1,mysqld-exporter,15929344,load_200tps
2026-08-05T22:55:44Z,compare-am-gp-n3-4-16-i-adv-mysql-1,slow-log-tailer,6639616,load_200tps
2026-08-05T22:55:44Z,compare-am-gp-n3-4-16-i-adv-mysql-1,do-agent,-1,load_200tps
2026-08-05T22:55:44Z,compare-am-gp-n3-4-16-i-adv-mysql-1,xtrabackup,166612992,load_200tps
2026-08-05T22:55:44Z,compare-am-gp-n3-4-16-i-adv-mysql-2,mysql,13242003456,load_200tps
2026-08-05T22:55:44Z,compare-am-gp-n3-4-16-i-adv-mysql-2,mysqld-exporter,15446016,load_200tps
2026-08-05T22:55:44Z,compare-am-gp-n3-4-16-i-adv-mysql-2,slow-log-tailer,1880064,load_200tps
2026-08-05T22:55:44Z,compare-am-gp-n3-4-16-i-adv-mysql-2,do-agent,-1,load_200tps
2026-08-05T22:55:44Z,compare-am-gp-n3-4-16-i-adv-mysql-2,xtrabackup,24420352,load_200tps
2026-08-05T22:56:17Z,compare-am-gp-n3-4-16-i-adv-mysql-0,mysql,13321916416,load_200tps
2026-08-05T22:56:17Z,compare-am-gp-n3-4-16-i-adv-mysql-0,mysqld-exporter,16412672,load_200tps
2026-08-05T22:56:17Z,compare-am-gp-n3-4-16-i-adv-mysql-0,slow-log-tailer,6516736,load_200tps
2026-08-05T22:56:17Z,compare-am-gp-n3-4-16-i-adv-mysql-0,do-agent,-1,load_200tps
2026-08-05T22:56:17Z,compare-am-gp-n3-4-16-i-adv-mysql-0,xtrabackup,18923520,load_200tps
2026-08-05T22:56:17Z,compare-am-gp-n3-4-16-i-adv-mysql-1,mysql,12863893504,load_200tps
2026-08-05T22:56:17Z,compare-am-gp-n3-4-16-i-adv-mysql-1,mysqld-exporter,16203776,load_200tps
2026-08-05T22:56:17Z,compare-am-gp-n3-4-16-i-adv-mysql-1,slow-log-tailer,6643712,load_200tps
2026-08-05T22:56:17Z,compare-am-gp-n3-4-16-i-adv-mysql-1,do-agent,-1,load_200tps
2026-08-05T22:56:17Z,compare-am-gp-n3-4-16-i-adv-mysql-1,xtrabackup,166662144,load_200tps
2026-08-05T22:56:17Z,compare-am-gp-n3-4-16-i-adv-mysql-2,mysql,13261582336,load_200tps
2026-08-05T22:56:17Z,compare-am-gp-n3-4-16-i-adv-mysql-2,mysqld-exporter,15454208,load_200tps
2026-08-05T22:56:17Z,compare-am-gp-n3-4-16-i-adv-mysql-2,slow-log-tailer,2035712,load_200tps
2026-08-05T22:56:17Z,compare-am-gp-n3-4-16-i-adv-mysql-2,do-agent,-1,load_200tps
2026-08-05T22:56:17Z,compare-am-gp-n3-4-16-i-adv-mysql-2,xtrabackup,24309760,load_200tps
2026-08-05T22:56:50Z,compare-am-gp-n3-4-16-i-adv-mysql-0,mysql,13335855104,cooldown_200_300
2026-08-05T22:56:50Z,compare-am-gp-n3-4-16-i-adv-mysql-0,mysqld-exporter,16633856,cooldown_200_300
2026-08-05T22:56:50Z,compare-am-gp-n3-4-16-i-adv-mysql-0,slow-log-tailer,7614464,cooldown_200_300
2026-08-05T22:56:50Z,compare-am-gp-n3-4-16-i-adv-mysql-0,do-agent,-1,cooldown_200_300
2026-08-05T22:56:50Z,compare-am-gp-n3-4-16-i-adv-mysql-0,xtrabackup,18976768,cooldown_200_300
2026-08-05T22:56:50Z,compare-am-gp-n3-4-16-i-adv-mysql-1,mysql,12832030720,cooldown_200_300
2026-08-05T22:56:50Z,compare-am-gp-n3-4-16-i-adv-mysql-1,mysqld-exporter,16211968,cooldown_200_300
2026-08-05T22:56:50Z,compare-am-gp-n3-4-16-i-adv-mysql-1,slow-log-tailer,6664192,cooldown_200_300
2026-08-05T22:56:50Z,compare-am-gp-n3-4-16-i-adv-mysql-1,do-agent,-1,cooldown_200_300
2026-08-05T22:56:50Z,compare-am-gp-n3-4-16-i-adv-mysql-1,xtrabackup,166846464,cooldown_200_300
2026-08-05T22:56:50Z,compare-am-gp-n3-4-16-i-adv-mysql-2,mysql,13227573248,cooldown_200_300
2026-08-05T22:56:50Z,compare-am-gp-n3-4-16-i-adv-mysql-2,mysqld-exporter,15851520,cooldown_200_300
2026-08-05T22:56:50Z,compare-am-gp-n3-4-16-i-adv-mysql-2,slow-log-tailer,1839104,cooldown_200_300
2026-08-05T22:56:50Z,compare-am-gp-n3-4-16-i-adv-mysql-2,do-agent,-1,cooldown_200_300
2026-08-05T22:56:50Z,compare-am-gp-n3-4-16-i-adv-mysql-2,xtrabackup,24518656,cooldown_200_300
2026-08-05T22:57:22Z,compare-am-gp-n3-4-16-i-adv-mysql-0,mysql,13330960384,cooldown_200_300
2026-08-05T22:57:22Z,compare-am-gp-n3-4-16-i-adv-mysql-0,mysqld-exporter,16592896,cooldown_200_300
2026-08-05T22:57:22Z,compare-am-gp-n3-4-16-i-adv-mysql-0,slow-log-tailer,6914048,cooldown_200_300
2026-08-05T22:57:22Z,compare-am-gp-n3-4-16-i-adv-mysql-0,do-agent,-1,cooldown_200_300
2026-08-05T22:57:22Z,compare-am-gp-n3-4-16-i-adv-mysql-0,xtrabackup,18980864,cooldown_200_300
2026-08-05T22:57:22Z,compare-am-gp-n3-4-16-i-adv-mysql-1,mysql,12831952896,cooldown_200_300
2026-08-05T22:57:22Z,compare-am-gp-n3-4-16-i-adv-mysql-1,mysqld-exporter,15568896,cooldown_200_300
2026-08-05T22:57:22Z,compare-am-gp-n3-4-16-i-adv-mysql-1,slow-log-tailer,6991872,cooldown_200_300
2026-08-05T22:57:22Z,compare-am-gp-n3-4-16-i-adv-mysql-1,do-agent,-1,cooldown_200_300
2026-08-05T22:57:22Z,compare-am-gp-n3-4-16-i-adv-mysql-1,xtrabackup,166690816,cooldown_200_300
2026-08-05T22:57:22Z,compare-am-gp-n3-4-16-i-adv-mysql-2,mysql,13227352064,cooldown_200_300
2026-08-05T22:57:22Z,compare-am-gp-n3-4-16-i-adv-mysql-2,mysqld-exporter,15470592,cooldown_200_300
2026-08-05T22:57:22Z,compare-am-gp-n3-4-16-i-adv-mysql-2,slow-log-tailer,1818624,cooldown_200_300
2026-08-05T22:57:22Z,compare-am-gp-n3-4-16-i-adv-mysql-2,do-agent,-1,cooldown_200_300
2026-08-05T22:57:22Z,compare-am-gp-n3-4-16-i-adv-mysql-2,xtrabackup,24530944,cooldown_200_300
2026-08-05T22:57:55Z,compare-am-gp-n3-4-16-i-adv-mysql-0,mysql,13329108992,cooldown_200_300
2026-08-05T22:57:55Z,compare-am-gp-n3-4-16-i-adv-mysql-0,mysqld-exporter,16556032,cooldown_200_300
2026-08-05T22:57:55Z,compare-am-gp-n3-4-16-i-adv-mysql-0,slow-log-tailer,7086080,cooldown_200_300
2026-08-05T22:57:55Z,compare-am-gp-n3-4-16-i-adv-mysql-0,do-agent,-1,cooldown_200_300
2026-08-05T22:57:55Z,compare-am-gp-n3-4-16-i-adv-mysql-0,xtrabackup,19034112,cooldown_200_300
2026-08-05T22:57:55Z,compare-am-gp-n3-4-16-i-adv-mysql-1,mysql,12830535680,cooldown_200_300
2026-08-05T22:57:55Z,compare-am-gp-n3-4-16-i-adv-mysql-1,mysqld-exporter,15851520,cooldown_200_300
2026-08-05T22:57:55Z,compare-am-gp-n3-4-16-i-adv-mysql-1,slow-log-tailer,6721536,cooldown_200_300
2026-08-05T22:57:55Z,compare-am-gp-n3-4-16-i-adv-mysql-1,do-agent,-1,cooldown_200_300
2026-08-05T22:57:55Z,compare-am-gp-n3-4-16-i-adv-mysql-1,xtrabackup,166658048,cooldown_200_300
2026-08-05T22:57:55Z,compare-am-gp-n3-4-16-i-adv-mysql-2,mysql,13226926080,cooldown_200_300
2026-08-05T22:57:55Z,compare-am-gp-n3-4-16-i-adv-mysql-2,mysqld-exporter,15925248,cooldown_200_300
2026-08-05T22:57:55Z,compare-am-gp-n3-4-16-i-adv-mysql-2,slow-log-tailer,2060288,cooldown_200_300
2026-08-05T22:57:55Z,compare-am-gp-n3-4-16-i-adv-mysql-2,do-agent,-1,cooldown_200_300
2026-08-05T22:57:55Z,compare-am-gp-n3-4-16-i-adv-mysql-2,xtrabackup,24514560,cooldown_200_300
2026-08-05T22:58:27Z,compare-am-gp-n3-4-16-i-adv-mysql-0,mysql,13325053952,cooldown_200_300
2026-08-05T22:58:27Z,compare-am-gp-n3-4-16-i-adv-mysql-0,mysqld-exporter,16592896,cooldown_200_300
2026-08-05T22:58:27Z,compare-am-gp-n3-4-16-i-adv-mysql-0,slow-log-tailer,7090176,cooldown_200_300
2026-08-05T22:58:27Z,compare-am-gp-n3-4-16-i-adv-mysql-0,do-agent,-1,cooldown_200_300
2026-08-05T22:58:27Z,compare-am-gp-n3-4-16-i-adv-mysql-0,xtrabackup,19042304,cooldown_200_300
2026-08-05T22:58:27Z,compare-am-gp-n3-4-16-i-adv-mysql-1,mysql,12830449664,cooldown_200_300
2026-08-05T22:58:27Z,compare-am-gp-n3-4-16-i-adv-mysql-1,mysqld-exporter,15589376,cooldown_200_300
2026-08-05T22:58:27Z,compare-am-gp-n3-4-16-i-adv-mysql-1,slow-log-tailer,6742016,cooldown_200_300
2026-08-05T22:58:27Z,compare-am-gp-n3-4-16-i-adv-mysql-1,do-agent,-1,cooldown_200_300
2026-08-05T22:58:27Z,compare-am-gp-n3-4-16-i-adv-mysql-1,xtrabackup,166637568,cooldown_200_300
2026-08-05T22:58:27Z,compare-am-gp-n3-4-16-i-adv-mysql-2,mysql,13226934272,cooldown_200_300
2026-08-05T22:58:27Z,compare-am-gp-n3-4-16-i-adv-mysql-2,mysqld-exporter,15745024,cooldown_200_300
2026-08-05T22:58:27Z,compare-am-gp-n3-4-16-i-adv-mysql-2,slow-log-tailer,1974272,cooldown_200_300
2026-08-05T22:58:27Z,compare-am-gp-n3-4-16-i-adv-mysql-2,do-agent,-1,cooldown_200_300
2026-08-05T22:58:27Z,compare-am-gp-n3-4-16-i-adv-mysql-2,xtrabackup,24469504,cooldown_200_300
2026-08-05T22:58:59Z,compare-am-gp-n3-4-16-i-adv-mysql-0,mysql,13376544768,load_300tps
2026-08-05T22:58:59Z,compare-am-gp-n3-4-16-i-adv-mysql-0,mysqld-exporter,16457728,load_300tps
2026-08-05T22:58:59Z,compare-am-gp-n3-4-16-i-adv-mysql-0,slow-log-tailer,6512640,load_300tps
2026-08-05T22:58:59Z,compare-am-gp-n3-4-16-i-adv-mysql-0,do-agent,-1,load_300tps
2026-08-05T22:58:59Z,compare-am-gp-n3-4-16-i-adv-mysql-0,xtrabackup,19050496,load_300tps
2026-08-05T22:58:59Z,compare-am-gp-n3-4-16-i-adv-mysql-1,mysql,12922384384,load_300tps
2026-08-05T22:58:59Z,compare-am-gp-n3-4-16-i-adv-mysql-1,mysqld-exporter,15499264,load_300tps
2026-08-05T22:58:59Z,compare-am-gp-n3-4-16-i-adv-mysql-1,slow-log-tailer,6688768,load_300tps
2026-08-05T22:58:59Z,compare-am-gp-n3-4-16-i-adv-mysql-1,do-agent,-1,load_300tps
2026-08-05T22:58:59Z,compare-am-gp-n3-4-16-i-adv-mysql-1,xtrabackup,166670336,load_300tps
2026-08-05T22:58:59Z,compare-am-gp-n3-4-16-i-adv-mysql-2,mysql,13277655040,load_300tps
2026-08-05T22:58:59Z,compare-am-gp-n3-4-16-i-adv-mysql-2,mysqld-exporter,15642624,load_300tps
2026-08-05T22:58:59Z,compare-am-gp-n3-4-16-i-adv-mysql-2,slow-log-tailer,2027520,load_300tps
2026-08-05T22:58:59Z,compare-am-gp-n3-4-16-i-adv-mysql-2,do-agent,-1,load_300tps
2026-08-05T22:58:59Z,compare-am-gp-n3-4-16-i-adv-mysql-2,xtrabackup,24461312,load_300tps
2026-08-05T22:59:34Z,compare-am-gp-n3-4-16-i-adv-mysql-0,mysql,13378609152,load_300tps
2026-08-05T22:59:34Z,compare-am-gp-n3-4-16-i-adv-mysql-0,mysqld-exporter,16261120,load_300tps
2026-08-05T22:59:34Z,compare-am-gp-n3-4-16-i-adv-mysql-0,slow-log-tailer,5804032,load_300tps
2026-08-05T22:59:34Z,compare-am-gp-n3-4-16-i-adv-mysql-0,do-agent,-1,load_300tps
2026-08-05T22:59:34Z,compare-am-gp-n3-4-16-i-adv-mysql-0,xtrabackup,18870272,load_300tps
2026-08-05T22:59:34Z,compare-am-gp-n3-4-16-i-adv-mysql-1,mysql,12346142720,load_300tps
2026-08-05T22:59:34Z,compare-am-gp-n3-4-16-i-adv-mysql-1,mysqld-exporter,15888384,load_300tps
2026-08-05T22:59:34Z,compare-am-gp-n3-4-16-i-adv-mysql-1,slow-log-tailer,6664192,load_300tps
2026-08-05T22:59:34Z,compare-am-gp-n3-4-16-i-adv-mysql-1,do-agent,-1,load_300tps
2026-08-05T22:59:34Z,compare-am-gp-n3-4-16-i-adv-mysql-1,xtrabackup,738721792,load_300tps
2026-08-05T22:59:34Z,compare-am-gp-n3-4-16-i-adv-mysql-2,mysql,13257932800,load_300tps
2026-08-05T22:59:34Z,compare-am-gp-n3-4-16-i-adv-mysql-2,mysqld-exporter,15622144,load_300tps
2026-08-05T22:59:34Z,compare-am-gp-n3-4-16-i-adv-mysql-2,slow-log-tailer,2183168,load_300tps
2026-08-05T22:59:34Z,compare-am-gp-n3-4-16-i-adv-mysql-2,do-agent,-1,load_300tps
2026-08-05T22:59:34Z,compare-am-gp-n3-4-16-i-adv-mysql-2,xtrabackup,24473600,load_300tps
2026-08-05T23:00:07Z,compare-am-gp-n3-4-16-i-adv-mysql-0,mysql,13365932032,load_300tps
2026-08-05T23:00:07Z,compare-am-gp-n3-4-16-i-adv-mysql-0,mysqld-exporter,16228352,load_300tps
2026-08-05T23:00:07Z,compare-am-gp-n3-4-16-i-adv-mysql-0,slow-log-tailer,7368704,load_300tps
2026-08-05T23:00:07Z,compare-am-gp-n3-4-16-i-adv-mysql-0,do-agent,-1,load_300tps
2026-08-05T23:00:07Z,compare-am-gp-n3-4-16-i-adv-mysql-0,xtrabackup,18776064,load_300tps
2026-08-05T23:00:07Z,compare-am-gp-n3-4-16-i-adv-mysql-1,mysql,12038819840,load_300tps
2026-08-05T23:00:07Z,compare-am-gp-n3-4-16-i-adv-mysql-1,mysqld-exporter,15986688,load_300tps
2026-08-05T23:00:07Z,compare-am-gp-n3-4-16-i-adv-mysql-1,slow-log-tailer,6684672,load_300tps
2026-08-05T23:00:07Z,compare-am-gp-n3-4-16-i-adv-mysql-1,do-agent,-1,load_300tps
2026-08-05T23:00:07Z,compare-am-gp-n3-4-16-i-adv-mysql-1,xtrabackup,1081147392,load_300tps
2026-08-05T23:00:07Z,compare-am-gp-n3-4-16-i-adv-mysql-2,mysql,13259325440,load_300tps
2026-08-05T23:00:07Z,compare-am-gp-n3-4-16-i-adv-mysql-2,mysqld-exporter,15609856,load_300tps
2026-08-05T23:00:07Z,compare-am-gp-n3-4-16-i-adv-mysql-2,slow-log-tailer,1941504,load_300tps
2026-08-05T23:00:07Z,compare-am-gp-n3-4-16-i-adv-mysql-2,do-agent,-1,load_300tps
2026-08-05T23:00:07Z,compare-am-gp-n3-4-16-i-adv-mysql-2,xtrabackup,24825856,load_300tps
2026-08-05T23:00:42Z,compare-am-gp-n3-4-16-i-adv-mysql-0,mysql,13322555392,load_300tps
2026-08-05T23:00:42Z,compare-am-gp-n3-4-16-i-adv-mysql-0,mysqld-exporter,16322560,load_300tps
2026-08-05T23:00:42Z,compare-am-gp-n3-4-16-i-adv-mysql-0,slow-log-tailer,6922240,load_300tps
2026-08-05T23:00:42Z,compare-am-gp-n3-4-16-i-adv-mysql-0,do-agent,-1,load_300tps
2026-08-05T23:00:42Z,compare-am-gp-n3-4-16-i-adv-mysql-0,xtrabackup,18849792,load_300tps
2026-08-05T23:00:42Z,compare-am-gp-n3-4-16-i-adv-mysql-1,mysql,11898720256,load_300tps
2026-08-05T23:00:42Z,compare-am-gp-n3-4-16-i-adv-mysql-1,mysqld-exporter,15998976,load_300tps
2026-08-05T23:00:42Z,compare-am-gp-n3-4-16-i-adv-mysql-1,slow-log-tailer,6762496,load_300tps
2026-08-05T23:00:42Z,compare-am-gp-n3-4-16-i-adv-mysql-1,do-agent,-1,load_300tps
2026-08-05T23:00:42Z,compare-am-gp-n3-4-16-i-adv-mysql-1,xtrabackup,1132134400,load_300tps
2026-08-05T23:00:42Z,compare-am-gp-n3-4-16-i-adv-mysql-2,mysql,13270147072,load_300tps
2026-08-05T23:00:42Z,compare-am-gp-n3-4-16-i-adv-mysql-2,mysqld-exporter,15613952,load_300tps
2026-08-05T23:00:42Z,compare-am-gp-n3-4-16-i-adv-mysql-2,slow-log-tailer,2179072,load_300tps
2026-08-05T23:00:42Z,compare-am-gp-n3-4-16-i-adv-mysql-2,do-agent,-1,load_300tps
2026-08-05T23:00:42Z,compare-am-gp-n3-4-16-i-adv-mysql-2,xtrabackup,24444928,load_300tps
2026-08-05T23:01:16Z,compare-am-gp-n3-4-16-i-adv-mysql-0,mysql,13332230144,load_300tps
2026-08-05T23:01:16Z,compare-am-gp-n3-4-16-i-adv-mysql-0,mysqld-exporter,16199680,load_300tps
2026-08-05T23:01:16Z,compare-am-gp-n3-4-16-i-adv-mysql-0,slow-log-tailer,7385088,load_300tps
2026-08-05T23:01:16Z,compare-am-gp-n3-4-16-i-adv-mysql-0,do-agent,-1,load_300tps
2026-08-05T23:01:16Z,compare-am-gp-n3-4-16-i-adv-mysql-0,xtrabackup,18771968,load_300tps
2026-08-05T23:01:16Z,compare-am-gp-n3-4-16-i-adv-mysql-1,mysql,11900145664,load_300tps
2026-08-05T23:01:16Z,compare-am-gp-n3-4-16-i-adv-mysql-1,mysqld-exporter,15802368,load_300tps
2026-08-05T23:01:16Z,compare-am-gp-n3-4-16-i-adv-mysql-1,slow-log-tailer,6586368,load_300tps
2026-08-05T23:01:16Z,compare-am-gp-n3-4-16-i-adv-mysql-1,do-agent,-1,load_300tps
2026-08-05T23:01:16Z,compare-am-gp-n3-4-16-i-adv-mysql-1,xtrabackup,1174441984,load_300tps
2026-08-05T23:01:16Z,compare-am-gp-n3-4-16-i-adv-mysql-2,mysql,13254053888,load_300tps
2026-08-05T23:01:16Z,compare-am-gp-n3-4-16-i-adv-mysql-2,mysqld-exporter,15474688,load_300tps
2026-08-05T23:01:16Z,compare-am-gp-n3-4-16-i-adv-mysql-2,slow-log-tailer,1949696,load_300tps
2026-08-05T23:01:16Z,compare-am-gp-n3-4-16-i-adv-mysql-2,do-agent,-1,load_300tps
2026-08-05T23:01:16Z,compare-am-gp-n3-4-16-i-adv-mysql-2,xtrabackup,24469504,load_300tps
2026-08-05T23:01:50Z,compare-am-gp-n3-4-16-i-adv-mysql-0,mysql,13368770560,load_300tps
2026-08-05T23:01:50Z,compare-am-gp-n3-4-16-i-adv-mysql-0,mysqld-exporter,16023552,load_300tps
2026-08-05T23:01:50Z,compare-am-gp-n3-4-16-i-adv-mysql-0,slow-log-tailer,7397376,load_300tps
2026-08-05T23:01:50Z,compare-am-gp-n3-4-16-i-adv-mysql-0,do-agent,-1,load_300tps
2026-08-05T23:01:50Z,compare-am-gp-n3-4-16-i-adv-mysql-0,xtrabackup,18518016,load_300tps
2026-08-05T23:01:50Z,compare-am-gp-n3-4-16-i-adv-mysql-1,mysql,11835224064,load_300tps
2026-08-05T23:01:50Z,compare-am-gp-n3-4-16-i-adv-mysql-1,mysqld-exporter,15699968,load_300tps
2026-08-05T23:01:50Z,compare-am-gp-n3-4-16-i-adv-mysql-1,slow-log-tailer,6672384,load_300tps
2026-08-05T23:01:50Z,compare-am-gp-n3-4-16-i-adv-mysql-1,do-agent,-1,load_300tps
2026-08-05T23:01:50Z,compare-am-gp-n3-4-16-i-adv-mysql-1,xtrabackup,1191428096,load_300tps
2026-08-05T23:01:50Z,compare-am-gp-n3-4-16-i-adv-mysql-2,mysql,13267980288,load_300tps
2026-08-05T23:01:50Z,compare-am-gp-n3-4-16-i-adv-mysql-2,mysqld-exporter,15360000,load_300tps
2026-08-05T23:01:50Z,compare-am-gp-n3-4-16-i-adv-mysql-2,slow-log-tailer,1933312,load_300tps
2026-08-05T23:01:50Z,compare-am-gp-n3-4-16-i-adv-mysql-2,do-agent,-1,load_300tps
2026-08-05T23:01:50Z,compare-am-gp-n3-4-16-i-adv-mysql-2,xtrabackup,24268800,load_300tps
2026-08-05T23:02:23Z,compare-am-gp-n3-4-16-i-adv-mysql-0,mysql,13358465024,load_300tps
2026-08-05T23:02:23Z,compare-am-gp-n3-4-16-i-adv-mysql-0,mysqld-exporter,15785984,load_300tps
2026-08-05T23:02:23Z,compare-am-gp-n3-4-16-i-adv-mysql-0,slow-log-tailer,6774784,load_300tps
2026-08-05T23:02:23Z,compare-am-gp-n3-4-16-i-adv-mysql-0,do-agent,-1,load_300tps
2026-08-05T23:02:23Z,compare-am-gp-n3-4-16-i-adv-mysql-0,xtrabackup,18825216,load_300tps
2026-08-05T23:02:23Z,compare-am-gp-n3-4-16-i-adv-mysql-1,mysql,11842387968,load_300tps
2026-08-05T23:02:23Z,compare-am-gp-n3-4-16-i-adv-mysql-1,mysqld-exporter,15937536,load_300tps
2026-08-05T23:02:23Z,compare-am-gp-n3-4-16-i-adv-mysql-1,slow-log-tailer,6955008,load_300tps
2026-08-05T23:02:23Z,compare-am-gp-n3-4-16-i-adv-mysql-1,do-agent,-1,load_300tps
2026-08-05T23:02:23Z,compare-am-gp-n3-4-16-i-adv-mysql-1,xtrabackup,1201000448,load_300tps
2026-08-05T23:02:23Z,compare-am-gp-n3-4-16-i-adv-mysql-2,mysql,13212348416,load_300tps
2026-08-05T23:02:23Z,compare-am-gp-n3-4-16-i-adv-mysql-2,mysqld-exporter,15495168,load_300tps
2026-08-05T23:02:23Z,compare-am-gp-n3-4-16-i-adv-mysql-2,slow-log-tailer,1777664,load_300tps
2026-08-05T23:02:23Z,compare-am-gp-n3-4-16-i-adv-mysql-2,do-agent,-1,load_300tps
2026-08-05T23:02:23Z,compare-am-gp-n3-4-16-i-adv-mysql-2,xtrabackup,24494080,load_300tps
2026-08-05T23:02:59Z,compare-am-gp-n3-4-16-i-adv-mysql-0,mysql,13378613248,load_300tps
2026-08-05T23:02:59Z,compare-am-gp-n3-4-16-i-adv-mysql-0,mysqld-exporter,15982592,load_300tps
2026-08-05T23:02:59Z,compare-am-gp-n3-4-16-i-adv-mysql-0,slow-log-tailer,6991872,load_300tps
2026-08-05T23:02:59Z,compare-am-gp-n3-4-16-i-adv-mysql-0,do-agent,-1,load_300tps
2026-08-05T23:02:59Z,compare-am-gp-n3-4-16-i-adv-mysql-0,xtrabackup,18776064,load_300tps
2026-08-05T23:02:59Z,compare-am-gp-n3-4-16-i-adv-mysql-1,mysql,11820285952,load_300tps
2026-08-05T23:02:59Z,compare-am-gp-n3-4-16-i-adv-mysql-1,mysqld-exporter,15904768,load_300tps
2026-08-05T23:02:59Z,compare-am-gp-n3-4-16-i-adv-mysql-1,slow-log-tailer,6529024,load_300tps
2026-08-05T23:02:59Z,compare-am-gp-n3-4-16-i-adv-mysql-1,do-agent,-1,load_300tps
2026-08-05T23:02:59Z,compare-am-gp-n3-4-16-i-adv-mysql-1,xtrabackup,1207980032,load_300tps
2026-08-05T23:02:59Z,compare-am-gp-n3-4-16-i-adv-mysql-2,mysql,13215297536,load_300tps
2026-08-05T23:02:59Z,compare-am-gp-n3-4-16-i-adv-mysql-2,mysqld-exporter,15441920,load_300tps
2026-08-05T23:02:59Z,compare-am-gp-n3-4-16-i-adv-mysql-2,slow-log-tailer,1949696,load_300tps
2026-08-05T23:02:59Z,compare-am-gp-n3-4-16-i-adv-mysql-2,do-agent,-1,load_300tps
2026-08-05T23:02:59Z,compare-am-gp-n3-4-16-i-adv-mysql-2,xtrabackup,24453120,load_300tps
2026-08-05T23:03:32Z,compare-am-gp-n3-4-16-i-adv-mysql-0,mysql,13370810368,load_300tps
2026-08-05T23:03:32Z,compare-am-gp-n3-4-16-i-adv-mysql-0,mysqld-exporter,16482304,load_300tps
2026-08-05T23:03:32Z,compare-am-gp-n3-4-16-i-adv-mysql-0,slow-log-tailer,7946240,load_300tps
2026-08-05T23:03:32Z,compare-am-gp-n3-4-16-i-adv-mysql-0,do-agent,-1,load_300tps
2026-08-05T23:03:32Z,compare-am-gp-n3-4-16-i-adv-mysql-0,xtrabackup,18477056,load_300tps
2026-08-05T23:03:32Z,compare-am-gp-n3-4-16-i-adv-mysql-1,mysql,11810312192,load_300tps
2026-08-05T23:03:32Z,compare-am-gp-n3-4-16-i-adv-mysql-1,mysqld-exporter,16187392,load_300tps
2026-08-05T23:03:32Z,compare-am-gp-n3-4-16-i-adv-mysql-1,slow-log-tailer,6651904,load_300tps
2026-08-05T23:03:32Z,compare-am-gp-n3-4-16-i-adv-mysql-1,do-agent,-1,load_300tps
2026-08-05T23:03:32Z,compare-am-gp-n3-4-16-i-adv-mysql-1,xtrabackup,1212620800,load_300tps
2026-08-05T23:03:32Z,compare-am-gp-n3-4-16-i-adv-mysql-2,mysql,13238767616,load_300tps
2026-08-05T23:03:32Z,compare-am-gp-n3-4-16-i-adv-mysql-2,mysqld-exporter,15847424,load_300tps
2026-08-05T23:03:32Z,compare-am-gp-n3-4-16-i-adv-mysql-2,slow-log-tailer,1986560,load_300tps
2026-08-05T23:03:32Z,compare-am-gp-n3-4-16-i-adv-mysql-2,do-agent,-1,load_300tps
2026-08-05T23:03:32Z,compare-am-gp-n3-4-16-i-adv-mysql-2,xtrabackup,24555520,load_300tps
2026-08-05T23:04:07Z,compare-am-gp-n3-4-16-i-adv-mysql-0,mysql,13360369664,load_300tps
2026-08-05T23:04:07Z,compare-am-gp-n3-4-16-i-adv-mysql-0,mysqld-exporter,16551936,load_300tps
2026-08-05T23:04:07Z,compare-am-gp-n3-4-16-i-adv-mysql-0,slow-log-tailer,7577600,load_300tps
2026-08-05T23:04:07Z,compare-am-gp-n3-4-16-i-adv-mysql-0,do-agent,-1,load_300tps
2026-08-05T23:04:07Z,compare-am-gp-n3-4-16-i-adv-mysql-0,xtrabackup,18722816,load_300tps
2026-08-05T23:04:07Z,compare-am-gp-n3-4-16-i-adv-mysql-1,mysql,11815993344,load_300tps
2026-08-05T23:04:07Z,compare-am-gp-n3-4-16-i-adv-mysql-1,mysqld-exporter,15970304,load_300tps
2026-08-05T23:04:07Z,compare-am-gp-n3-4-16-i-adv-mysql-1,slow-log-tailer,6569984,load_300tps
2026-08-05T23:04:07Z,compare-am-gp-n3-4-16-i-adv-mysql-1,do-agent,-1,load_300tps
2026-08-05T23:04:07Z,compare-am-gp-n3-4-16-i-adv-mysql-1,xtrabackup,1220657152,load_300tps
2026-08-05T23:04:07Z,compare-am-gp-n3-4-16-i-adv-mysql-2,mysql,13205352448,load_300tps
2026-08-05T23:04:07Z,compare-am-gp-n3-4-16-i-adv-mysql-2,mysqld-exporter,15884288,load_300tps
2026-08-05T23:04:07Z,compare-am-gp-n3-4-16-i-adv-mysql-2,slow-log-tailer,1859584,load_300tps
2026-08-05T23:04:07Z,compare-am-gp-n3-4-16-i-adv-mysql-2,do-agent,-1,load_300tps
2026-08-05T23:04:07Z,compare-am-gp-n3-4-16-i-adv-mysql-2,xtrabackup,24494080,load_300tps
2026-08-05T23:04:40Z,compare-am-gp-n3-4-16-i-adv-mysql-0,mysql,13337554944,load_300tps
2026-08-05T23:04:40Z,compare-am-gp-n3-4-16-i-adv-mysql-0,mysqld-exporter,16572416,load_300tps
2026-08-05T23:04:40Z,compare-am-gp-n3-4-16-i-adv-mysql-0,slow-log-tailer,7221248,load_300tps
2026-08-05T23:04:40Z,compare-am-gp-n3-4-16-i-adv-mysql-0,do-agent,-1,load_300tps
2026-08-05T23:04:40Z,compare-am-gp-n3-4-16-i-adv-mysql-0,xtrabackup,18714624,load_300tps
2026-08-05T23:04:40Z,compare-am-gp-n3-4-16-i-adv-mysql-1,mysql,11872718848,load_300tps
2026-08-05T23:04:40Z,compare-am-gp-n3-4-16-i-adv-mysql-1,mysqld-exporter,15597568,load_300tps
2026-08-05T23:04:40Z,compare-am-gp-n3-4-16-i-adv-mysql-1,slow-log-tailer,6586368,load_300tps
2026-08-05T23:04:40Z,compare-am-gp-n3-4-16-i-adv-mysql-1,do-agent,-1,load_300tps
2026-08-05T23:04:40Z,compare-am-gp-n3-4-16-i-adv-mysql-1,xtrabackup,1226268672,load_300tps
2026-08-05T23:04:40Z,compare-am-gp-n3-4-16-i-adv-mysql-2,mysql,13215219712,load_300tps
2026-08-05T23:04:40Z,compare-am-gp-n3-4-16-i-adv-mysql-2,mysqld-exporter,15749120,load_300tps
2026-08-05T23:04:40Z,compare-am-gp-n3-4-16-i-adv-mysql-2,slow-log-tailer,1843200,load_300tps
2026-08-05T23:04:40Z,compare-am-gp-n3-4-16-i-adv-mysql-2,do-agent,-1,load_300tps
2026-08-05T23:04:40Z,compare-am-gp-n3-4-16-i-adv-mysql-2,xtrabackup,24571904,load_300tps
2026-08-05T23:05:15Z,compare-am-gp-n3-4-16-i-adv-mysql-0,mysql,13355642880,load_300tps
2026-08-05T23:05:15Z,compare-am-gp-n3-4-16-i-adv-mysql-0,mysqld-exporter,16588800,load_300tps
2026-08-05T23:05:15Z,compare-am-gp-n3-4-16-i-adv-mysql-0,slow-log-tailer,6467584,load_300tps
2026-08-05T23:05:15Z,compare-am-gp-n3-4-16-i-adv-mysql-0,do-agent,-1,load_300tps
2026-08-05T23:05:15Z,compare-am-gp-n3-4-16-i-adv-mysql-0,xtrabackup,18710528,load_300tps
2026-08-05T23:05:15Z,compare-am-gp-n3-4-16-i-adv-mysql-1,mysql,11828469760,load_300tps
2026-08-05T23:05:15Z,compare-am-gp-n3-4-16-i-adv-mysql-1,mysqld-exporter,15695872,load_300tps
2026-08-05T23:05:15Z,compare-am-gp-n3-4-16-i-adv-mysql-1,slow-log-tailer,6660096,load_300tps
2026-08-05T23:05:15Z,compare-am-gp-n3-4-16-i-adv-mysql-1,do-agent,-1,load_300tps
2026-08-05T23:05:15Z,compare-am-gp-n3-4-16-i-adv-mysql-1,xtrabackup,1230069760,load_300tps
2026-08-05T23:05:15Z,compare-am-gp-n3-4-16-i-adv-mysql-2,mysql,13213323264,load_300tps
2026-08-05T23:05:15Z,compare-am-gp-n3-4-16-i-adv-mysql-2,mysqld-exporter,15568896,load_300tps
2026-08-05T23:05:15Z,compare-am-gp-n3-4-16-i-adv-mysql-2,slow-log-tailer,1839104,load_300tps
2026-08-05T23:05:15Z,compare-am-gp-n3-4-16-i-adv-mysql-2,do-agent,-1,load_300tps
2026-08-05T23:05:15Z,compare-am-gp-n3-4-16-i-adv-mysql-2,xtrabackup,24465408,load_300tps
2026-08-05T23:05:49Z,compare-am-gp-n3-4-16-i-adv-mysql-0,mysql,13343133696,load_300tps
2026-08-05T23:05:49Z,compare-am-gp-n3-4-16-i-adv-mysql-0,mysqld-exporter,16584704,load_300tps
2026-08-05T23:05:49Z,compare-am-gp-n3-4-16-i-adv-mysql-0,slow-log-tailer,6688768,load_300tps
2026-08-05T23:05:49Z,compare-am-gp-n3-4-16-i-adv-mysql-0,do-agent,-1,load_300tps
2026-08-05T23:05:49Z,compare-am-gp-n3-4-16-i-adv-mysql-0,xtrabackup,18800640,load_300tps
2026-08-05T23:05:49Z,compare-am-gp-n3-4-16-i-adv-mysql-1,mysql,11823505408,load_300tps
2026-08-05T23:05:49Z,compare-am-gp-n3-4-16-i-adv-mysql-1,mysqld-exporter,15646720,load_300tps
2026-08-05T23:05:49Z,compare-am-gp-n3-4-16-i-adv-mysql-1,slow-log-tailer,6791168,load_300tps
2026-08-05T23:05:49Z,compare-am-gp-n3-4-16-i-adv-mysql-1,do-agent,-1,load_300tps
2026-08-05T23:05:49Z,compare-am-gp-n3-4-16-i-adv-mysql-1,xtrabackup,1234219008,load_300tps
2026-08-05T23:05:49Z,compare-am-gp-n3-4-16-i-adv-mysql-2,mysql,13218955264,load_300tps
2026-08-05T23:05:49Z,compare-am-gp-n3-4-16-i-adv-mysql-2,mysqld-exporter,16191488,load_300tps
2026-08-05T23:05:49Z,compare-am-gp-n3-4-16-i-adv-mysql-2,slow-log-tailer,1769472,load_300tps
2026-08-05T23:05:49Z,compare-am-gp-n3-4-16-i-adv-mysql-2,do-agent,-1,load_300tps
2026-08-05T23:05:49Z,compare-am-gp-n3-4-16-i-adv-mysql-2,xtrabackup,24346624,load_300tps
2026-08-05T23:06:22Z,compare-am-gp-n3-4-16-i-adv-mysql-0,mysql,13329952768,load_300tps
2026-08-05T23:06:22Z,compare-am-gp-n3-4-16-i-adv-mysql-0,mysqld-exporter,16621568,load_300tps
2026-08-05T23:06:22Z,compare-am-gp-n3-4-16-i-adv-mysql-0,slow-log-tailer,8015872,load_300tps
2026-08-05T23:06:22Z,compare-am-gp-n3-4-16-i-adv-mysql-0,do-agent,-1,load_300tps
2026-08-05T23:06:22Z,compare-am-gp-n3-4-16-i-adv-mysql-0,xtrabackup,18636800,load_300tps
2026-08-05T23:06:22Z,compare-am-gp-n3-4-16-i-adv-mysql-1,mysql,11923890176,load_300tps
2026-08-05T23:06:22Z,compare-am-gp-n3-4-16-i-adv-mysql-1,mysqld-exporter,15417344,load_300tps
2026-08-05T23:06:22Z,compare-am-gp-n3-4-16-i-adv-mysql-1,slow-log-tailer,6451200,load_300tps
2026-08-05T23:06:22Z,compare-am-gp-n3-4-16-i-adv-mysql-1,do-agent,-1,load_300tps
2026-08-05T23:06:22Z,compare-am-gp-n3-4-16-i-adv-mysql-1,xtrabackup,1234927616,load_300tps
2026-08-05T23:06:22Z,compare-am-gp-n3-4-16-i-adv-mysql-2,mysql,13217292288,load_300tps
2026-08-05T23:06:22Z,compare-am-gp-n3-4-16-i-adv-mysql-2,mysqld-exporter,16175104,load_300tps
2026-08-05T23:06:22Z,compare-am-gp-n3-4-16-i-adv-mysql-2,slow-log-tailer,1777664,load_300tps
2026-08-05T23:06:22Z,compare-am-gp-n3-4-16-i-adv-mysql-2,do-agent,-1,load_300tps
2026-08-05T23:06:22Z,compare-am-gp-n3-4-16-i-adv-mysql-2,xtrabackup,24465408,load_300tps
2026-08-05T23:06:55Z,compare-am-gp-n3-4-16-i-adv-mysql-0,mysql,13358325760,load_300tps
2026-08-05T23:06:55Z,compare-am-gp-n3-4-16-i-adv-mysql-0,mysqld-exporter,16576512,load_300tps
2026-08-05T23:06:55Z,compare-am-gp-n3-4-16-i-adv-mysql-0,slow-log-tailer,7434240,load_300tps
2026-08-05T23:06:55Z,compare-am-gp-n3-4-16-i-adv-mysql-0,do-agent,-1,load_300tps
2026-08-05T23:06:55Z,compare-am-gp-n3-4-16-i-adv-mysql-0,xtrabackup,18518016,load_300tps
2026-08-05T23:06:55Z,compare-am-gp-n3-4-16-i-adv-mysql-1,mysql,11913637888,load_300tps
2026-08-05T23:06:55Z,compare-am-gp-n3-4-16-i-adv-mysql-1,mysqld-exporter,15847424,load_300tps
2026-08-05T23:06:55Z,compare-am-gp-n3-4-16-i-adv-mysql-1,slow-log-tailer,6782976,load_300tps
2026-08-05T23:06:55Z,compare-am-gp-n3-4-16-i-adv-mysql-1,do-agent,-1,load_300tps
2026-08-05T23:06:55Z,compare-am-gp-n3-4-16-i-adv-mysql-1,xtrabackup,1048723456,load_300tps
2026-08-05T23:06:55Z,compare-am-gp-n3-4-16-i-adv-mysql-2,mysql,13221564416,load_300tps
2026-08-05T23:06:55Z,compare-am-gp-n3-4-16-i-adv-mysql-2,mysqld-exporter,16039936,load_300tps
2026-08-05T23:06:55Z,compare-am-gp-n3-4-16-i-adv-mysql-2,slow-log-tailer,2060288,load_300tps
2026-08-05T23:06:55Z,compare-am-gp-n3-4-16-i-adv-mysql-2,do-agent,-1,load_300tps
2026-08-05T23:06:55Z,compare-am-gp-n3-4-16-i-adv-mysql-2,xtrabackup,24473600,load_300tps
2026-08-05T23:07:29Z,compare-am-gp-n3-4-16-i-adv-mysql-0,mysql,13365690368,load_300tps
2026-08-05T23:07:29Z,compare-am-gp-n3-4-16-i-adv-mysql-0,mysqld-exporter,16744448,load_300tps
2026-08-05T23:07:29Z,compare-am-gp-n3-4-16-i-adv-mysql-0,slow-log-tailer,8232960,load_300tps
2026-08-05T23:07:29Z,compare-am-gp-n3-4-16-i-adv-mysql-0,do-agent,-1,load_300tps
2026-08-05T23:07:29Z,compare-am-gp-n3-4-16-i-adv-mysql-0,xtrabackup,18718720,load_300tps
2026-08-05T23:07:29Z,compare-am-gp-n3-4-16-i-adv-mysql-1,mysql,12042592256,load_300tps
2026-08-05T23:07:29Z,compare-am-gp-n3-4-16-i-adv-mysql-1,mysqld-exporter,16146432,load_300tps
2026-08-05T23:07:29Z,compare-am-gp-n3-4-16-i-adv-mysql-1,slow-log-tailer,6688768,load_300tps
2026-08-05T23:07:29Z,compare-am-gp-n3-4-16-i-adv-mysql-1,do-agent,-1,load_300tps
2026-08-05T23:07:29Z,compare-am-gp-n3-4-16-i-adv-mysql-1,xtrabackup,792072192,load_300tps
2026-08-05T23:07:29Z,compare-am-gp-n3-4-16-i-adv-mysql-2,mysql,13218017280,load_300tps
2026-08-05T23:07:29Z,compare-am-gp-n3-4-16-i-adv-mysql-2,mysqld-exporter,15949824,load_300tps
2026-08-05T23:07:29Z,compare-am-gp-n3-4-16-i-adv-mysql-2,slow-log-tailer,2060288,load_300tps
2026-08-05T23:07:29Z,compare-am-gp-n3-4-16-i-adv-mysql-2,do-agent,-1,load_300tps
2026-08-05T23:07:29Z,compare-am-gp-n3-4-16-i-adv-mysql-2,xtrabackup,24498176,load_300tps
2026-08-05T23:08:03Z,compare-am-gp-n3-4-16-i-adv-mysql-0,mysql,13374746624,load_300tps
2026-08-05T23:08:03Z,compare-am-gp-n3-4-16-i-adv-mysql-0,mysqld-exporter,16801792,load_300tps
2026-08-05T23:08:03Z,compare-am-gp-n3-4-16-i-adv-mysql-0,slow-log-tailer,7090176,load_300tps
2026-08-05T23:08:03Z,compare-am-gp-n3-4-16-i-adv-mysql-0,do-agent,-1,load_300tps
2026-08-05T23:08:03Z,compare-am-gp-n3-4-16-i-adv-mysql-0,xtrabackup,18591744,load_300tps
2026-08-05T23:08:03Z,compare-am-gp-n3-4-16-i-adv-mysql-1,mysql,12248748032,load_300tps
2026-08-05T23:08:03Z,compare-am-gp-n3-4-16-i-adv-mysql-1,mysqld-exporter,16089088,load_300tps
2026-08-05T23:08:03Z,compare-am-gp-n3-4-16-i-adv-mysql-1,slow-log-tailer,6934528,load_300tps
2026-08-05T23:08:03Z,compare-am-gp-n3-4-16-i-adv-mysql-1,do-agent,-1,load_300tps
2026-08-05T23:08:03Z,compare-am-gp-n3-4-16-i-adv-mysql-1,xtrabackup,680595456,load_300tps
2026-08-05T23:08:03Z,compare-am-gp-n3-4-16-i-adv-mysql-2,mysql,13213192192,load_300tps
2026-08-05T23:08:03Z,compare-am-gp-n3-4-16-i-adv-mysql-2,mysqld-exporter,15876096,load_300tps
2026-08-05T23:08:03Z,compare-am-gp-n3-4-16-i-adv-mysql-2,slow-log-tailer,1994752,load_300tps
2026-08-05T23:08:03Z,compare-am-gp-n3-4-16-i-adv-mysql-2,do-agent,-1,load_300tps
2026-08-05T23:08:03Z,compare-am-gp-n3-4-16-i-adv-mysql-2,xtrabackup,24371200,load_300tps
2026-08-05T23:08:37Z,compare-am-gp-n3-4-16-i-adv-mysql-0,mysql,13376671744,load_300tps
2026-08-05T23:08:37Z,compare-am-gp-n3-4-16-i-adv-mysql-0,mysqld-exporter,16797696,load_300tps
2026-08-05T23:08:37Z,compare-am-gp-n3-4-16-i-adv-mysql-0,slow-log-tailer,7933952,load_300tps
2026-08-05T23:08:37Z,compare-am-gp-n3-4-16-i-adv-mysql-0,do-agent,-1,load_300tps
2026-08-05T23:08:37Z,compare-am-gp-n3-4-16-i-adv-mysql-0,xtrabackup,18681856,load_300tps
2026-08-05T23:08:37Z,compare-am-gp-n3-4-16-i-adv-mysql-1,mysql,12328517632,load_300tps
2026-08-05T23:08:37Z,compare-am-gp-n3-4-16-i-adv-mysql-1,mysqld-exporter,16044032,load_300tps
2026-08-05T23:08:37Z,compare-am-gp-n3-4-16-i-adv-mysql-1,slow-log-tailer,6602752,load_300tps
2026-08-05T23:08:37Z,compare-am-gp-n3-4-16-i-adv-mysql-1,do-agent,-1,load_300tps
2026-08-05T23:08:37Z,compare-am-gp-n3-4-16-i-adv-mysql-1,xtrabackup,680718336,load_300tps
2026-08-05T23:08:37Z,compare-am-gp-n3-4-16-i-adv-mysql-2,mysql,13218590720,load_300tps
2026-08-05T23:08:37Z,compare-am-gp-n3-4-16-i-adv-mysql-2,mysqld-exporter,15986688,load_300tps
2026-08-05T23:08:37Z,compare-am-gp-n3-4-16-i-adv-mysql-2,slow-log-tailer,1945600,load_300tps
2026-08-05T23:08:37Z,compare-am-gp-n3-4-16-i-adv-mysql-2,do-agent,-1,load_300tps
2026-08-05T23:08:37Z,compare-am-gp-n3-4-16-i-adv-mysql-2,xtrabackup,24522752,load_300tps
2026-08-05T23:09:10Z,compare-am-gp-n3-4-16-i-adv-mysql-0,mysql,13371654144,load_300tps
2026-08-05T23:09:10Z,compare-am-gp-n3-4-16-i-adv-mysql-0,mysqld-exporter,16560128,load_300tps
2026-08-05T23:09:10Z,compare-am-gp-n3-4-16-i-adv-mysql-0,slow-log-tailer,8200192,load_300tps
2026-08-05T23:09:10Z,compare-am-gp-n3-4-16-i-adv-mysql-0,do-agent,-1,load_300tps
2026-08-05T23:09:10Z,compare-am-gp-n3-4-16-i-adv-mysql-0,xtrabackup,18653184,load_300tps
2026-08-05T23:09:10Z,compare-am-gp-n3-4-16-i-adv-mysql-1,mysql,12352999424,load_300tps
2026-08-05T23:09:10Z,compare-am-gp-n3-4-16-i-adv-mysql-1,mysqld-exporter,16171008,load_300tps
2026-08-05T23:09:10Z,compare-am-gp-n3-4-16-i-adv-mysql-1,slow-log-tailer,6606848,load_300tps
2026-08-05T23:09:10Z,compare-am-gp-n3-4-16-i-adv-mysql-1,do-agent,-1,load_300tps
2026-08-05T23:09:10Z,compare-am-gp-n3-4-16-i-adv-mysql-1,xtrabackup,680521728,load_300tps
2026-08-05T23:09:10Z,compare-am-gp-n3-4-16-i-adv-mysql-2,mysql,13206282240,load_300tps
2026-08-05T23:09:10Z,compare-am-gp-n3-4-16-i-adv-mysql-2,mysqld-exporter,15618048,load_300tps
2026-08-05T23:09:10Z,compare-am-gp-n3-4-16-i-adv-mysql-2,slow-log-tailer,1986560,load_300tps
2026-08-05T23:09:10Z,compare-am-gp-n3-4-16-i-adv-mysql-2,do-agent,-1,load_300tps
2026-08-05T23:09:10Z,compare-am-gp-n3-4-16-i-adv-mysql-2,xtrabackup,24371200,load_300tps
2026-08-05T23:09:44Z,compare-am-gp-n3-4-16-i-adv-mysql-0,mysql,13365030912,load_300tps
2026-08-05T23:09:44Z,compare-am-gp-n3-4-16-i-adv-mysql-0,mysqld-exporter,16224256,load_300tps
2026-08-05T23:09:44Z,compare-am-gp-n3-4-16-i-adv-mysql-0,slow-log-tailer,8245248,load_300tps
2026-08-05T23:09:44Z,compare-am-gp-n3-4-16-i-adv-mysql-0,do-agent,-1,load_300tps
2026-08-05T23:09:44Z,compare-am-gp-n3-4-16-i-adv-mysql-0,xtrabackup,18640896,load_300tps
2026-08-05T23:09:44Z,compare-am-gp-n3-4-16-i-adv-mysql-1,mysql,12297240576,load_300tps
2026-08-05T23:09:44Z,compare-am-gp-n3-4-16-i-adv-mysql-1,mysqld-exporter,15724544,load_300tps
2026-08-05T23:09:44Z,compare-am-gp-n3-4-16-i-adv-mysql-1,slow-log-tailer,6688768,load_300tps
2026-08-05T23:09:44Z,compare-am-gp-n3-4-16-i-adv-mysql-1,do-agent,-1,load_300tps
2026-08-05T23:09:44Z,compare-am-gp-n3-4-16-i-adv-mysql-1,xtrabackup,680615936,load_300tps
2026-08-05T23:09:44Z,compare-am-gp-n3-4-16-i-adv-mysql-2,mysql,13220581376,load_300tps
2026-08-05T23:09:44Z,compare-am-gp-n3-4-16-i-adv-mysql-2,mysqld-exporter,15667200,load_300tps
2026-08-05T23:09:44Z,compare-am-gp-n3-4-16-i-adv-mysql-2,slow-log-tailer,1961984,load_300tps
2026-08-05T23:09:44Z,compare-am-gp-n3-4-16-i-adv-mysql-2,do-agent,-1,load_300tps
2026-08-05T23:09:44Z,compare-am-gp-n3-4-16-i-adv-mysql-2,xtrabackup,24518656,load_300tps
2026-08-05T23:10:18Z,compare-am-gp-n3-4-16-i-adv-mysql-0,mysql,13367758848,load_300tps
2026-08-05T23:10:18Z,compare-am-gp-n3-4-16-i-adv-mysql-0,mysqld-exporter,15994880,load_300tps
2026-08-05T23:10:18Z,compare-am-gp-n3-4-16-i-adv-mysql-0,slow-log-tailer,6270976,load_300tps
2026-08-05T23:10:18Z,compare-am-gp-n3-4-16-i-adv-mysql-0,do-agent,-1,load_300tps
2026-08-05T23:10:18Z,compare-am-gp-n3-4-16-i-adv-mysql-0,xtrabackup,18391040,load_300tps
2026-08-05T23:10:18Z,compare-am-gp-n3-4-16-i-adv-mysql-1,mysql,12402429952,load_300tps
2026-08-05T23:10:18Z,compare-am-gp-n3-4-16-i-adv-mysql-1,mysqld-exporter,15724544,load_300tps
2026-08-05T23:10:18Z,compare-am-gp-n3-4-16-i-adv-mysql-1,slow-log-tailer,6586368,load_300tps
2026-08-05T23:10:18Z,compare-am-gp-n3-4-16-i-adv-mysql-1,do-agent,-1,load_300tps
2026-08-05T23:10:18Z,compare-am-gp-n3-4-16-i-adv-mysql-1,xtrabackup,680411136,load_300tps
2026-08-05T23:10:18Z,compare-am-gp-n3-4-16-i-adv-mysql-2,mysql,13218725888,load_300tps
2026-08-05T23:10:18Z,compare-am-gp-n3-4-16-i-adv-mysql-2,mysqld-exporter,15654912,load_300tps
2026-08-05T23:10:18Z,compare-am-gp-n3-4-16-i-adv-mysql-2,slow-log-tailer,2015232,load_300tps
2026-08-05T23:10:18Z,compare-am-gp-n3-4-16-i-adv-mysql-2,do-agent,-1,load_300tps
2026-08-05T23:10:18Z,compare-am-gp-n3-4-16-i-adv-mysql-2,xtrabackup,24440832,load_300tps
2026-08-05T23:10:51Z,compare-am-gp-n3-4-16-i-adv-mysql-0,mysql,13338808320,load_300tps
2026-08-05T23:10:51Z,compare-am-gp-n3-4-16-i-adv-mysql-0,mysqld-exporter,16236544,load_300tps
2026-08-05T23:10:51Z,compare-am-gp-n3-4-16-i-adv-mysql-0,slow-log-tailer,6828032,load_300tps
2026-08-05T23:10:51Z,compare-am-gp-n3-4-16-i-adv-mysql-0,do-agent,-1,load_300tps
2026-08-05T23:10:51Z,compare-am-gp-n3-4-16-i-adv-mysql-0,xtrabackup,18558976,load_300tps
2026-08-05T23:10:51Z,compare-am-gp-n3-4-16-i-adv-mysql-1,mysql,12323868672,load_300tps
2026-08-05T23:10:51Z,compare-am-gp-n3-4-16-i-adv-mysql-1,mysqld-exporter,15822848,load_300tps
2026-08-05T23:10:51Z,compare-am-gp-n3-4-16-i-adv-mysql-1,slow-log-tailer,6447104,load_300tps
2026-08-05T23:10:51Z,compare-am-gp-n3-4-16-i-adv-mysql-1,do-agent,-1,load_300tps
2026-08-05T23:10:51Z,compare-am-gp-n3-4-16-i-adv-mysql-1,xtrabackup,679849984,load_300tps
2026-08-05T23:10:51Z,compare-am-gp-n3-4-16-i-adv-mysql-2,mysql,13219139584,load_300tps
2026-08-05T23:10:51Z,compare-am-gp-n3-4-16-i-adv-mysql-2,mysqld-exporter,15671296,load_300tps
2026-08-05T23:10:51Z,compare-am-gp-n3-4-16-i-adv-mysql-2,slow-log-tailer,1921024,load_300tps
2026-08-05T23:10:51Z,compare-am-gp-n3-4-16-i-adv-mysql-2,do-agent,-1,load_300tps
2026-08-05T23:10:51Z,compare-am-gp-n3-4-16-i-adv-mysql-2,xtrabackup,24387584,load_300tps
2026-08-05T23:11:25Z,compare-am-gp-n3-4-16-i-adv-mysql-0,mysql,13316911104,load_300tps
2026-08-05T23:11:25Z,compare-am-gp-n3-4-16-i-adv-mysql-0,mysqld-exporter,16326656,load_300tps
2026-08-05T23:11:25Z,compare-am-gp-n3-4-16-i-adv-mysql-0,slow-log-tailer,8544256,load_300tps
2026-08-05T23:11:25Z,compare-am-gp-n3-4-16-i-adv-mysql-0,do-agent,-1,load_300tps
2026-08-05T23:11:25Z,compare-am-gp-n3-4-16-i-adv-mysql-0,xtrabackup,18526208,load_300tps
2026-08-05T23:11:25Z,compare-am-gp-n3-4-16-i-adv-mysql-1,mysql,12433076224,load_300tps
2026-08-05T23:11:25Z,compare-am-gp-n3-4-16-i-adv-mysql-1,mysqld-exporter,15646720,load_300tps
2026-08-05T23:11:25Z,compare-am-gp-n3-4-16-i-adv-mysql-1,slow-log-tailer,6569984,load_300tps
2026-08-05T23:11:25Z,compare-am-gp-n3-4-16-i-adv-mysql-1,do-agent,-1,load_300tps
2026-08-05T23:11:25Z,compare-am-gp-n3-4-16-i-adv-mysql-1,xtrabackup,679653376,load_300tps
2026-08-05T23:11:25Z,compare-am-gp-n3-4-16-i-adv-mysql-2,mysql,13228470272,load_300tps
2026-08-05T23:11:25Z,compare-am-gp-n3-4-16-i-adv-mysql-2,mysqld-exporter,15626240,load_300tps
2026-08-05T23:11:25Z,compare-am-gp-n3-4-16-i-adv-mysql-2,slow-log-tailer,1789952,load_300tps
2026-08-05T23:11:25Z,compare-am-gp-n3-4-16-i-adv-mysql-2,do-agent,-1,load_300tps
2026-08-05T23:11:25Z,compare-am-gp-n3-4-16-i-adv-mysql-2,xtrabackup,24502272,load_300tps
2026-08-05T23:11:59Z,compare-am-gp-n3-4-16-i-adv-mysql-0,mysql,13362593792,load_300tps
2026-08-05T23:11:59Z,compare-am-gp-n3-4-16-i-adv-mysql-0,mysqld-exporter,16326656,load_300tps
2026-08-05T23:11:59Z,compare-am-gp-n3-4-16-i-adv-mysql-0,slow-log-tailer,8871936,load_300tps
2026-08-05T23:11:59Z,compare-am-gp-n3-4-16-i-adv-mysql-0,do-agent,-1,load_300tps
2026-08-05T23:11:59Z,compare-am-gp-n3-4-16-i-adv-mysql-0,xtrabackup,18268160,load_300tps
2026-08-05T23:11:59Z,compare-am-gp-n3-4-16-i-adv-mysql-1,mysql,12335706112,load_300tps
2026-08-05T23:11:59Z,compare-am-gp-n3-4-16-i-adv-mysql-1,mysqld-exporter,15482880,load_300tps
2026-08-05T23:11:59Z,compare-am-gp-n3-4-16-i-adv-mysql-1,slow-log-tailer,6598656,load_300tps
2026-08-05T23:11:59Z,compare-am-gp-n3-4-16-i-adv-mysql-1,do-agent,-1,load_300tps
2026-08-05T23:11:59Z,compare-am-gp-n3-4-16-i-adv-mysql-1,xtrabackup,679739392,load_300tps
2026-08-05T23:11:59Z,compare-am-gp-n3-4-16-i-adv-mysql-2,mysql,13213949952,load_300tps
2026-08-05T23:11:59Z,compare-am-gp-n3-4-16-i-adv-mysql-2,mysqld-exporter,15511552,load_300tps
2026-08-05T23:11:59Z,compare-am-gp-n3-4-16-i-adv-mysql-2,slow-log-tailer,1769472,load_300tps
2026-08-05T23:11:59Z,compare-am-gp-n3-4-16-i-adv-mysql-2,do-agent,-1,load_300tps
2026-08-05T23:11:59Z,compare-am-gp-n3-4-16-i-adv-mysql-2,xtrabackup,24522752,load_300tps
2026-08-05T23:12:32Z,compare-am-gp-n3-4-16-i-adv-mysql-0,mysql,13340790784,load_300tps
2026-08-05T23:12:32Z,compare-am-gp-n3-4-16-i-adv-mysql-0,mysqld-exporter,16330752,load_300tps
2026-08-05T23:12:32Z,compare-am-gp-n3-4-16-i-adv-mysql-0,slow-log-tailer,9224192,load_300tps
2026-08-05T23:12:32Z,compare-am-gp-n3-4-16-i-adv-mysql-0,do-agent,-1,load_300tps
2026-08-05T23:12:32Z,compare-am-gp-n3-4-16-i-adv-mysql-0,xtrabackup,18464768,load_300tps
2026-08-05T23:12:32Z,compare-am-gp-n3-4-16-i-adv-mysql-1,mysql,12414713856,load_300tps
2026-08-05T23:12:32Z,compare-am-gp-n3-4-16-i-adv-mysql-1,mysqld-exporter,15601664,load_300tps
2026-08-05T23:12:32Z,compare-am-gp-n3-4-16-i-adv-mysql-1,slow-log-tailer,6615040,load_300tps
2026-08-05T23:12:32Z,compare-am-gp-n3-4-16-i-adv-mysql-1,do-agent,-1,load_300tps
2026-08-05T23:12:32Z,compare-am-gp-n3-4-16-i-adv-mysql-1,xtrabackup,679739392,load_300tps
2026-08-05T23:12:32Z,compare-am-gp-n3-4-16-i-adv-mysql-2,mysql,13208023040,load_300tps
2026-08-05T23:12:32Z,compare-am-gp-n3-4-16-i-adv-mysql-2,mysqld-exporter,15605760,load_300tps
2026-08-05T23:12:32Z,compare-am-gp-n3-4-16-i-adv-mysql-2,slow-log-tailer,1904640,load_300tps
2026-08-05T23:12:32Z,compare-am-gp-n3-4-16-i-adv-mysql-2,do-agent,-1,load_300tps
2026-08-05T23:12:32Z,compare-am-gp-n3-4-16-i-adv-mysql-2,xtrabackup,24506368,load_300tps
2026-08-05T23:13:06Z,compare-am-gp-n3-4-16-i-adv-mysql-0,mysql,13346934784,load_300tps
2026-08-05T23:13:06Z,compare-am-gp-n3-4-16-i-adv-mysql-0,mysqld-exporter,16646144,load_300tps
2026-08-05T23:13:06Z,compare-am-gp-n3-4-16-i-adv-mysql-0,slow-log-tailer,8019968,load_300tps
2026-08-05T23:13:06Z,compare-am-gp-n3-4-16-i-adv-mysql-0,do-agent,-1,load_300tps
2026-08-05T23:13:06Z,compare-am-gp-n3-4-16-i-adv-mysql-0,xtrabackup,18444288,load_300tps
2026-08-05T23:13:06Z,compare-am-gp-n3-4-16-i-adv-mysql-1,mysql,12367138816,load_300tps
2026-08-05T23:13:06Z,compare-am-gp-n3-4-16-i-adv-mysql-1,mysqld-exporter,15773696,load_300tps
2026-08-05T23:13:06Z,compare-am-gp-n3-4-16-i-adv-mysql-1,slow-log-tailer,6463488,load_300tps
2026-08-05T23:13:06Z,compare-am-gp-n3-4-16-i-adv-mysql-1,do-agent,-1,load_300tps
2026-08-05T23:13:06Z,compare-am-gp-n3-4-16-i-adv-mysql-1,xtrabackup,679849984,load_300tps
2026-08-05T23:13:06Z,compare-am-gp-n3-4-16-i-adv-mysql-2,mysql,13210271744,load_300tps
2026-08-05T23:13:06Z,compare-am-gp-n3-4-16-i-adv-mysql-2,mysqld-exporter,15577088,load_300tps
2026-08-05T23:13:06Z,compare-am-gp-n3-4-16-i-adv-mysql-2,slow-log-tailer,1789952,load_300tps
2026-08-05T23:13:06Z,compare-am-gp-n3-4-16-i-adv-mysql-2,do-agent,-1,load_300tps
2026-08-05T23:13:06Z,compare-am-gp-n3-4-16-i-adv-mysql-2,xtrabackup,24518656,load_300tps
2026-08-05T23:13:39Z,compare-am-gp-n3-4-16-i-adv-mysql-0,mysql,13345751040,load_300tps
2026-08-05T23:13:39Z,compare-am-gp-n3-4-16-i-adv-mysql-0,mysqld-exporter,16060416,load_300tps
2026-08-05T23:13:39Z,compare-am-gp-n3-4-16-i-adv-mysql-0,slow-log-tailer,8884224,load_300tps
2026-08-05T23:13:39Z,compare-am-gp-n3-4-16-i-adv-mysql-0,do-agent,-1,load_300tps
2026-08-05T23:13:39Z,compare-am-gp-n3-4-16-i-adv-mysql-0,xtrabackup,18432000,load_300tps
2026-08-05T23:13:39Z,compare-am-gp-n3-4-16-i-adv-mysql-1,mysql,12328423424,load_300tps
2026-08-05T23:13:39Z,compare-am-gp-n3-4-16-i-adv-mysql-1,mysqld-exporter,16027648,load_300tps
2026-08-05T23:13:39Z,compare-am-gp-n3-4-16-i-adv-mysql-1,slow-log-tailer,6651904,load_300tps
2026-08-05T23:13:39Z,compare-am-gp-n3-4-16-i-adv-mysql-1,do-agent,-1,load_300tps
2026-08-05T23:13:39Z,compare-am-gp-n3-4-16-i-adv-mysql-1,xtrabackup,679849984,load_300tps
2026-08-05T23:13:39Z,compare-am-gp-n3-4-16-i-adv-mysql-2,mysql,13191127040,load_300tps
2026-08-05T23:13:39Z,compare-am-gp-n3-4-16-i-adv-mysql-2,mysqld-exporter,15761408,load_300tps
2026-08-05T23:13:39Z,compare-am-gp-n3-4-16-i-adv-mysql-2,slow-log-tailer,1970176,load_300tps
2026-08-05T23:13:39Z,compare-am-gp-n3-4-16-i-adv-mysql-2,do-agent,-1,load_300tps
2026-08-05T23:13:39Z,compare-am-gp-n3-4-16-i-adv-mysql-2,xtrabackup,24539136,load_300tps
2026-08-05T23:14:12Z,compare-am-gp-n3-4-16-i-adv-mysql-0,mysql,13349777408,load_300tps
2026-08-05T23:14:12Z,compare-am-gp-n3-4-16-i-adv-mysql-0,mysqld-exporter,16003072,load_300tps
2026-08-05T23:14:12Z,compare-am-gp-n3-4-16-i-adv-mysql-0,slow-log-tailer,9428992,load_300tps
2026-08-05T23:14:12Z,compare-am-gp-n3-4-16-i-adv-mysql-0,do-agent,-1,load_300tps
2026-08-05T23:14:12Z,compare-am-gp-n3-4-16-i-adv-mysql-0,xtrabackup,18300928,load_300tps
2026-08-05T23:14:12Z,compare-am-gp-n3-4-16-i-adv-mysql-1,mysql,12429139968,load_300tps
2026-08-05T23:14:12Z,compare-am-gp-n3-4-16-i-adv-mysql-1,mysqld-exporter,16011264,load_300tps
2026-08-05T23:14:12Z,compare-am-gp-n3-4-16-i-adv-mysql-1,slow-log-tailer,6557696,load_300tps
2026-08-05T23:14:12Z,compare-am-gp-n3-4-16-i-adv-mysql-1,do-agent,-1,load_300tps
2026-08-05T23:14:12Z,compare-am-gp-n3-4-16-i-adv-mysql-1,xtrabackup,679735296,load_300tps
2026-08-05T23:14:12Z,compare-am-gp-n3-4-16-i-adv-mysql-2,mysql,13195804672,load_300tps
2026-08-05T23:14:12Z,compare-am-gp-n3-4-16-i-adv-mysql-2,mysqld-exporter,15859712,load_300tps
2026-08-05T23:14:12Z,compare-am-gp-n3-4-16-i-adv-mysql-2,slow-log-tailer,2097152,load_300tps
2026-08-05T23:14:12Z,compare-am-gp-n3-4-16-i-adv-mysql-2,do-agent,-1,load_300tps
2026-08-05T23:14:12Z,compare-am-gp-n3-4-16-i-adv-mysql-2,xtrabackup,24453120,load_300tps
2026-08-05T23:14:45Z,compare-am-gp-n3-4-16-i-adv-mysql-0,mysql,13352439808,load_300tps
2026-08-05T23:14:45Z,compare-am-gp-n3-4-16-i-adv-mysql-0,mysqld-exporter,15765504,load_300tps
2026-08-05T23:14:45Z,compare-am-gp-n3-4-16-i-adv-mysql-0,slow-log-tailer,9076736,load_300tps
2026-08-05T23:14:45Z,compare-am-gp-n3-4-16-i-adv-mysql-0,do-agent,-1,load_300tps
2026-08-05T23:14:45Z,compare-am-gp-n3-4-16-i-adv-mysql-0,xtrabackup,18472960,load_300tps
2026-08-05T23:14:45Z,compare-am-gp-n3-4-16-i-adv-mysql-1,mysql,12342198272,load_300tps
2026-08-05T23:14:45Z,compare-am-gp-n3-4-16-i-adv-mysql-1,mysqld-exporter,16117760,load_300tps
2026-08-05T23:14:45Z,compare-am-gp-n3-4-16-i-adv-mysql-1,slow-log-tailer,6680576,load_300tps
2026-08-05T23:14:45Z,compare-am-gp-n3-4-16-i-adv-mysql-1,do-agent,-1,load_300tps
2026-08-05T23:14:45Z,compare-am-gp-n3-4-16-i-adv-mysql-1,xtrabackup,679886848,load_300tps
2026-08-05T23:14:45Z,compare-am-gp-n3-4-16-i-adv-mysql-2,mysql,13190688768,load_300tps
2026-08-05T23:14:45Z,compare-am-gp-n3-4-16-i-adv-mysql-2,mysqld-exporter,16142336,load_300tps
2026-08-05T23:14:45Z,compare-am-gp-n3-4-16-i-adv-mysql-2,slow-log-tailer,1777664,load_300tps
2026-08-05T23:14:45Z,compare-am-gp-n3-4-16-i-adv-mysql-2,do-agent,-1,load_300tps
2026-08-05T23:14:45Z,compare-am-gp-n3-4-16-i-adv-mysql-2,xtrabackup,24313856,load_300tps
2026-08-05T23:15:19Z,compare-am-gp-n3-4-16-i-adv-mysql-0,mysql,13357715456,load_300tps
2026-08-05T23:15:19Z,compare-am-gp-n3-4-16-i-adv-mysql-0,mysqld-exporter,15982592,load_300tps
2026-08-05T23:15:19Z,compare-am-gp-n3-4-16-i-adv-mysql-0,slow-log-tailer,9674752,load_300tps
2026-08-05T23:15:19Z,compare-am-gp-n3-4-16-i-adv-mysql-0,do-agent,-1,load_300tps
2026-08-05T23:15:19Z,compare-am-gp-n3-4-16-i-adv-mysql-0,xtrabackup,18571264,load_300tps
2026-08-05T23:15:19Z,compare-am-gp-n3-4-16-i-adv-mysql-1,mysql,12437651456,load_300tps
2026-08-05T23:15:19Z,compare-am-gp-n3-4-16-i-adv-mysql-1,mysqld-exporter,15974400,load_300tps
2026-08-05T23:15:19Z,compare-am-gp-n3-4-16-i-adv-mysql-1,slow-log-tailer,6561792,load_300tps
2026-08-05T23:15:19Z,compare-am-gp-n3-4-16-i-adv-mysql-1,do-agent,-1,load_300tps
2026-08-05T23:15:19Z,compare-am-gp-n3-4-16-i-adv-mysql-1,xtrabackup,679919616,load_300tps
2026-08-05T23:15:19Z,compare-am-gp-n3-4-16-i-adv-mysql-2,mysql,13185183744,load_300tps
2026-08-05T23:15:19Z,compare-am-gp-n3-4-16-i-adv-mysql-2,mysqld-exporter,16191488,load_300tps
2026-08-05T23:15:19Z,compare-am-gp-n3-4-16-i-adv-mysql-2,slow-log-tailer,1986560,load_300tps
2026-08-05T23:15:19Z,compare-am-gp-n3-4-16-i-adv-mysql-2,do-agent,-1,load_300tps
2026-08-05T23:15:19Z,compare-am-gp-n3-4-16-i-adv-mysql-2,xtrabackup,24485888,load_300tps
2026-08-05T23:15:53Z,compare-am-gp-n3-4-16-i-adv-mysql-0,mysql,13359898624,load_300tps
2026-08-05T23:15:53Z,compare-am-gp-n3-4-16-i-adv-mysql-0,mysqld-exporter,15896576,load_300tps
2026-08-05T23:15:53Z,compare-am-gp-n3-4-16-i-adv-mysql-0,slow-log-tailer,8409088,load_300tps
2026-08-05T23:15:53Z,compare-am-gp-n3-4-16-i-adv-mysql-0,do-agent,-1,load_300tps
2026-08-05T23:15:53Z,compare-am-gp-n3-4-16-i-adv-mysql-0,xtrabackup,18804736,load_300tps
2026-08-05T23:15:53Z,compare-am-gp-n3-4-16-i-adv-mysql-1,mysql,12265517056,load_300tps
2026-08-05T23:15:53Z,compare-am-gp-n3-4-16-i-adv-mysql-1,mysqld-exporter,15941632,load_300tps
2026-08-05T23:15:53Z,compare-am-gp-n3-4-16-i-adv-mysql-1,slow-log-tailer,6680576,load_300tps
2026-08-05T23:15:53Z,compare-am-gp-n3-4-16-i-adv-mysql-1,do-agent,-1,load_300tps
2026-08-05T23:15:53Z,compare-am-gp-n3-4-16-i-adv-mysql-1,xtrabackup,679706624,load_300tps
2026-08-05T23:15:53Z,compare-am-gp-n3-4-16-i-adv-mysql-2,mysql,13180477440,load_300tps
2026-08-05T23:15:53Z,compare-am-gp-n3-4-16-i-adv-mysql-2,mysqld-exporter,15769600,load_300tps
2026-08-05T23:15:53Z,compare-am-gp-n3-4-16-i-adv-mysql-2,slow-log-tailer,1839104,load_300tps
2026-08-05T23:15:53Z,compare-am-gp-n3-4-16-i-adv-mysql-2,do-agent,-1,load_300tps
2026-08-05T23:15:53Z,compare-am-gp-n3-4-16-i-adv-mysql-2,xtrabackup,24510464,load_300tps
2026-08-05T23:16:27Z,compare-am-gp-n3-4-16-i-adv-mysql-0,mysql,13365637120,load_300tps
2026-08-05T23:16:27Z,compare-am-gp-n3-4-16-i-adv-mysql-0,mysqld-exporter,16105472,load_300tps
2026-08-05T23:16:27Z,compare-am-gp-n3-4-16-i-adv-mysql-0,slow-log-tailer,9281536,load_300tps
2026-08-05T23:16:27Z,compare-am-gp-n3-4-16-i-adv-mysql-0,do-agent,-1,load_300tps
2026-08-05T23:16:27Z,compare-am-gp-n3-4-16-i-adv-mysql-0,xtrabackup,18808832,load_300tps
2026-08-05T23:16:27Z,compare-am-gp-n3-4-16-i-adv-mysql-1,mysql,12444864512,load_300tps
2026-08-05T23:16:27Z,compare-am-gp-n3-4-16-i-adv-mysql-1,mysqld-exporter,16101376,load_300tps
2026-08-05T23:16:27Z,compare-am-gp-n3-4-16-i-adv-mysql-1,slow-log-tailer,6885376,load_300tps
2026-08-05T23:16:27Z,compare-am-gp-n3-4-16-i-adv-mysql-1,do-agent,-1,load_300tps
2026-08-05T23:16:27Z,compare-am-gp-n3-4-16-i-adv-mysql-1,xtrabackup,679858176,load_300tps
2026-08-05T23:16:27Z,compare-am-gp-n3-4-16-i-adv-mysql-2,mysql,13195436032,load_300tps
2026-08-05T23:16:27Z,compare-am-gp-n3-4-16-i-adv-mysql-2,mysqld-exporter,15716352,load_300tps
2026-08-05T23:16:27Z,compare-am-gp-n3-4-16-i-adv-mysql-2,slow-log-tailer,1728512,load_300tps
2026-08-05T23:16:27Z,compare-am-gp-n3-4-16-i-adv-mysql-2,do-agent,-1,load_300tps
2026-08-05T23:16:27Z,compare-am-gp-n3-4-16-i-adv-mysql-2,xtrabackup,24457216,load_300tps
2026-08-05T23:17:00Z,compare-am-gp-n3-4-16-i-adv-mysql-0,mysql,13380513792,load_300tps
2026-08-05T23:17:00Z,compare-am-gp-n3-4-16-i-adv-mysql-0,mysqld-exporter,16130048,load_300tps
2026-08-05T23:17:00Z,compare-am-gp-n3-4-16-i-adv-mysql-0,slow-log-tailer,9797632,load_300tps
2026-08-05T23:17:00Z,compare-am-gp-n3-4-16-i-adv-mysql-0,do-agent,-1,load_300tps
2026-08-05T23:17:00Z,compare-am-gp-n3-4-16-i-adv-mysql-0,xtrabackup,18792448,load_300tps
2026-08-05T23:17:00Z,compare-am-gp-n3-4-16-i-adv-mysql-1,mysql,12338245632,load_300tps
2026-08-05T23:17:00Z,compare-am-gp-n3-4-16-i-adv-mysql-1,mysqld-exporter,15945728,load_300tps
2026-08-05T23:17:00Z,compare-am-gp-n3-4-16-i-adv-mysql-1,slow-log-tailer,6688768,load_300tps
2026-08-05T23:17:00Z,compare-am-gp-n3-4-16-i-adv-mysql-1,do-agent,-1,load_300tps
2026-08-05T23:17:00Z,compare-am-gp-n3-4-16-i-adv-mysql-1,xtrabackup,679821312,load_300tps
2026-08-05T23:17:00Z,compare-am-gp-n3-4-16-i-adv-mysql-2,mysql,13202169856,load_300tps
2026-08-05T23:17:00Z,compare-am-gp-n3-4-16-i-adv-mysql-2,mysqld-exporter,15642624,load_300tps
2026-08-05T23:17:00Z,compare-am-gp-n3-4-16-i-adv-mysql-2,slow-log-tailer,2023424,load_300tps
2026-08-05T23:17:00Z,compare-am-gp-n3-4-16-i-adv-mysql-2,do-agent,-1,load_300tps
2026-08-05T23:17:00Z,compare-am-gp-n3-4-16-i-adv-mysql-2,xtrabackup,24784896,load_300tps
2026-08-05T23:17:34Z,compare-am-gp-n3-4-16-i-adv-mysql-0,mysql,13380190208,load_300tps
2026-08-05T23:17:34Z,compare-am-gp-n3-4-16-i-adv-mysql-0,mysqld-exporter,16654336,load_300tps
2026-08-05T23:17:34Z,compare-am-gp-n3-4-16-i-adv-mysql-0,slow-log-tailer,8392704,load_300tps
2026-08-05T23:17:34Z,compare-am-gp-n3-4-16-i-adv-mysql-0,do-agent,-1,load_300tps
2026-08-05T23:17:34Z,compare-am-gp-n3-4-16-i-adv-mysql-0,xtrabackup,18792448,load_300tps
2026-08-05T23:17:34Z,compare-am-gp-n3-4-16-i-adv-mysql-1,mysql,12377272320,load_300tps
2026-08-05T23:17:34Z,compare-am-gp-n3-4-16-i-adv-mysql-1,mysqld-exporter,15548416,load_300tps
2026-08-05T23:17:34Z,compare-am-gp-n3-4-16-i-adv-mysql-1,slow-log-tailer,6680576,load_300tps
2026-08-05T23:17:34Z,compare-am-gp-n3-4-16-i-adv-mysql-1,do-agent,-1,load_300tps
2026-08-05T23:17:34Z,compare-am-gp-n3-4-16-i-adv-mysql-1,xtrabackup,679731200,load_300tps
2026-08-05T23:17:34Z,compare-am-gp-n3-4-16-i-adv-mysql-2,mysql,13206614016,load_300tps
2026-08-05T23:17:34Z,compare-am-gp-n3-4-16-i-adv-mysql-2,mysqld-exporter,16289792,load_300tps
2026-08-05T23:17:34Z,compare-am-gp-n3-4-16-i-adv-mysql-2,slow-log-tailer,1765376,load_300tps
2026-08-05T23:17:34Z,compare-am-gp-n3-4-16-i-adv-mysql-2,do-agent,-1,load_300tps
2026-08-05T23:17:34Z,compare-am-gp-n3-4-16-i-adv-mysql-2,xtrabackup,24518656,load_300tps
2026-08-05T23:18:08Z,compare-am-gp-n3-4-16-i-adv-mysql-0,mysql,13366284288,load_300tps
2026-08-05T23:18:08Z,compare-am-gp-n3-4-16-i-adv-mysql-0,mysqld-exporter,16678912,load_300tps
2026-08-05T23:18:08Z,compare-am-gp-n3-4-16-i-adv-mysql-0,slow-log-tailer,7122944,load_300tps
2026-08-05T23:18:08Z,compare-am-gp-n3-4-16-i-adv-mysql-0,do-agent,-1,load_300tps
2026-08-05T23:18:08Z,compare-am-gp-n3-4-16-i-adv-mysql-0,xtrabackup,18780160,load_300tps
2026-08-05T23:18:08Z,compare-am-gp-n3-4-16-i-adv-mysql-1,mysql,12355231744,load_300tps
2026-08-05T23:18:08Z,compare-am-gp-n3-4-16-i-adv-mysql-1,mysqld-exporter,15781888,load_300tps
2026-08-05T23:18:08Z,compare-am-gp-n3-4-16-i-adv-mysql-1,slow-log-tailer,6598656,load_300tps
2026-08-05T23:18:08Z,compare-am-gp-n3-4-16-i-adv-mysql-1,do-agent,-1,load_300tps
2026-08-05T23:18:08Z,compare-am-gp-n3-4-16-i-adv-mysql-1,xtrabackup,679837696,load_300tps
2026-08-05T23:18:08Z,compare-am-gp-n3-4-16-i-adv-mysql-2,mysql,13189210112,load_300tps
2026-08-05T23:18:08Z,compare-am-gp-n3-4-16-i-adv-mysql-2,mysqld-exporter,16269312,load_300tps
2026-08-05T23:18:08Z,compare-am-gp-n3-4-16-i-adv-mysql-2,slow-log-tailer,1835008,load_300tps
2026-08-05T23:18:08Z,compare-am-gp-n3-4-16-i-adv-mysql-2,do-agent,-1,load_300tps
2026-08-05T23:18:08Z,compare-am-gp-n3-4-16-i-adv-mysql-2,xtrabackup,24440832,load_300tps
2026-08-05T23:18:42Z,compare-am-gp-n3-4-16-i-adv-mysql-0,mysql,13325258752,load_300tps
2026-08-05T23:18:42Z,compare-am-gp-n3-4-16-i-adv-mysql-0,mysqld-exporter,16646144,load_300tps
2026-08-05T23:18:42Z,compare-am-gp-n3-4-16-i-adv-mysql-0,slow-log-tailer,8749056,load_300tps
2026-08-05T23:18:42Z,compare-am-gp-n3-4-16-i-adv-mysql-0,do-agent,-1,load_300tps
2026-08-05T23:18:42Z,compare-am-gp-n3-4-16-i-adv-mysql-0,xtrabackup,18800640,load_300tps
2026-08-05T23:18:42Z,compare-am-gp-n3-4-16-i-adv-mysql-1,mysql,12314181632,load_300tps
2026-08-05T23:18:42Z,compare-am-gp-n3-4-16-i-adv-mysql-1,mysqld-exporter,15679488,load_300tps
2026-08-05T23:18:42Z,compare-am-gp-n3-4-16-i-adv-mysql-1,slow-log-tailer,6721536,load_300tps
2026-08-05T23:18:42Z,compare-am-gp-n3-4-16-i-adv-mysql-1,do-agent,-1,load_300tps
2026-08-05T23:18:42Z,compare-am-gp-n3-4-16-i-adv-mysql-1,xtrabackup,679866368,load_300tps
2026-08-05T23:18:42Z,compare-am-gp-n3-4-16-i-adv-mysql-2,mysql,13182492672,load_300tps
2026-08-05T23:18:42Z,compare-am-gp-n3-4-16-i-adv-mysql-2,mysqld-exporter,16445440,load_300tps
2026-08-05T23:18:42Z,compare-am-gp-n3-4-16-i-adv-mysql-2,slow-log-tailer,1781760,load_300tps
2026-08-05T23:18:42Z,compare-am-gp-n3-4-16-i-adv-mysql-2,do-agent,-1,load_300tps
2026-08-05T23:18:42Z,compare-am-gp-n3-4-16-i-adv-mysql-2,xtrabackup,24612864,load_300tps
2026-08-05T23:19:15Z,compare-am-gp-n3-4-16-i-adv-mysql-0,mysql,13365010432,load_300tps
2026-08-05T23:19:15Z,compare-am-gp-n3-4-16-i-adv-mysql-0,mysqld-exporter,16613376,load_300tps
2026-08-05T23:19:15Z,compare-am-gp-n3-4-16-i-adv-mysql-0,slow-log-tailer,10117120,load_300tps
2026-08-05T23:19:15Z,compare-am-gp-n3-4-16-i-adv-mysql-0,do-agent,-1,load_300tps
2026-08-05T23:19:15Z,compare-am-gp-n3-4-16-i-adv-mysql-0,xtrabackup,18976768,load_300tps
2026-08-05T23:19:15Z,compare-am-gp-n3-4-16-i-adv-mysql-1,mysql,12418195456,load_300tps
2026-08-05T23:19:15Z,compare-am-gp-n3-4-16-i-adv-mysql-1,mysqld-exporter,14606336,load_300tps
2026-08-05T23:19:15Z,compare-am-gp-n3-4-16-i-adv-mysql-1,slow-log-tailer,6512640,load_300tps
2026-08-05T23:19:15Z,compare-am-gp-n3-4-16-i-adv-mysql-1,do-agent,-1,load_300tps
2026-08-05T23:19:15Z,compare-am-gp-n3-4-16-i-adv-mysql-1,xtrabackup,680005632,load_300tps
2026-08-05T23:19:15Z,compare-am-gp-n3-4-16-i-adv-mysql-2,mysql,13206134784,load_300tps
2026-08-05T23:19:15Z,compare-am-gp-n3-4-16-i-adv-mysql-2,mysqld-exporter,16363520,load_300tps
2026-08-05T23:19:15Z,compare-am-gp-n3-4-16-i-adv-mysql-2,slow-log-tailer,1818624,load_300tps
2026-08-05T23:19:15Z,compare-am-gp-n3-4-16-i-adv-mysql-2,do-agent,-1,load_300tps
2026-08-05T23:19:15Z,compare-am-gp-n3-4-16-i-adv-mysql-2,xtrabackup,24457216,load_300tps
2026-08-05T23:19:49Z,compare-am-gp-n3-4-16-i-adv-mysql-0,mysql,13327028224,load_300tps
2026-08-05T23:19:49Z,compare-am-gp-n3-4-16-i-adv-mysql-0,mysqld-exporter,15818752,load_300tps
2026-08-05T23:19:49Z,compare-am-gp-n3-4-16-i-adv-mysql-0,slow-log-tailer,8634368,load_300tps
2026-08-05T23:19:49Z,compare-am-gp-n3-4-16-i-adv-mysql-0,do-agent,-1,load_300tps
2026-08-05T23:19:49Z,compare-am-gp-n3-4-16-i-adv-mysql-0,xtrabackup,18935808,load_300tps
2026-08-05T23:19:49Z,compare-am-gp-n3-4-16-i-adv-mysql-1,mysql,12307054592,load_300tps
2026-08-05T23:19:49Z,compare-am-gp-n3-4-16-i-adv-mysql-1,mysqld-exporter,15769600,load_300tps
2026-08-05T23:19:49Z,compare-am-gp-n3-4-16-i-adv-mysql-1,slow-log-tailer,6676480,load_300tps
2026-08-05T23:19:49Z,compare-am-gp-n3-4-16-i-adv-mysql-1,do-agent,-1,load_300tps
2026-08-05T23:19:49Z,compare-am-gp-n3-4-16-i-adv-mysql-1,xtrabackup,679837696,load_300tps
2026-08-05T23:19:49Z,compare-am-gp-n3-4-16-i-adv-mysql-2,mysql,13199118336,load_300tps
2026-08-05T23:19:49Z,compare-am-gp-n3-4-16-i-adv-mysql-2,mysqld-exporter,15724544,load_300tps
2026-08-05T23:19:49Z,compare-am-gp-n3-4-16-i-adv-mysql-2,slow-log-tailer,1798144,load_300tps
2026-08-05T23:19:49Z,compare-am-gp-n3-4-16-i-adv-mysql-2,do-agent,-1,load_300tps
2026-08-05T23:19:49Z,compare-am-gp-n3-4-16-i-adv-mysql-2,xtrabackup,24457216,load_300tps
2026-08-05T23:20:22Z,compare-am-gp-n3-4-16-i-adv-mysql-0,mysql,13361102848,load_300tps
2026-08-05T23:20:22Z,compare-am-gp-n3-4-16-i-adv-mysql-0,mysqld-exporter,15917056,load_300tps
2026-08-05T23:20:22Z,compare-am-gp-n3-4-16-i-adv-mysql-0,slow-log-tailer,9293824,load_300tps
2026-08-05T23:20:22Z,compare-am-gp-n3-4-16-i-adv-mysql-0,do-agent,-1,load_300tps
2026-08-05T23:20:22Z,compare-am-gp-n3-4-16-i-adv-mysql-0,xtrabackup,18657280,load_300tps
2026-08-05T23:20:22Z,compare-am-gp-n3-4-16-i-adv-mysql-1,mysql,12454301696,load_300tps
2026-08-05T23:20:22Z,compare-am-gp-n3-4-16-i-adv-mysql-1,mysqld-exporter,15421440,load_300tps
2026-08-05T23:20:22Z,compare-am-gp-n3-4-16-i-adv-mysql-1,slow-log-tailer,6832128,load_300tps
2026-08-05T23:20:22Z,compare-am-gp-n3-4-16-i-adv-mysql-1,do-agent,-1,load_300tps
2026-08-05T23:20:22Z,compare-am-gp-n3-4-16-i-adv-mysql-1,xtrabackup,679714816,load_300tps
2026-08-05T23:20:22Z,compare-am-gp-n3-4-16-i-adv-mysql-2,mysql,13213954048,load_300tps
2026-08-05T23:20:22Z,compare-am-gp-n3-4-16-i-adv-mysql-2,mysqld-exporter,15384576,load_300tps
2026-08-05T23:20:22Z,compare-am-gp-n3-4-16-i-adv-mysql-2,slow-log-tailer,2002944,load_300tps
2026-08-05T23:20:22Z,compare-am-gp-n3-4-16-i-adv-mysql-2,do-agent,-1,load_300tps
2026-08-05T23:20:22Z,compare-am-gp-n3-4-16-i-adv-mysql-2,xtrabackup,24276992,load_300tps
2026-08-05T23:20:56Z,compare-am-gp-n3-4-16-i-adv-mysql-0,mysql,13367844864,load_300tps
2026-08-05T23:20:56Z,compare-am-gp-n3-4-16-i-adv-mysql-0,mysqld-exporter,15872000,load_300tps
2026-08-05T23:20:56Z,compare-am-gp-n3-4-16-i-adv-mysql-0,slow-log-tailer,8093696,load_300tps
2026-08-05T23:20:56Z,compare-am-gp-n3-4-16-i-adv-mysql-0,do-agent,-1,load_300tps
2026-08-05T23:20:56Z,compare-am-gp-n3-4-16-i-adv-mysql-0,xtrabackup,18640896,load_300tps
2026-08-05T23:20:56Z,compare-am-gp-n3-4-16-i-adv-mysql-1,mysql,12352135168,load_300tps
2026-08-05T23:20:56Z,compare-am-gp-n3-4-16-i-adv-mysql-1,mysqld-exporter,15454208,load_300tps
2026-08-05T23:20:56Z,compare-am-gp-n3-4-16-i-adv-mysql-1,slow-log-tailer,6602752,load_300tps
2026-08-05T23:20:56Z,compare-am-gp-n3-4-16-i-adv-mysql-1,do-agent,-1,load_300tps
2026-08-05T23:20:56Z,compare-am-gp-n3-4-16-i-adv-mysql-1,xtrabackup,679743488,load_300tps
2026-08-05T23:20:56Z,compare-am-gp-n3-4-16-i-adv-mysql-2,mysql,13209128960,load_300tps
2026-08-05T23:20:56Z,compare-am-gp-n3-4-16-i-adv-mysql-2,mysqld-exporter,15425536,load_300tps
2026-08-05T23:20:56Z,compare-am-gp-n3-4-16-i-adv-mysql-2,slow-log-tailer,1789952,load_300tps
2026-08-05T23:20:56Z,compare-am-gp-n3-4-16-i-adv-mysql-2,do-agent,-1,load_300tps
2026-08-05T23:20:56Z,compare-am-gp-n3-4-16-i-adv-mysql-2,xtrabackup,24674304,load_300tps
2026-08-05T23:21:30Z,compare-am-gp-n3-4-16-i-adv-mysql-0,mysql,13360041984,load_300tps
2026-08-05T23:21:30Z,compare-am-gp-n3-4-16-i-adv-mysql-0,mysqld-exporter,16252928,load_300tps
2026-08-05T23:21:30Z,compare-am-gp-n3-4-16-i-adv-mysql-0,slow-log-tailer,8343552,load_300tps
2026-08-05T23:21:30Z,compare-am-gp-n3-4-16-i-adv-mysql-0,do-agent,-1,load_300tps
2026-08-05T23:21:30Z,compare-am-gp-n3-4-16-i-adv-mysql-0,xtrabackup,19271680,load_300tps
2026-08-05T23:21:30Z,compare-am-gp-n3-4-16-i-adv-mysql-1,mysql,12415893504,load_300tps
2026-08-05T23:21:30Z,compare-am-gp-n3-4-16-i-adv-mysql-1,mysqld-exporter,16064512,load_300tps
2026-08-05T23:21:30Z,compare-am-gp-n3-4-16-i-adv-mysql-1,slow-log-tailer,6844416,load_300tps
2026-08-05T23:21:30Z,compare-am-gp-n3-4-16-i-adv-mysql-1,do-agent,-1,load_300tps
2026-08-05T23:21:30Z,compare-am-gp-n3-4-16-i-adv-mysql-1,xtrabackup,679718912,load_300tps
2026-08-05T23:21:30Z,compare-am-gp-n3-4-16-i-adv-mysql-2,mysql,13212655616,load_300tps
2026-08-05T23:21:30Z,compare-am-gp-n3-4-16-i-adv-mysql-2,mysqld-exporter,16015360,load_300tps
2026-08-05T23:21:30Z,compare-am-gp-n3-4-16-i-adv-mysql-2,slow-log-tailer,2007040,load_300tps
2026-08-05T23:21:30Z,compare-am-gp-n3-4-16-i-adv-mysql-2,do-agent,-1,load_300tps
2026-08-05T23:21:30Z,compare-am-gp-n3-4-16-i-adv-mysql-2,xtrabackup,24469504,load_300tps
2026-08-05T23:22:05Z,compare-am-gp-n3-4-16-i-adv-mysql-0,mysql,13353443328,load_300tps
2026-08-05T23:22:05Z,compare-am-gp-n3-4-16-i-adv-mysql-0,mysqld-exporter,16232448,load_300tps
2026-08-05T23:22:05Z,compare-am-gp-n3-4-16-i-adv-mysql-0,slow-log-tailer,8507392,load_300tps
2026-08-05T23:22:05Z,compare-am-gp-n3-4-16-i-adv-mysql-0,do-agent,-1,load_300tps
2026-08-05T23:22:05Z,compare-am-gp-n3-4-16-i-adv-mysql-0,xtrabackup,19267584,load_300tps
2026-08-05T23:22:05Z,compare-am-gp-n3-4-16-i-adv-mysql-1,mysql,12322607104,load_300tps
2026-08-05T23:22:05Z,compare-am-gp-n3-4-16-i-adv-mysql-1,mysqld-exporter,16068608,load_300tps
2026-08-05T23:22:05Z,compare-am-gp-n3-4-16-i-adv-mysql-1,slow-log-tailer,6594560,load_300tps
2026-08-05T23:22:05Z,compare-am-gp-n3-4-16-i-adv-mysql-1,do-agent,-1,load_300tps
2026-08-05T23:22:05Z,compare-am-gp-n3-4-16-i-adv-mysql-1,xtrabackup,679882752,load_300tps
2026-08-05T23:22:05Z,compare-am-gp-n3-4-16-i-adv-mysql-2,mysql,13181939712,load_300tps
2026-08-05T23:22:05Z,compare-am-gp-n3-4-16-i-adv-mysql-2,mysqld-exporter,16007168,load_300tps
2026-08-05T23:22:05Z,compare-am-gp-n3-4-16-i-adv-mysql-2,slow-log-tailer,1802240,load_300tps
2026-08-05T23:22:05Z,compare-am-gp-n3-4-16-i-adv-mysql-2,do-agent,-1,load_300tps
2026-08-05T23:22:05Z,compare-am-gp-n3-4-16-i-adv-mysql-2,xtrabackup,24555520,load_300tps
2026-08-05T23:22:40Z,compare-am-gp-n3-4-16-i-adv-mysql-0,mysql,13351043072,load_300tps
2026-08-05T23:22:40Z,compare-am-gp-n3-4-16-i-adv-mysql-0,mysqld-exporter,16240640,load_300tps
2026-08-05T23:22:40Z,compare-am-gp-n3-4-16-i-adv-mysql-0,slow-log-tailer,8433664,load_300tps
2026-08-05T23:22:40Z,compare-am-gp-n3-4-16-i-adv-mysql-0,do-agent,-1,load_300tps
2026-08-05T23:22:40Z,compare-am-gp-n3-4-16-i-adv-mysql-0,xtrabackup,19001344,load_300tps
2026-08-05T23:22:40Z,compare-am-gp-n3-4-16-i-adv-mysql-1,mysql,12393910272,load_300tps
2026-08-05T23:22:40Z,compare-am-gp-n3-4-16-i-adv-mysql-1,mysqld-exporter,16060416,load_300tps
2026-08-05T23:22:40Z,compare-am-gp-n3-4-16-i-adv-mysql-1,slow-log-tailer,6516736,load_300tps
2026-08-05T23:22:40Z,compare-am-gp-n3-4-16-i-adv-mysql-1,do-agent,-1,load_300tps
2026-08-05T23:22:40Z,compare-am-gp-n3-4-16-i-adv-mysql-1,xtrabackup,679796736,load_300tps
2026-08-05T23:22:40Z,compare-am-gp-n3-4-16-i-adv-mysql-2,mysql,13185699840,load_300tps
2026-08-05T23:22:40Z,compare-am-gp-n3-4-16-i-adv-mysql-2,mysqld-exporter,15839232,load_300tps
2026-08-05T23:22:40Z,compare-am-gp-n3-4-16-i-adv-mysql-2,slow-log-tailer,2162688,load_300tps
2026-08-05T23:22:40Z,compare-am-gp-n3-4-16-i-adv-mysql-2,do-agent,-1,load_300tps
2026-08-05T23:22:40Z,compare-am-gp-n3-4-16-i-adv-mysql-2,xtrabackup,24465408,load_300tps
2026-08-05T23:23:13Z,compare-am-gp-n3-4-16-i-adv-mysql-0,mysql,13357248512,load_300tps
2026-08-05T23:23:13Z,compare-am-gp-n3-4-16-i-adv-mysql-0,mysqld-exporter,16277504,load_300tps
2026-08-05T23:23:13Z,compare-am-gp-n3-4-16-i-adv-mysql-0,slow-log-tailer,9678848,load_300tps
2026-08-05T23:23:13Z,compare-am-gp-n3-4-16-i-adv-mysql-0,do-agent,-1,load_300tps
2026-08-05T23:23:13Z,compare-am-gp-n3-4-16-i-adv-mysql-0,xtrabackup,19034112,load_300tps
2026-08-05T23:23:13Z,compare-am-gp-n3-4-16-i-adv-mysql-1,mysql,12346073088,load_300tps
2026-08-05T23:23:13Z,compare-am-gp-n3-4-16-i-adv-mysql-1,mysqld-exporter,16064512,load_300tps
2026-08-05T23:23:13Z,compare-am-gp-n3-4-16-i-adv-mysql-1,slow-log-tailer,6520832,load_300tps
2026-08-05T23:23:13Z,compare-am-gp-n3-4-16-i-adv-mysql-1,do-agent,-1,load_300tps
2026-08-05T23:23:13Z,compare-am-gp-n3-4-16-i-adv-mysql-1,xtrabackup,679919616,load_300tps
2026-08-05T23:23:13Z,compare-am-gp-n3-4-16-i-adv-mysql-2,mysql,13183422464,load_300tps
2026-08-05T23:23:13Z,compare-am-gp-n3-4-16-i-adv-mysql-2,mysqld-exporter,15708160,load_300tps
2026-08-05T23:23:13Z,compare-am-gp-n3-4-16-i-adv-mysql-2,slow-log-tailer,1851392,load_300tps
2026-08-05T23:23:13Z,compare-am-gp-n3-4-16-i-adv-mysql-2,do-agent,-1,load_300tps
2026-08-05T23:23:13Z,compare-am-gp-n3-4-16-i-adv-mysql-2,xtrabackup,24449024,load_300tps
2026-08-05T23:23:47Z,compare-am-gp-n3-4-16-i-adv-mysql-0,mysql,13347020800,load_300tps
2026-08-05T23:23:47Z,compare-am-gp-n3-4-16-i-adv-mysql-0,mysqld-exporter,16191488,load_300tps
2026-08-05T23:23:47Z,compare-am-gp-n3-4-16-i-adv-mysql-0,slow-log-tailer,9818112,load_300tps
2026-08-05T23:23:47Z,compare-am-gp-n3-4-16-i-adv-mysql-0,do-agent,-1,load_300tps
2026-08-05T23:23:47Z,compare-am-gp-n3-4-16-i-adv-mysql-0,xtrabackup,18956288,load_300tps
2026-08-05T23:23:47Z,compare-am-gp-n3-4-16-i-adv-mysql-1,mysql,12286992384,load_300tps
2026-08-05T23:23:47Z,compare-am-gp-n3-4-16-i-adv-mysql-1,mysqld-exporter,16314368,load_300tps
2026-08-05T23:23:47Z,compare-am-gp-n3-4-16-i-adv-mysql-1,slow-log-tailer,6991872,load_300tps
2026-08-05T23:23:47Z,compare-am-gp-n3-4-16-i-adv-mysql-1,do-agent,-1,load_300tps
2026-08-05T23:23:47Z,compare-am-gp-n3-4-16-i-adv-mysql-1,xtrabackup,679940096,load_300tps
2026-08-05T23:23:47Z,compare-am-gp-n3-4-16-i-adv-mysql-2,mysql,13188685824,load_300tps
2026-08-05T23:23:47Z,compare-am-gp-n3-4-16-i-adv-mysql-2,mysqld-exporter,15716352,load_300tps
2026-08-05T23:23:47Z,compare-am-gp-n3-4-16-i-adv-mysql-2,slow-log-tailer,1937408,load_300tps
2026-08-05T23:23:47Z,compare-am-gp-n3-4-16-i-adv-mysql-2,do-agent,-1,load_300tps
2026-08-05T23:23:47Z,compare-am-gp-n3-4-16-i-adv-mysql-2,xtrabackup,24571904,load_300tps
2026-08-05T23:24:21Z,compare-am-gp-n3-4-16-i-adv-mysql-0,mysql,13354823680,load_300tps
2026-08-05T23:24:21Z,compare-am-gp-n3-4-16-i-adv-mysql-0,mysqld-exporter,16297984,load_300tps
2026-08-05T23:24:21Z,compare-am-gp-n3-4-16-i-adv-mysql-0,slow-log-tailer,11091968,load_300tps
2026-08-05T23:24:21Z,compare-am-gp-n3-4-16-i-adv-mysql-0,do-agent,-1,load_300tps
2026-08-05T23:24:21Z,compare-am-gp-n3-4-16-i-adv-mysql-0,xtrabackup,18743296,load_300tps
2026-08-05T23:24:21Z,compare-am-gp-n3-4-16-i-adv-mysql-1,mysql,12390178816,load_300tps
2026-08-05T23:24:21Z,compare-am-gp-n3-4-16-i-adv-mysql-1,mysqld-exporter,16424960,load_300tps
2026-08-05T23:24:21Z,compare-am-gp-n3-4-16-i-adv-mysql-1,slow-log-tailer,6676480,load_300tps
2026-08-05T23:24:21Z,compare-am-gp-n3-4-16-i-adv-mysql-1,do-agent,-1,load_300tps
2026-08-05T23:24:21Z,compare-am-gp-n3-4-16-i-adv-mysql-1,xtrabackup,679882752,load_300tps
2026-08-05T23:24:21Z,compare-am-gp-n3-4-16-i-adv-mysql-2,mysql,13193011200,load_300tps
2026-08-05T23:24:21Z,compare-am-gp-n3-4-16-i-adv-mysql-2,mysqld-exporter,15544320,load_300tps
2026-08-05T23:24:21Z,compare-am-gp-n3-4-16-i-adv-mysql-2,slow-log-tailer,1933312,load_300tps
2026-08-05T23:24:21Z,compare-am-gp-n3-4-16-i-adv-mysql-2,do-agent,-1,load_300tps
2026-08-05T23:24:21Z,compare-am-gp-n3-4-16-i-adv-mysql-2,xtrabackup,24494080,load_300tps
2026-08-05T23:24:55Z,compare-am-gp-n3-4-16-i-adv-mysql-0,mysql,13353721856,load_300tps
2026-08-05T23:24:55Z,compare-am-gp-n3-4-16-i-adv-mysql-0,mysqld-exporter,16293888,load_300tps
2026-08-05T23:24:55Z,compare-am-gp-n3-4-16-i-adv-mysql-0,slow-log-tailer,8990720,load_300tps
2026-08-05T23:24:55Z,compare-am-gp-n3-4-16-i-adv-mysql-0,do-agent,-1,load_300tps
2026-08-05T23:24:55Z,compare-am-gp-n3-4-16-i-adv-mysql-0,xtrabackup,19013632,load_300tps
2026-08-05T23:24:55Z,compare-am-gp-n3-4-16-i-adv-mysql-1,mysql,12330643456,load_300tps
2026-08-05T23:24:55Z,compare-am-gp-n3-4-16-i-adv-mysql-1,mysqld-exporter,16158720,load_300tps
2026-08-05T23:24:55Z,compare-am-gp-n3-4-16-i-adv-mysql-1,slow-log-tailer,6664192,load_300tps
2026-08-05T23:24:55Z,compare-am-gp-n3-4-16-i-adv-mysql-1,do-agent,-1,load_300tps
2026-08-05T23:24:55Z,compare-am-gp-n3-4-16-i-adv-mysql-1,xtrabackup,679907328,load_300tps
2026-08-05T23:24:55Z,compare-am-gp-n3-4-16-i-adv-mysql-2,mysql,13203886080,load_300tps
2026-08-05T23:24:55Z,compare-am-gp-n3-4-16-i-adv-mysql-2,mysqld-exporter,15585280,load_300tps
2026-08-05T23:24:55Z,compare-am-gp-n3-4-16-i-adv-mysql-2,slow-log-tailer,1822720,load_300tps
2026-08-05T23:24:55Z,compare-am-gp-n3-4-16-i-adv-mysql-2,do-agent,-1,load_300tps
2026-08-05T23:24:55Z,compare-am-gp-n3-4-16-i-adv-mysql-2,xtrabackup,24567808,load_300tps
2026-08-05T23:25:29Z,compare-am-gp-n3-4-16-i-adv-mysql-0,mysql,13365141504,load_300tps
2026-08-05T23:25:29Z,compare-am-gp-n3-4-16-i-adv-mysql-0,mysqld-exporter,16728064,load_300tps
2026-08-05T23:25:29Z,compare-am-gp-n3-4-16-i-adv-mysql-0,slow-log-tailer,7360512,load_300tps
2026-08-05T23:25:29Z,compare-am-gp-n3-4-16-i-adv-mysql-0,do-agent,-1,load_300tps
2026-08-05T23:25:29Z,compare-am-gp-n3-4-16-i-adv-mysql-0,xtrabackup,18853888,load_300tps
2026-08-05T23:25:29Z,compare-am-gp-n3-4-16-i-adv-mysql-1,mysql,12454608896,load_300tps
2026-08-05T23:25:29Z,compare-am-gp-n3-4-16-i-adv-mysql-1,mysqld-exporter,16097280,load_300tps
2026-08-05T23:25:29Z,compare-am-gp-n3-4-16-i-adv-mysql-1,slow-log-tailer,6684672,load_300tps
2026-08-05T23:25:29Z,compare-am-gp-n3-4-16-i-adv-mysql-1,do-agent,-1,load_300tps
2026-08-05T23:25:29Z,compare-am-gp-n3-4-16-i-adv-mysql-1,xtrabackup,679915520,load_300tps
2026-08-05T23:25:29Z,compare-am-gp-n3-4-16-i-adv-mysql-2,mysql,13191086080,load_300tps
2026-08-05T23:25:29Z,compare-am-gp-n3-4-16-i-adv-mysql-2,mysqld-exporter,15572992,load_300tps
2026-08-05T23:25:29Z,compare-am-gp-n3-4-16-i-adv-mysql-2,slow-log-tailer,1949696,load_300tps
2026-08-05T23:25:29Z,compare-am-gp-n3-4-16-i-adv-mysql-2,do-agent,-1,load_300tps
2026-08-05T23:25:29Z,compare-am-gp-n3-4-16-i-adv-mysql-2,xtrabackup,24666112,load_300tps
2026-08-05T23:26:03Z,compare-am-gp-n3-4-16-i-adv-mysql-0,mysql,13324193792,load_300tps
2026-08-05T23:26:03Z,compare-am-gp-n3-4-16-i-adv-mysql-0,mysqld-exporter,16773120,load_300tps
2026-08-05T23:26:03Z,compare-am-gp-n3-4-16-i-adv-mysql-0,slow-log-tailer,10850304,load_300tps
2026-08-05T23:26:03Z,compare-am-gp-n3-4-16-i-adv-mysql-0,do-agent,-1,load_300tps
2026-08-05T23:26:03Z,compare-am-gp-n3-4-16-i-adv-mysql-0,xtrabackup,18849792,load_300tps
2026-08-05T23:26:03Z,compare-am-gp-n3-4-16-i-adv-mysql-1,mysql,12300636160,load_300tps
2026-08-05T23:26:03Z,compare-am-gp-n3-4-16-i-adv-mysql-1,mysqld-exporter,16183296,load_300tps
2026-08-05T23:26:03Z,compare-am-gp-n3-4-16-i-adv-mysql-1,slow-log-tailer,6688768,load_300tps
2026-08-05T23:26:03Z,compare-am-gp-n3-4-16-i-adv-mysql-1,do-agent,-1,load_300tps
2026-08-05T23:26:03Z,compare-am-gp-n3-4-16-i-adv-mysql-1,xtrabackup,679845888,load_300tps
2026-08-05T23:26:03Z,compare-am-gp-n3-4-16-i-adv-mysql-2,mysql,13181222912,load_300tps
2026-08-05T23:26:03Z,compare-am-gp-n3-4-16-i-adv-mysql-2,mysqld-exporter,15654912,load_300tps
2026-08-05T23:26:03Z,compare-am-gp-n3-4-16-i-adv-mysql-2,slow-log-tailer,2080768,load_300tps
2026-08-05T23:26:03Z,compare-am-gp-n3-4-16-i-adv-mysql-2,do-agent,-1,load_300tps
2026-08-05T23:26:03Z,compare-am-gp-n3-4-16-i-adv-mysql-2,xtrabackup,24489984,load_300tps
2026-08-05T23:26:37Z,compare-am-gp-n3-4-16-i-adv-mysql-0,mysql,13334847488,load_300tps
2026-08-05T23:26:37Z,compare-am-gp-n3-4-16-i-adv-mysql-0,mysqld-exporter,16740352,load_300tps
2026-08-05T23:26:37Z,compare-am-gp-n3-4-16-i-adv-mysql-0,slow-log-tailer,8298496,load_300tps
2026-08-05T23:26:37Z,compare-am-gp-n3-4-16-i-adv-mysql-0,do-agent,-1,load_300tps
2026-08-05T23:26:37Z,compare-am-gp-n3-4-16-i-adv-mysql-0,xtrabackup,18747392,load_300tps
2026-08-05T23:26:37Z,compare-am-gp-n3-4-16-i-adv-mysql-1,mysql,12428161024,load_300tps
2026-08-05T23:26:37Z,compare-am-gp-n3-4-16-i-adv-mysql-1,mysqld-exporter,16199680,load_300tps
2026-08-05T23:26:37Z,compare-am-gp-n3-4-16-i-adv-mysql-1,slow-log-tailer,6529024,load_300tps
2026-08-05T23:26:37Z,compare-am-gp-n3-4-16-i-adv-mysql-1,do-agent,-1,load_300tps
2026-08-05T23:26:37Z,compare-am-gp-n3-4-16-i-adv-mysql-1,xtrabackup,679829504,load_300tps
2026-08-05T23:26:37Z,compare-am-gp-n3-4-16-i-adv-mysql-2,mysql,13199515648,load_300tps
2026-08-05T23:26:37Z,compare-am-gp-n3-4-16-i-adv-mysql-2,mysqld-exporter,15634432,load_300tps
2026-08-05T23:26:37Z,compare-am-gp-n3-4-16-i-adv-mysql-2,slow-log-tailer,2252800,load_300tps
2026-08-05T23:26:37Z,compare-am-gp-n3-4-16-i-adv-mysql-2,do-agent,-1,load_300tps
2026-08-05T23:26:37Z,compare-am-gp-n3-4-16-i-adv-mysql-2,xtrabackup,24453120,load_300tps
2026-08-05T23:27:11Z,compare-am-gp-n3-4-16-i-adv-mysql-0,mysql,13362442240,load_300tps
2026-08-05T23:27:11Z,compare-am-gp-n3-4-16-i-adv-mysql-0,mysqld-exporter,16539648,load_300tps
2026-08-05T23:27:11Z,compare-am-gp-n3-4-16-i-adv-mysql-0,slow-log-tailer,9310208,load_300tps
2026-08-05T23:27:11Z,compare-am-gp-n3-4-16-i-adv-mysql-0,do-agent,-1,load_300tps
2026-08-05T23:27:11Z,compare-am-gp-n3-4-16-i-adv-mysql-0,xtrabackup,18739200,load_300tps
2026-08-05T23:27:11Z,compare-am-gp-n3-4-16-i-adv-mysql-1,mysql,12391473152,load_300tps
2026-08-05T23:27:11Z,compare-am-gp-n3-4-16-i-adv-mysql-1,mysqld-exporter,16068608,load_300tps
2026-08-05T23:27:11Z,compare-am-gp-n3-4-16-i-adv-mysql-1,slow-log-tailer,6647808,load_300tps
2026-08-05T23:27:11Z,compare-am-gp-n3-4-16-i-adv-mysql-1,do-agent,-1,load_300tps
2026-08-05T23:27:11Z,compare-am-gp-n3-4-16-i-adv-mysql-1,xtrabackup,680443904,load_300tps
2026-08-05T23:27:11Z,compare-am-gp-n3-4-16-i-adv-mysql-2,mysql,13185544192,load_300tps
2026-08-05T23:27:11Z,compare-am-gp-n3-4-16-i-adv-mysql-2,mysqld-exporter,15622144,load_300tps
2026-08-05T23:27:11Z,compare-am-gp-n3-4-16-i-adv-mysql-2,slow-log-tailer,1871872,load_300tps
2026-08-05T23:27:11Z,compare-am-gp-n3-4-16-i-adv-mysql-2,do-agent,-1,load_300tps
2026-08-05T23:27:11Z,compare-am-gp-n3-4-16-i-adv-mysql-2,xtrabackup,24653824,load_300tps
2026-08-05T23:27:44Z,compare-am-gp-n3-4-16-i-adv-mysql-0,mysql,13358927872,load_300tps
2026-08-05T23:27:44Z,compare-am-gp-n3-4-16-i-adv-mysql-0,mysqld-exporter,16773120,load_300tps
2026-08-05T23:27:44Z,compare-am-gp-n3-4-16-i-adv-mysql-0,slow-log-tailer,8499200,load_300tps
2026-08-05T23:27:44Z,compare-am-gp-n3-4-16-i-adv-mysql-0,do-agent,-1,load_300tps
2026-08-05T23:27:44Z,compare-am-gp-n3-4-16-i-adv-mysql-0,xtrabackup,18722816,load_300tps
2026-08-05T23:27:44Z,compare-am-gp-n3-4-16-i-adv-mysql-1,mysql,12356526080,load_300tps
2026-08-05T23:27:44Z,compare-am-gp-n3-4-16-i-adv-mysql-1,mysqld-exporter,15613952,load_300tps
2026-08-05T23:27:44Z,compare-am-gp-n3-4-16-i-adv-mysql-1,slow-log-tailer,6918144,load_300tps
2026-08-05T23:27:44Z,compare-am-gp-n3-4-16-i-adv-mysql-1,do-agent,-1,load_300tps
2026-08-05T23:27:44Z,compare-am-gp-n3-4-16-i-adv-mysql-1,xtrabackup,681136128,load_300tps
2026-08-05T23:27:44Z,compare-am-gp-n3-4-16-i-adv-mysql-2,mysql,13205319680,load_300tps
2026-08-05T23:27:44Z,compare-am-gp-n3-4-16-i-adv-mysql-2,mysqld-exporter,15495168,load_300tps
2026-08-05T23:27:44Z,compare-am-gp-n3-4-16-i-adv-mysql-2,slow-log-tailer,1789952,load_300tps
2026-08-05T23:27:44Z,compare-am-gp-n3-4-16-i-adv-mysql-2,do-agent,-1,load_300tps
2026-08-05T23:27:44Z,compare-am-gp-n3-4-16-i-adv-mysql-2,xtrabackup,24592384,load_300tps
2026-08-05T23:28:18Z,compare-am-gp-n3-4-16-i-adv-mysql-0,mysql,13346660352,load_300tps
2026-08-05T23:28:18Z,compare-am-gp-n3-4-16-i-adv-mysql-0,mysqld-exporter,16867328,load_300tps
2026-08-05T23:28:18Z,compare-am-gp-n3-4-16-i-adv-mysql-0,slow-log-tailer,9973760,load_300tps
2026-08-05T23:28:18Z,compare-am-gp-n3-4-16-i-adv-mysql-0,do-agent,-1,load_300tps
2026-08-05T23:28:18Z,compare-am-gp-n3-4-16-i-adv-mysql-0,xtrabackup,18620416,load_300tps
2026-08-05T23:28:18Z,compare-am-gp-n3-4-16-i-adv-mysql-1,mysql,12415021056,load_300tps
2026-08-05T23:28:18Z,compare-am-gp-n3-4-16-i-adv-mysql-1,mysqld-exporter,15753216,load_300tps
2026-08-05T23:28:18Z,compare-am-gp-n3-4-16-i-adv-mysql-1,slow-log-tailer,6725632,load_300tps
2026-08-05T23:28:18Z,compare-am-gp-n3-4-16-i-adv-mysql-1,do-agent,-1,load_300tps
2026-08-05T23:28:18Z,compare-am-gp-n3-4-16-i-adv-mysql-1,xtrabackup,681967616,load_300tps
2026-08-05T23:28:18Z,compare-am-gp-n3-4-16-i-adv-mysql-2,mysql,13188722688,load_300tps
2026-08-05T23:28:18Z,compare-am-gp-n3-4-16-i-adv-mysql-2,mysqld-exporter,15577088,load_300tps
2026-08-05T23:28:18Z,compare-am-gp-n3-4-16-i-adv-mysql-2,slow-log-tailer,1921024,load_300tps
2026-08-05T23:28:18Z,compare-am-gp-n3-4-16-i-adv-mysql-2,do-agent,-1,load_300tps
2026-08-05T23:28:18Z,compare-am-gp-n3-4-16-i-adv-mysql-2,xtrabackup,24510464,load_300tps
2026-08-05T23:28:52Z,compare-am-gp-n3-4-16-i-adv-mysql-0,mysql,13355667456,load_300tps
2026-08-05T23:28:52Z,compare-am-gp-n3-4-16-i-adv-mysql-0,mysqld-exporter,16891904,load_300tps
2026-08-05T23:28:52Z,compare-am-gp-n3-4-16-i-adv-mysql-0,slow-log-tailer,9527296,load_300tps
2026-08-05T23:28:52Z,compare-am-gp-n3-4-16-i-adv-mysql-0,do-agent,-1,load_300tps
2026-08-05T23:28:52Z,compare-am-gp-n3-4-16-i-adv-mysql-0,xtrabackup,18714624,load_300tps
2026-08-05T23:28:52Z,compare-am-gp-n3-4-16-i-adv-mysql-1,mysql,12271284224,load_300tps
2026-08-05T23:28:52Z,compare-am-gp-n3-4-16-i-adv-mysql-1,mysqld-exporter,15708160,load_300tps
2026-08-05T23:28:52Z,compare-am-gp-n3-4-16-i-adv-mysql-1,slow-log-tailer,6582272,load_300tps
2026-08-05T23:28:52Z,compare-am-gp-n3-4-16-i-adv-mysql-1,do-agent,-1,load_300tps
2026-08-05T23:28:52Z,compare-am-gp-n3-4-16-i-adv-mysql-1,xtrabackup,682909696,load_300tps
2026-08-05T23:28:52Z,compare-am-gp-n3-4-16-i-adv-mysql-2,mysql,13184987136,load_300tps
2026-08-05T23:28:52Z,compare-am-gp-n3-4-16-i-adv-mysql-2,mysqld-exporter,15626240,load_300tps
2026-08-05T23:28:52Z,compare-am-gp-n3-4-16-i-adv-mysql-2,slow-log-tailer,1916928,load_300tps
2026-08-05T23:28:52Z,compare-am-gp-n3-4-16-i-adv-mysql-2,do-agent,-1,load_300tps
2026-08-05T23:28:52Z,compare-am-gp-n3-4-16-i-adv-mysql-2,xtrabackup,24707072,load_300tps
